





Gfx Intro_clown_car_bg_i8_aligner[] = {gsSPEndDisplayList()};
u8 Intro_clown_car_bg_i8[] = {
	0xc8, 0xc8, 0xc8, 0xc8, 0xc8, 0xc8, 0xc8, 0xc8, 
	0xc8, 0xc8, 0xc8, 0xc8, 0xc8, 0xc8, 0xc8, 0xc8, 
	0xc8, 0xc8, 0xc8, 0xc8, 0xc8, 0xc8, 0xc8, 0xc8, 
	0xc8, 0xc8, 0xc8, 0xc7, 0xc8, 0xc7, 0xc8, 0xc7, 
	0xc7, 0xc7, 0xc7, 0xc7, 0xc6, 0xc6, 0xc6, 0xc6, 
	0xc5, 0xc5, 0xc5, 0xc4, 0xc4, 0xc3, 0xc3, 0xc2, 
	0xc2, 0xc1, 0xc1, 0xc0, 0xbf, 0xbf, 0xbe, 0xbd, 
	0xbc, 0xbb, 0xbb, 0xba, 0xb9, 0xb8, 0xb6, 0xb5, 
	0xc8, 0xc8, 0xc8, 0xc8, 0xc8, 0xc8, 0xc8, 0xc8, 
	0xc8, 0xc8, 0xc8, 0xc8, 0xc8, 0xc8, 0xc8, 0xc8, 
	0xc8, 0xc8, 0xc8, 0xc8, 0xc8, 0xc8, 0xc8, 0xc8, 
	0xc8, 0xc8, 0xc8, 0xc8, 0xc8, 0xc8, 0xc8, 0xc7, 
	0xc7, 0xc7, 0xc7, 0xc7, 0xc7, 0xc6, 0xc6, 0xc6, 
	0xc5, 0xc5, 0xc5, 0xc5, 0xc4, 0xc4, 0xc3, 0xc3, 
	0xc2, 0xc2, 0xc1, 0xc1, 0xc0, 0xbf, 0xbf, 0xbe, 
	0xbd, 0xbc, 0xbb, 0xba, 0xb9, 0xb8, 0xb7, 0xb6, 
	0xc8, 0xc8, 0xc8, 0xc8, 0xc8, 0xc8, 0xc8, 0xc8, 
	0xc8, 0xc8, 0xc8, 0xc8, 0xc8, 0xc8, 0xc8, 0xc8, 
	0xc8, 0xc8, 0xc8, 0xc8, 0xc8, 0xc8, 0xc8, 0xc8, 
	0xc8, 0xc8, 0xc8, 0xc8, 0xc8, 0xc8, 0xc8, 0xc8, 
	0xc8, 0xc7, 0xc7, 0xc7, 0xc7, 0xc7, 0xc6, 0xc6, 
	0xc6, 0xc5, 0xc5, 0xc5, 0xc4, 0xc4, 0xc3, 0xc3, 
	0xc3, 0xc2, 0xc2, 0xc1, 0xc0, 0xc0, 0xbf, 0xbe, 
	0xbe, 0xbd, 0xbc, 0xbb, 0xba, 0xb9, 0xb8, 0xb7, 
	0xc8, 0xc8, 0xc8, 0xc8, 0xc8, 0xc8, 0xc8, 0xc8, 
	0xc8, 0xc8, 0xc8, 0xc8, 0xc8, 0xc8, 0xc8, 0xc8, 
	0xc8, 0xc8, 0xc8, 0xc8, 0xc8, 0xc8, 0xc8, 0xc8, 
	0xc8, 0xc8, 0xc8, 0xc8, 0xc8, 0xc8, 0xc8, 0xc8, 
	0xc8, 0xc7, 0xc7, 0xc7, 0xc7, 0xc7, 0xc6, 0xc6, 
	0xc6, 0xc6, 0xc5, 0xc5, 0xc5, 0xc4, 0xc4, 0xc3, 
	0xc3, 0xc2, 0xc2, 0xc1, 0xc1, 0xc0, 0xc0, 0xbf, 
	0xbe, 0xbe, 0xbd, 0xbc, 0xbb, 0xba, 0xb9, 0xb8, 
	0xc8, 0xc8, 0xc8, 0xc8, 0xc8, 0xc8, 0xc8, 0xc8, 
	0xc8, 0xc8, 0xc8, 0xc8, 0xc8, 0xc8, 0xc8, 0xc8, 
	0xc8, 0xc8, 0xc8, 0xc8, 0xc8, 0xc8, 0xc8, 0xc8, 
	0xc8, 0xc8, 0xc8, 0xc8, 0xc8, 0xc8, 0xc8, 0xc8, 
	0xc8, 0xc7, 0xc7, 0xc7, 0xc7, 0xc7, 0xc6, 0xc6, 
	0xc6, 0xc6, 0xc6, 0xc5, 0xc5, 0xc5, 0xc4, 0xc4, 
	0xc3, 0xc3, 0xc2, 0xc2, 0xc1, 0xc0, 0xc0, 0xbf, 
	0xbf, 0xbe, 0xbd, 0xbd, 0xbc, 0xba, 0xba, 0xb9, 
	0xc8, 0xc8, 0xc8, 0xc8, 0xc8, 0xc8, 0xc8, 0xc8, 
	0xc8, 0xc8, 0xc8, 0xc8, 0xc8, 0xc8, 0xc8, 0xc8, 
	0xc8, 0xc8, 0xc8, 0xc8, 0xc8, 0xc8, 0xc8, 0xc8, 
	0xc8, 0xc8, 0xc8, 0xc8, 0xc8, 0xc8, 0xc8, 0xc8, 
	0xc8, 0xc8, 0xc8, 0xc7, 0xc7, 0xc7, 0xc7, 0xc7, 
	0xc6, 0xc6, 0xc6, 0xc5, 0xc5, 0xc5, 0xc4, 0xc4, 
	0xc4, 0xc3, 0xc3, 0xc2, 0xc2, 0xc1, 0xc1, 0xc0, 
	0xbf, 0xbe, 0xbe, 0xbd, 0xbc, 0xbc, 0xbb, 0xba, 
	0xc8, 0xc8, 0xc8, 0xc8, 0xc8, 0xc8, 0xc8, 0xc8, 
	0xc8, 0xc8, 0xc8, 0xc8, 0xc8, 0xc8, 0xc8, 0xc8, 
	0xc8, 0xc8, 0xc9, 0xc8, 0xc8, 0xc8, 0xc8, 0xc8, 
	0xc8, 0xc8, 0xc8, 0xc8, 0xc8, 0xc8, 0xc8, 0xc8, 
	0xc8, 0xc8, 0xc8, 0xc7, 0xc7, 0xc7, 0xc7, 0xc7, 
	0xc7, 0xc6, 0xc6, 0xc6, 0xc5, 0xc5, 0xc5, 0xc4, 
	0xc4, 0xc3, 0xc3, 0xc3, 0xc2, 0xc1, 0xc1, 0xc0, 
	0xbf, 0xbf, 0xbe, 0xbe, 0xbd, 0xbc, 0xbb, 0xbb, 
	0xc8, 0xc9, 0xc8, 0xc8, 0xc8, 0xc8, 0xc9, 0xc8, 
	0xc9, 0xc9, 0xc8, 0xc8, 0xc9, 0xc9, 0xc8, 0xc8, 
	0xc8, 0xc9, 0xc8, 0xc8, 0xc8, 0xc9, 0xc9, 0xc8, 
	0xc8, 0xc9, 0xc9, 0xc8, 0xc8, 0xc8, 0xc8, 0xc8, 
	0xc8, 0xc8, 0xc8, 0xc8, 0xc8, 0xc7, 0xc7, 0xc7, 
	0xc7, 0xc6, 0xc6, 0xc6, 0xc5, 0xc5, 0xc5, 0xc4, 
	0xc4, 0xc4, 0xc3, 0xc3, 0xc2, 0xc2, 0xc1, 0xc1, 
	0xc0, 0xbf, 0xbf, 0xbe, 0xbd, 0xbd, 0xbc, 0xbb, 
	0xc8, 0xc8, 0xc8, 0xc8, 0xc8, 0xc8, 0xc8, 0xc8, 
	0xc8, 0xc9, 0xc9, 0xc9, 0xc9, 0xc8, 0xc8, 0xc8, 
	0xc8, 0xc8, 0xc8, 0xc9, 0xc9, 0xc8, 0xc9, 0xc9, 
	0xc8, 0xc8, 0xc8, 0xc8, 0xc8, 0xc8, 0xc8, 0xc8, 
	0xc8, 0xc8, 0xc8, 0xc8, 0xc7, 0xc7, 0xc7, 0xc7, 
	0xc7, 0xc6, 0xc6, 0xc6, 0xc5, 0xc5, 0xc5, 0xc4, 
	0xc4, 0xc4, 0xc3, 0xc3, 0xc2, 0xc2, 0xc1, 0xc1, 
	0xc0, 0xc0, 0xbf, 0xbe, 0xbe, 0xbd, 0xbc, 0xbb, 
	0xc8, 0xc8, 0xc8, 0xc8, 0xc8, 0xc8, 0xc8, 0xc8, 
	0xc8, 0xc8, 0xc8, 0xc8, 0xc8, 0xc8, 0xc8, 0xc8, 
	0xc8, 0xc9, 0xc8, 0xc8, 0xc8, 0xc8, 0xc8, 0xc8, 
	0xc8, 0xc8, 0xc8, 0xc8, 0xc8, 0xc8, 0xc8, 0xc8, 
	0xc8, 0xc8, 0xc8, 0xc8, 0xc7, 0xc7, 0xc7, 0xc7, 
	0xc6, 0xc6, 0xc6, 0xc6, 0xc5, 0xc5, 0xc5, 0xc4, 
	0xc4, 0xc3, 0xc3, 0xc3, 0xc2, 0xc2, 0xc1, 0xc1, 
	0xc0, 0xbf, 0xbf, 0xbe, 0xbd, 0xbd, 0xbc, 0xbb, 
	0xc8, 0xc8, 0xc8, 0xc8, 0xc8, 0xc8, 0xc8, 0xc8, 
	0xc8, 0xc8, 0xc8, 0xc8, 0xc8, 0xc8, 0xc8, 0xc8, 
	0xc8, 0xc8, 0xc8, 0xc8, 0xc8, 0xc8, 0xc8, 0xc8, 
	0xc8, 0xc8, 0xc8, 0xc8, 0xc8, 0xc8, 0xc8, 0xc8, 
	0xc7, 0xc8, 0xc8, 0xc7, 0xc7, 0xc7, 0xc7, 0xc6, 
	0xc6, 0xc6, 0xc6, 0xc5, 0xc5, 0xc5, 0xc4, 0xc4, 
	0xc4, 0xc3, 0xc3, 0xc3, 0xc2, 0xc1, 0xc1, 0xc0, 
	0xc0, 0xbf, 0xbf, 0xbe, 0xbd, 0xbc, 0xbb, 0xbb, 
	0xc8, 0xc8, 0xc8, 0xc8, 0xc8, 0xc8, 0xc8, 0xc8, 
	0xc8, 0xc8, 0xc8, 0xc8, 0xc8, 0xc8, 0xc8, 0xc8, 
	0xc8, 0xc8, 0xc8, 0xc8, 0xc8, 0xc8, 0xc8, 0xc8, 
	0xc8, 0xc8, 0xc8, 0xc8, 0xc8, 0xc8, 0xc8, 0xc8, 
	0xc8, 0xc8, 0xc7, 0xc7, 0xc7, 0xc7, 0xc7, 0xc6, 
	0xc6, 0xc6, 0xc5, 0xc5, 0xc5, 0xc5, 0xc4, 0xc4, 
	0xc4, 0xc3, 0xc3, 0xc2, 0xc1, 0xc1, 0xc1, 0xc0, 
	0xbf, 0xbf, 0xbe, 0xbd, 0xbd, 0xbc, 0xbb, 0xba, 
	0xc8, 0xc8, 0xc8, 0xc8, 0xc8, 0xc8, 0xc8, 0xc8, 
	0xc8, 0xc8, 0xc8, 0xc8, 0xc8, 0xc8, 0xc8, 0xc8, 
	0xc8, 0xc8, 0xc8, 0xc8, 0xc8, 0xc8, 0xc8, 0xc8, 
	0xc8, 0xc8, 0xc8, 0xc8, 0xc8, 0xc8, 0xc8, 0xc8, 
	0xc7, 0xc7, 0xc7, 0xc7, 0xc7, 0xc7, 0xc7, 0xc6, 
	0xc6, 0xc6, 0xc5, 0xc5, 0xc5, 0xc5, 0xc4, 0xc4, 
	0xc4, 0xc3, 0xc3, 0xc2, 0xc2, 0xc1, 0xc1, 0xc0, 
	0xbf, 0xbf, 0xbe, 0xbd, 0xbd, 0xbc, 0xbb, 0xba, 
	0xc8, 0xc8, 0xc8, 0xc8, 0xc8, 0xc8, 0xc8, 0xc8, 
	0xc8, 0xc8, 0xc8, 0xc8, 0xc8, 0xc8, 0xc8, 0xc8, 
	0xc8, 0xc8, 0xc8, 0xc8, 0xc8, 0xc8, 0xc8, 0xc8, 
	0xc8, 0xc8, 0xc8, 0xc8, 0xc8, 0xc8, 0xc8, 0xc7, 
	0xc7, 0xc7, 0xc7, 0xc7, 0xc7, 0xc7, 0xc6, 0xc6, 
	0xc6, 0xc6, 0xc5, 0xc5, 0xc5, 0xc4, 0xc4, 0xc4, 
	0xc3, 0xc3, 0xc2, 0xc2, 0xc1, 0xc1, 0xc0, 0xc0, 
	0xbf, 0xbe, 0xbe, 0xbd, 0xbc, 0xbc, 0xbb, 0xba, 
	0xc8, 0xc8, 0xc8, 0xc8, 0xc8, 0xc8, 0xc8, 0xc8, 
	0xc8, 0xc8, 0xc8, 0xc8, 0xc8, 0xc8, 0xc8, 0xc8, 
	0xc8, 0xc8, 0xc8, 0xc8, 0xc8, 0xc8, 0xc8, 0xc8, 
	0xc8, 0xc8, 0xc8, 0xc8, 0xc8, 0xc8, 0xc7, 0xc7, 
	0xc7, 0xc7, 0xc7, 0xc7, 0xc7, 0xc6, 0xc6, 0xc6, 
	0xc6, 0xc6, 0xc5, 0xc5, 0xc5, 0xc4, 0xc4, 0xc3, 
	0xc3, 0xc3, 0xc2, 0xc2, 0xc1, 0xc1, 0xc0, 0xc0, 
	0xbf, 0xbe, 0xbe, 0xbd, 0xbc, 0xbb, 0xbb, 0xba, 
	0xc8, 0xc7, 0xc7, 0xc8, 0xc8, 0xc8, 0xc8, 0xc8, 
	0xc8, 0xc8, 0xc8, 0xc8, 0xc8, 0xc8, 0xc7, 0xc8, 
	0xc8, 0xc8, 0xc8, 0xc8, 0xc8, 0xc8, 0xc8, 0xc8, 
	0xc8, 0xc8, 0xc7, 0xc8, 0xc8, 0xc7, 0xc7, 0xc7, 
	0xc7, 0xc7, 0xc7, 0xc7, 0xc7, 0xc6, 0xc6, 0xc6, 
	0xc6, 0xc5, 0xc5, 0xc5, 0xc5, 0xc4, 0xc4, 0xc3, 
	0xc3, 0xc2, 0xc2, 0xc2, 0xc1, 0xc1, 0xc0, 0xc0, 
	0xbf, 0xbe, 0xbe, 0xbd, 0xbc, 0xbb, 0xba, 0xb9, 
	0xc8, 0xc8, 0xc7, 0xc7, 0xc8, 0xc8, 0xc7, 0xc8, 
	0xc7, 0xc7, 0xc7, 0xc8, 0xc7, 0xc7, 0xc8, 0xc7, 
	0xc7, 0xc7, 0xc8, 0xc7, 0xc7, 0xc8, 0xc8, 0xc7, 
	0xc7, 0xc7, 0xc7, 0xc7, 0xc7, 0xc7, 0xc7, 0xc7, 
	0xc7, 0xc7, 0xc7, 0xc6, 0xc6, 0xc6, 0xc6, 0xc6, 
	0xc6, 0xc5, 0xc5, 0xc5, 0xc4, 0xc4, 0xc4, 0xc3, 
	0xc3, 0xc3, 0xc2, 0xc1, 0xc1, 0xc1, 0xc0, 0xbf, 
	0xbf, 0xbe, 0xbd, 0xbd, 0xbc, 0xbb, 0xba, 0xb9, 
	0xc7, 0xc7, 0xc7, 0xc7, 0xc7, 0xc7, 0xc7, 0xc7, 
	0xc7, 0xc7, 0xc7, 0xc7, 0xc7, 0xc7, 0xc7, 0xc7, 
	0xc7, 0xc7, 0xc7, 0xc8, 0xc7, 0xc7, 0xc7, 0xc7, 
	0xc7, 0xc7, 0xc7, 0xc7, 0xc7, 0xc7, 0xc7, 0xc7, 
	0xc7, 0xc7, 0xc7, 0xc7, 0xc6, 0xc6, 0xc6, 0xc6, 
	0xc5, 0xc5, 0xc5, 0xc5, 0xc4, 0xc4, 0xc4, 0xc3, 
	0xc3, 0xc2, 0xc2, 0xc2, 0xc1, 0xc0, 0xc0, 0xbf, 
	0xbf, 0xbe, 0xbd, 0xbd, 0xbc, 0xbb, 0xba, 0xb9, 
	0xc7, 0xc7, 0xc7, 0xc7, 0xc7, 0xc7, 0xc7, 0xc7, 
	0xc7, 0xc7, 0xc7, 0xc7, 0xc7, 0xc7, 0xc7, 0xc7, 
	0xc7, 0xc7, 0xc7, 0xc7, 0xc7, 0xc7, 0xc7, 0xc7, 
	0xc7, 0xc7, 0xc7, 0xc7, 0xc7, 0xc7, 0xc7, 0xc7, 
	0xc7, 0xc7, 0xc7, 0xc6, 0xc6, 0xc6, 0xc6, 0xc6, 
	0xc6, 0xc5, 0xc5, 0xc5, 0xc4, 0xc4, 0xc3, 0xc3, 
	0xc3, 0xc2, 0xc2, 0xc1, 0xc1, 0xc0, 0xc0, 0xbf, 
	0xbf, 0xbe, 0xbd, 0xbc, 0xbc, 0xbb, 0xba, 0xb9, 
	0xc7, 0xc7, 0xc7, 0xc7, 0xc7, 0xc7, 0xc7, 0xc7, 
	0xc7, 0xc7, 0xc7, 0xc7, 0xc7, 0xc7, 0xc7, 0xc7, 
	0xc7, 0xc7, 0xc7, 0xc7, 0xc7, 0xc7, 0xc7, 0xc7, 
	0xc7, 0xc7, 0xc7, 0xc7, 0xc7, 0xc7, 0xc7, 0xc7, 
	0xc7, 0xc7, 0xc6, 0xc6, 0xc6, 0xc6, 0xc6, 0xc6, 
	0xc5, 0xc5, 0xc5, 0xc4, 0xc4, 0xc4, 0xc3, 0xc3, 
	0xc3, 0xc2, 0xc2, 0xc1, 0xc1, 0xc0, 0xc0, 0xbf, 
	0xbe, 0xbe, 0xbd, 0xbc, 0xbb, 0xbb, 0xba, 0xb9, 
	0xc7, 0xc7, 0xc7, 0xc7, 0xc7, 0xc7, 0xc7, 0xc7, 
	0xc7, 0xc7, 0xc7, 0xc7, 0xc7, 0xc7, 0xc7, 0xc7, 
	0xc7, 0xc7, 0xc7, 0xc7, 0xc7, 0xc7, 0xc7, 0xc7, 
	0xc7, 0xc7, 0xc7, 0xc7, 0xc7, 0xc7, 0xc7, 0xc7, 
	0xc7, 0xc7, 0xc6, 0xc6, 0xc6, 0xc6, 0xc6, 0xc5, 
	0xc5, 0xc5, 0xc4, 0xc4, 0xc4, 0xc4, 0xc3, 0xc3, 
	0xc2, 0xc2, 0xc2, 0xc1, 0xc1, 0xc0, 0xbf, 0xbf, 
	0xbe, 0xbe, 0xbd, 0xbc, 0xbb, 0xbb, 0xba, 0xb9, 
	0xc7, 0xc7, 0xc7, 0xc7, 0xc7, 0xc7, 0xc7, 0xc7, 
	0xc7, 0xc7, 0xc7, 0xc7, 0xc7, 0xc7, 0xc7, 0xc7, 
	0xc7, 0xc7, 0xc7, 0xc7, 0xc7, 0xc7, 0xc7, 0xc7, 
	0xc7, 0xc7, 0xc7, 0xc7, 0xc7, 0xc7, 0xc7, 0xc7, 
	0xc7, 0xc6, 0xc6, 0xc6, 0xc6, 0xc6, 0xc5, 0xc5, 
	0xc5, 0xc5, 0xc5, 0xc4, 0xc4, 0xc4, 0xc3, 0xc3, 
	0xc2, 0xc2, 0xc1, 0xc1, 0xc0, 0xc0, 0xc0, 0xbf, 
	0xbe, 0xbe, 0xbd, 0xbc, 0xbb, 0xba, 0xb9, 0xb8, 
	0xc7, 0xc7, 0xc7, 0xc7, 0xc7, 0xc7, 0xc7, 0xc7, 
	0xc7, 0xc7, 0xc7, 0xc7, 0xc7, 0xc7, 0xc7, 0xc7, 
	0xc7, 0xc7, 0xc7, 0xc7, 0xc7, 0xc7, 0xc7, 0xc7, 
	0xc7, 0xc7, 0xc7, 0xc7, 0xc7, 0xc7, 0xc7, 0xc7, 
	0xc7, 0xc6, 0xc6, 0xc6, 0xc6, 0xc6, 0xc5, 0xc5, 
	0xc5, 0xc5, 0xc5, 0xc4, 0xc4, 0xc3, 0xc3, 0xc3, 
	0xc2, 0xc2, 0xc1, 0xc1, 0xc0, 0xc0, 0xbf, 0xbf, 
	0xbe, 0xbe, 0xbd, 0xbc, 0xbb, 0xba, 0xb9, 0xb8, 
	0xc7, 0xc7, 0xc7, 0xc7, 0xc7, 0xc7, 0xc7, 0xc7, 
	0xc7, 0xc7, 0xc7, 0xc7, 0xc7, 0xc7, 0xc7, 0xc7, 
	0xc7, 0xc7, 0xc7, 0xc7, 0xc7, 0xc7, 0xc7, 0xc7, 
	0xc7, 0xc7, 0xc7, 0xc7, 0xc7, 0xc7, 0xc7, 0xc7, 
	0xc7, 0xc6, 0xc6, 0xc6, 0xc6, 0xc6, 0xc5, 0xc5, 
	0xc5, 0xc5, 0xc5, 0xc4, 0xc4, 0xc3, 0xc3, 0xc3, 
	0xc2, 0xc2, 0xc2, 0xc1, 0xc0, 0xc0, 0xbf, 0xbf, 
	0xbe, 0xbd, 0xbd, 0xbc, 0xbb, 0xba, 0xb9, 0xb8, 
	0xc7, 0xc7, 0xc7, 0xc7, 0xc7, 0xc7, 0xc7, 0xc7, 
	0xc7, 0xc7, 0xc7, 0xc7, 0xc7, 0xc7, 0xc7, 0xc7, 
	0xc7, 0xc7, 0xc7, 0xc7, 0xc7, 0xc7, 0xc7, 0xc7, 
	0xc7, 0xc7, 0xc7, 0xc7, 0xc7, 0xc7, 0xc7, 0xc7, 
	0xc6, 0xc6, 0xc6, 0xc6, 0xc6, 0xc6, 0xc5, 0xc5, 
	0xc5, 0xc5, 0xc5, 0xc4, 0xc4, 0xc3, 0xc3, 0xc3, 
	0xc2, 0xc2, 0xc1, 0xc1, 0xc0, 0xc0, 0xbf, 0xbf, 
	0xbe, 0xbd, 0xbd, 0xbc, 0xbb, 0xba, 0xb9, 0xb8, 
	0xc7, 0xc7, 0xc7, 0xc7, 0xc7, 0xc7, 0xc7, 0xc7, 
	0xc7, 0xc7, 0xc7, 0xc7, 0xc7, 0xc7, 0xc7, 0xc7, 
	0xc7, 0xc7, 0xc7, 0xc7, 0xc7, 0xc7, 0xc7, 0xc7, 
	0xc7, 0xc7, 0xc7, 0xc7, 0xc7, 0xc7, 0xc7, 0xc7, 
	0xc6, 0xc7, 0xc6, 0xc6, 0xc6, 0xc6, 0xc5, 0xc5, 
	0xc5, 0xc5, 0xc4, 0xc4, 0xc4, 0xc3, 0xc3, 0xc3, 
	0xc2, 0xc2, 0xc1, 0xc1, 0xc0, 0xc0, 0xbf, 0xbf, 
	0xbe, 0xbd, 0xbc, 0xbc, 0xbb, 0xba, 0xb9, 0xb8, 
	0xc7, 0xc7, 0xc7, 0xc7, 0xc7, 0xc7, 0xc7, 0xc7, 
	0xc7, 0xc7, 0xc7, 0xc7, 0xc7, 0xc7, 0xc7, 0xc7, 
	0xc7, 0xc7, 0xc7, 0xc7, 0xc7, 0xc7, 0xc7, 0xc7, 
	0xc7, 0xc7, 0xc7, 0xc7, 0xc7, 0xc7, 0xc7, 0xc7, 
	0xc6, 0xc6, 0xc6, 0xc6, 0xc6, 0xc6, 0xc5, 0xc5, 
	0xc5, 0xc5, 0xc4, 0xc4, 0xc4, 0xc3, 0xc3, 0xc3, 
	0xc2, 0xc2, 0xc1, 0xc1, 0xc0, 0xc0, 0xbf, 0xbf, 
	0xbe, 0xbd, 0xbd, 0xbc, 0xbb, 0xba, 0xb9, 0xb8, 
	0xc7, 0xc7, 0xc7, 0xc7, 0xc7, 0xc7, 0xc7, 0xc7, 
	0xc7, 0xc7, 0xc7, 0xc7, 0xc7, 0xc7, 0xc7, 0xc7, 
	0xc7, 0xc7, 0xc7, 0xc7, 0xc7, 0xc7, 0xc7, 0xc7, 
	0xc7, 0xc7, 0xc7, 0xc7, 0xc7, 0xc7, 0xc7, 0xc6, 
	0xc6, 0xc6, 0xc6, 0xc6, 0xc6, 0xc5, 0xc5, 0xc5, 
	0xc5, 0xc5, 0xc4, 0xc4, 0xc4, 0xc3, 0xc3, 0xc3, 
	0xc2, 0xc2, 0xc1, 0xc1, 0xc0, 0xc0, 0xbf, 0xbf, 
	0xbe, 0xbd, 0xbc, 0xbc, 0xbb, 0xba, 0xb9, 0xb8, 
	0xc7, 0xc7, 0xc7, 0xc7, 0xc7, 0xc7, 0xc7, 0xc7, 
	0xc7, 0xc7, 0xc7, 0xc7, 0xc7, 0xc7, 0xc7, 0xc7, 
	0xc7, 0xc7, 0xc7, 0xc7, 0xc7, 0xc7, 0xc7, 0xc7, 
	0xc7, 0xc7, 0xc7, 0xc7, 0xc7, 0xc7, 0xc6, 0xc6, 
	0xc6, 0xc6, 0xc6, 0xc6, 0xc6, 0xc5, 0xc5, 0xc5, 
	0xc5, 0xc5, 0xc4, 0xc4, 0xc4, 0xc4, 0xc3, 0xc3, 
	0xc2, 0xc1, 0xc1, 0xc1, 0xc0, 0xc0, 0xbf, 0xbf, 
	0xbe, 0xbd, 0xbd, 0xbc, 0xbb, 0xba, 0xb9, 0xb8, 
	0xc7, 0xc7, 0xc7, 0xc7, 0xc7, 0xc7, 0xc7, 0xc7, 
	0xc7, 0xc7, 0xc7, 0xc7, 0xc7, 0xc7, 0xc7, 0xc7, 
	0xc7, 0xc7, 0xc7, 0xc7, 0xc7, 0xc7, 0xc7, 0xc7, 
	0xc7, 0xc7, 0xc7, 0xc7, 0xc7, 0xc7, 0xc7, 0xc6, 
	0xc6, 0xc6, 0xc6, 0xc6, 0xc6, 0xc6, 0xc5, 0xc5, 
	0xc5, 0xc5, 0xc4, 0xc4, 0xc4, 0xc3, 0xc3, 0xc3, 
	0xc2, 0xc2, 0xc1, 0xc1, 0xc0, 0xc0, 0xbf, 0xbf, 
	0xbe, 0xbd, 0xbd, 0xbc, 0xbb, 0xba, 0xb9, 0xb8, 
	0xc7, 0xc7, 0xc7, 0xc7, 0xc7, 0xc7, 0xc7, 0xc7, 
	0xc7, 0xc7, 0xc7, 0xc7, 0xc7, 0xc7, 0xc7, 0xc7, 
	0xc7, 0xc7, 0xc7, 0xc7, 0xc7, 0xc7, 0xc7, 0xc7, 
	0xc7, 0xc7, 0xc7, 0xc7, 0xc7, 0xc7, 0xc6, 0xc7, 
	0xc6, 0xc6, 0xc6, 0xc6, 0xc6, 0xc6, 0xc5, 0xc5, 
	0xc5, 0xc5, 0xc4, 0xc4, 0xc4, 0xc3, 0xc3, 0xc3, 
	0xc2, 0xc2, 0xc1, 0xc1, 0xc0, 0xc0, 0xbf, 0xbf, 
	0xbe, 0xbd, 0xbc, 0xbc, 0xbb, 0xba, 0xb9, 0xb8, 
	0xc7, 0xc7, 0xc7, 0xc7, 0xc7, 0xc7, 0xc7, 0xc7, 
	0xc7, 0xc7, 0xc7, 0xc7, 0xc7, 0xc7, 0xc7, 0xc7, 
	0xc7, 0xc7, 0xc7, 0xc7, 0xc7, 0xc7, 0xc7, 0xc7, 
	0xc7, 0xc7, 0xc7, 0xc7, 0xc7, 0xc7, 0xc7, 0xc6, 
	0xc6, 0xc6, 0xc6, 0xc6, 0xc6, 0xc6, 0xc5, 0xc5, 
	0xc5, 0xc5, 0xc4, 0xc4, 0xc4, 0xc3, 0xc3, 0xc2, 
	0xc2, 0xc2, 0xc1, 0xc1, 0xc0, 0xc0, 0xbf, 0xbe, 
	0xbe, 0xbd, 0xbd, 0xbc, 0xbb, 0xba, 0xb9, 0xb8, 
	0xc7, 0xc7, 0xc7, 0xc7, 0xc7, 0xc7, 0xc7, 0xc7, 
	0xc7, 0xc7, 0xc7, 0xc7, 0xc7, 0xc7, 0xc7, 0xc7, 
	0xc7, 0xc7, 0xc7, 0xc7, 0xc7, 0xc7, 0xc7, 0xc7, 
	0xc7, 0xc7, 0xc7, 0xc7, 0xc6, 0xc7, 0xc6, 0xc6, 
	0xc6, 0xc6, 0xc6, 0xc6, 0xc6, 0xc6, 0xc5, 0xc5, 
	0xc5, 0xc5, 0xc4, 0xc4, 0xc4, 0xc3, 0xc3, 0xc3, 
	0xc2, 0xc2, 0xc1, 0xc1, 0xc0, 0xbf, 0xbf, 0xbe, 
	0xbe, 0xbd, 0xbc, 0xbb, 0xbb, 0xba, 0xb9, 0xb8, 
	0xc7, 0xc7, 0xc7, 0xc7, 0xc7, 0xc7, 0xc7, 0xc7, 
	0xc7, 0xc7, 0xc7, 0xc7, 0xc7, 0xc7, 0xc7, 0xc7, 
	0xc7, 0xc7, 0xc7, 0xc7, 0xc7, 0xc7, 0xc7, 0xc7, 
	0xc7, 0xc7, 0xc7, 0xc7, 0xc7, 0xc6, 0xc6, 0xc6, 
	0xc6, 0xc6, 0xc6, 0xc6, 0xc6, 0xc5, 0xc5, 0xc5, 
	0xc5, 0xc5, 0xc4, 0xc4, 0xc4, 0xc3, 0xc3, 0xc2, 
	0xc2, 0xc2, 0xc1, 0xc0, 0xc0, 0xc0, 0xbf, 0xbe, 
	0xbe, 0xbd, 0xbc, 0xbb, 0xbb, 0xba, 0xb9, 0xb8, 
	0xc7, 0xc7, 0xc7, 0xc7, 0xc7, 0xc7, 0xc7, 0xc6, 
	0xc7, 0xc7, 0xc6, 0xc7, 0xc7, 0xc7, 0xc7, 0xc7, 
	0xc7, 0xc7, 0xc7, 0xc7, 0xc7, 0xc7, 0xc7, 0xc7, 
	0xc7, 0xc7, 0xc7, 0xc7, 0xc7, 0xc6, 0xc6, 0xc6, 
	0xc6, 0xc6, 0xc6, 0xc6, 0xc6, 0xc5, 0xc5, 0xc5, 
	0xc5, 0xc4, 0xc4, 0xc4, 0xc3, 0xc3, 0xc3, 0xc2, 
	0xc2, 0xc1, 0xc1, 0xc0, 0xc0, 0xbf, 0xbf, 0xbe, 
	0xbe, 0xbd, 0xbc, 0xbc, 0xbb, 0xba, 0xb9, 0xb8, 
	0xc7, 0xc7, 0xc7, 0xc7, 0xc7, 0xc7, 0xc7, 0xc6, 
	0xc6, 0xc6, 0xc6, 0xc7, 0xc6, 0xc7, 0xc6, 0xc6, 
	0xc6, 0xc7, 0xc6, 0xc7, 0xc7, 0xc6, 0xc7, 0xc7, 
	0xc7, 0xc6, 0xc7, 0xc6, 0xc6, 0xc6, 0xc6, 0xc6, 
	0xc6, 0xc6, 0xc6, 0xc6, 0xc5, 0xc5, 0xc5, 0xc5, 
	0xc4, 0xc4, 0xc4, 0xc4, 0xc3, 0xc3, 0xc3, 0xc2, 
	0xc2, 0xc1, 0xc1, 0xc0, 0xc0, 0xbf, 0xbf, 0xbe, 
	0xbd, 0xbd, 0xbc, 0xbb, 0xba, 0xb9, 0xb8, 0xb7, 
	0xc7, 0xc7, 0xc7, 0xc6, 0xc6, 0xc6, 0xc6, 0xc6, 
	0xc6, 0xc6, 0xc6, 0xc6, 0xc6, 0xc6, 0xc6, 0xc6, 
	0xc6, 0xc6, 0xc6, 0xc6, 0xc6, 0xc6, 0xc6, 0xc6, 
	0xc6, 0xc6, 0xc6, 0xc6, 0xc6, 0xc6, 0xc6, 0xc6, 
	0xc6, 0xc6, 0xc6, 0xc5, 0xc5, 0xc5, 0xc5, 0xc5, 
	0xc4, 0xc4, 0xc4, 0xc3, 0xc3, 0xc3, 0xc2, 0xc2, 
	0xc2, 0xc1, 0xc1, 0xc0, 0xc0, 0xbf, 0xbf, 0xbe, 
	0xbd, 0xbd, 0xbc, 0xbb, 0xba, 0xb9, 0xb8, 0xb7, 
	0xc6, 0xc6, 0xc6, 0xc6, 0xc6, 0xc6, 0xc6, 0xc6, 
	0xc6, 0xc6, 0xc6, 0xc6, 0xc6, 0xc6, 0xc6, 0xc6, 
	0xc6, 0xc6, 0xc6, 0xc6, 0xc6, 0xc6, 0xc6, 0xc6, 
	0xc6, 0xc6, 0xc6, 0xc6, 0xc6, 0xc6, 0xc6, 0xc6, 
	0xc6, 0xc6, 0xc5, 0xc5, 0xc5, 0xc5, 0xc5, 0xc5, 
	0xc4, 0xc4, 0xc4, 0xc3, 0xc3, 0xc3, 0xc2, 0xc2, 
	0xc1, 0xc1, 0xc0, 0xc0, 0xc0, 0xbf, 0xbe, 0xbe, 
	0xbd, 0xbc, 0xbb, 0xbb, 0xba, 0xb9, 0xb8, 0xb7, 
	0xc6, 0xc6, 0xc6, 0xc6, 0xc6, 0xc6, 0xc6, 0xc6, 
	0xc6, 0xc6, 0xc6, 0xc6, 0xc6, 0xc6, 0xc6, 0xc6, 
	0xc6, 0xc6, 0xc6, 0xc6, 0xc6, 0xc6, 0xc6, 0xc6, 
	0xc6, 0xc6, 0xc6, 0xc6, 0xc6, 0xc6, 0xc6, 0xc6, 
	0xc5, 0xc5, 0xc5, 0xc5, 0xc5, 0xc5, 0xc4, 0xc4, 
	0xc4, 0xc4, 0xc3, 0xc3, 0xc3, 0xc2, 0xc2, 0xc2, 
	0xc1, 0xc1, 0xc0, 0xc0, 0xbf, 0xbf, 0xbe, 0xbe, 
	0xbd, 0xbc, 0xbb, 0xba, 0xba, 0xb9, 0xb8, 0xb7, 
	0xc6, 0xc6, 0xc6, 0xc6, 0xc6, 0xc6, 0xc6, 0xc6, 
	0xc6, 0xc6, 0xc6, 0xc6, 0xc6, 0xc6, 0xc6, 0xc6, 
	0xc6, 0xc6, 0xc6, 0xc6, 0xc6, 0xc6, 0xc6, 0xc6, 
	0xc6, 0xc6, 0xc6, 0xc6, 0xc6, 0xc6, 0xc6, 0xc6, 
	0xc5, 0xc5, 0xc5, 0xc5, 0xc5, 0xc4, 0xc4, 0xc4, 
	0xc4, 0xc4, 0xc3, 0xc3, 0xc3, 0xc2, 0xc2, 0xc1, 
	0xc1, 0xc0, 0xc0, 0xbf, 0xbf, 0xbe, 0xbe, 0xbd, 
	0xbd, 0xbc, 0xbb, 0xba, 0xb9, 0xb9, 0xb8, 0xb7, 
	0xc6, 0xc6, 0xc6, 0xc6, 0xc6, 0xc6, 0xc6, 0xc6, 
	0xc5, 0xc5, 0xc5, 0xc6, 0xc6, 0xc6, 0xc5, 0xc6, 
	0xc6, 0xc6, 0xc6, 0xc6, 0xc6, 0xc6, 0xc6, 0xc6, 
	0xc6, 0xc6, 0xc6, 0xc6, 0xc6, 0xc5, 0xc5, 0xc5, 
	0xc5, 0xc5, 0xc5, 0xc5, 0xc5, 0xc4, 0xc4, 0xc4, 
	0xc4, 0xc3, 0xc3, 0xc3, 0xc2, 0xc2, 0xc1, 0xc1, 
	0xc1, 0xc0, 0xc0, 0xbf, 0xbf, 0xbe, 0xbe, 0xbd, 
	0xbc, 0xbc, 0xbb, 0xba, 0xb9, 0xb8, 0xb7, 0xb6, 
	0xc5, 0xc5, 0xc5, 0xc5, 0xc5, 0xc5, 0xc5, 0xc5, 
	0xc5, 0xc5, 0xc5, 0xc5, 0xc5, 0xc5, 0xc5, 0xc5, 
	0xc5, 0xc5, 0xc5, 0xc5, 0xc5, 0xc5, 0xc5, 0xc5, 
	0xc5, 0xc5, 0xc6, 0xc5, 0xc5, 0xc5, 0xc5, 0xc5, 
	0xc5, 0xc5, 0xc5, 0xc5, 0xc4, 0xc4, 0xc4, 0xc4, 
	0xc3, 0xc3, 0xc3, 0xc2, 0xc2, 0xc2, 0xc1, 0xc1, 
	0xc0, 0xc0, 0xc0, 0xbf, 0xbf, 0xbe, 0xbe, 0xbd, 
	0xbc, 0xbb, 0xbb, 0xba, 0xb9, 0xb8, 0xb7, 0xb6, 
	0xc5, 0xc5, 0xc5, 0xc5, 0xc5, 0xc5, 0xc5, 0xc5, 
	0xc5, 0xc5, 0xc5, 0xc5, 0xc5, 0xc5, 0xc5, 0xc5, 
	0xc5, 0xc5, 0xc5, 0xc5, 0xc5, 0xc5, 0xc5, 0xc5, 
	0xc5, 0xc5, 0xc5, 0xc5, 0xc5, 0xc5, 0xc5, 0xc5, 
	0xc5, 0xc5, 0xc4, 0xc4, 0xc4, 0xc4, 0xc4, 0xc3, 
	0xc3, 0xc3, 0xc2, 0xc2, 0xc2, 0xc1, 0xc1, 0xc1, 
	0xc0, 0xc0, 0xbf, 0xbf, 0xbe, 0xbe, 0xbd, 0xbd, 
	0xbc, 0xbb, 0xba, 0xb9, 0xb8, 0xb8, 0xb7, 0xb6, 
	0xc4, 0xc5, 0xc4, 0xc5, 0xc5, 0xc5, 0xc5, 0xc5, 
	0xc5, 0xc4, 0xc5, 0xc5, 0xc5, 0xc5, 0xc5, 0xc5, 
	0xc5, 0xc5, 0xc5, 0xc5, 0xc5, 0xc5, 0xc5, 0xc5, 
	0xc5, 0xc5, 0xc5, 0xc5, 0xc5, 0xc5, 0xc5, 0xc5, 
	0xc4, 0xc4, 0xc4, 0xc4, 0xc4, 0xc4, 0xc3, 0xc3, 
	0xc3, 0xc3, 0xc2, 0xc2, 0xc1, 0xc1, 0xc1, 0xc0, 
	0xc0, 0xc0, 0xbf, 0xbe, 0xbe, 0xbd, 0xbd, 0xbc, 
	0xbc, 0xbb, 0xba, 0xb9, 0xb8, 0xb7, 0xb6, 0xb5, 
	0xc4, 0xc4, 0xc4, 0xc4, 0xc4, 0xc4, 0xc4, 0xc4, 
	0xc4, 0xc4, 0xc4, 0xc4, 0xc4, 0xc4, 0xc4, 0xc4, 
	0xc4, 0xc4, 0xc4, 0xc4, 0xc4, 0xc5, 0xc5, 0xc5, 
	0xc5, 0xc4, 0xc4, 0xc5, 0xc5, 0xc5, 0xc4, 0xc4, 
	0xc4, 0xc4, 0xc4, 0xc4, 0xc3, 0xc3, 0xc3, 0xc3, 
	0xc3, 0xc2, 0xc2, 0xc2, 0xc1, 0xc1, 0xc1, 0xc0, 
	0xbf, 0xbf, 0xbf, 0xbe, 0xbe, 0xbd, 0xbc, 0xbc, 
	0xbb, 0xba, 0xba, 0xb9, 0xb8, 0xb7, 0xb6, 0xb5, 
	0xc3, 0xc3, 0xc4, 0xc4, 0xc4, 0xc4, 0xc4, 0xc4, 
	0xc4, 0xc4, 0xc4, 0xc4, 0xc4, 0xc4, 0xc4, 0xc4, 
	0xc4, 0xc4, 0xc4, 0xc4, 0xc4, 0xc4, 0xc4, 0xc4, 
	0xc4, 0xc4, 0xc4, 0xc4, 0xc4, 0xc4, 0xc4, 0xc4, 
	0xc4, 0xc4, 0xc3, 0xc3, 0xc3, 0xc3, 0xc3, 0xc3, 
	0xc2, 0xc2, 0xc1, 0xc1, 0xc1, 0xc0, 0xc0, 0xc0, 
	0xbf, 0xbf, 0xbe, 0xbe, 0xbd, 0xbd, 0xbc, 0xbc, 
	0xbb, 0xba, 0xb9, 0xb8, 0xb7, 0xb6, 0xb5, 0xb4, 
	0xc3, 0xc3, 0xc3, 0xc3, 0xc3, 0xc3, 0xc3, 0xc3, 
	0xc3, 0xc3, 0xc3, 0xc3, 0xc3, 0xc4, 0xc4, 0xc3, 
	0xc3, 0xc3, 0xc3, 0xc4, 0xc4, 0xc4, 0xc4, 0xc4, 
	0xc4, 0xc4, 0xc4, 0xc4, 0xc4, 0xc4, 0xc3, 0xc3, 
	0xc3, 0xc3, 0xc3, 0xc3, 0xc2, 0xc3, 0xc2, 0xc2, 
	0xc2, 0xc1, 0xc1, 0xc1, 0xc0, 0xc0, 0xc0, 0xbf, 
	0xbf, 0xbe, 0xbe, 0xbd, 0xbd, 0xbc, 0xbc, 0xbb, 
	0xba, 0xb9, 0xb8, 0xb7, 0xb7, 0xb6, 0xb5, 0xb4, 
	0xc2, 0xc3, 0xc3, 0xc3, 0xc3, 0xc3, 0xc3, 0xc3, 
	0xc3, 0xc3, 0xc3, 0xc3, 0xc3, 0xc3, 0xc3, 0xc3, 
	0xc3, 0xc3, 0xc3, 0xc3, 0xc3, 0xc3, 0xc3, 0xc3, 
	0xc3, 0xc3, 0xc3, 0xc3, 0xc3, 0xc3, 0xc3, 0xc3, 
	0xc3, 0xc3, 0xc2, 0xc2, 0xc2, 0xc2, 0xc2, 0xc1, 
	0xc1, 0xc1, 0xc0, 0xc0, 0xc0, 0xbf, 0xbf, 0xbf, 
	0xbe, 0xbe, 0xbd, 0xbd, 0xbc, 0xbc, 0xbb, 0xba, 
	0xb9, 0xb9, 0xb8, 0xb7, 0xb6, 0xb5, 0xb4, 0xb3, 
	0xc2, 0xc2, 0xc2, 0xc2, 0xc2, 0xc2, 0xc2, 0xc2, 
	0xc2, 0xc2, 0xc2, 0xc3, 0xc2, 0xc3, 0xc3, 0xc3, 
	0xc2, 0xc2, 0xc2, 0xc3, 0xc3, 0xc3, 0xc3, 0xc3, 
	0xc3, 0xc3, 0xc3, 0xc3, 0xc3, 0xc3, 0xc3, 0xc3, 
	0xc2, 0xc2, 0xc2, 0xc2, 0xc1, 0xc1, 0xc1, 0xc1, 
	0xc1, 0xc0, 0xc0, 0xc0, 0xbf, 0xbf, 0xbe, 0xbe, 
	0xbe, 0xbd, 0xbc, 0xbc, 0xbc, 0xbb, 0xba, 0xba, 
	0xb9, 0xb8, 0xb7, 0xb6, 0xb5, 0xb4, 0xb3, 0xb2, 
	0xc1, 0xc1, 0xc1, 0xc2, 0xc2, 0xc2, 0xc2, 0xc2, 
	0xc2, 0xc2, 0xc2, 0xc2, 0xc2, 0xc2, 0xc2, 0xc2, 
	0xc2, 0xc2, 0xc2, 0xc2, 0xc2, 0xc2, 0xc2, 0xc2, 
	0xc2, 0xc2, 0xc2, 0xc2, 0xc2, 0xc2, 0xc2, 0xc2, 
	0xc2, 0xc2, 0xc1, 0xc1, 0xc1, 0xc1, 0xc1, 0xc0, 
	0xc0, 0xc0, 0xbf, 0xbf, 0xbf, 0xbe, 0xbe, 0xbd, 
	0xbd, 0xbc, 0xbc, 0xbc, 0xbb, 0xba, 0xb9, 0xb8, 
	0xb8, 0xb7, 0xb6, 0xb5, 0xb4, 0xb3, 0xb2, 0xb1, 
	0xc1, 0xc1, 0xc1, 0xc1, 0xc1, 0xc1, 0xc1, 0xc1, 
	0xc1, 0xc1, 0xc1, 0xc1, 0xc1, 0xc1, 0xc1, 0xc1, 
	0xc1, 0xc1, 0xc1, 0xc1, 0xc2, 0xc1, 0xc1, 0xc2, 
	0xc1, 0xc2, 0xc1, 0xc1, 0xc1, 0xc1, 0xc1, 0xc1, 
	0xc1, 0xc1, 0xc1, 0xc1, 0xc0, 0xc0, 0xc0, 0xc0, 
	0xbf, 0xbf, 0xbf, 0xbe, 0xbe, 0xbe, 0xbd, 0xbd, 
	0xbc, 0xbc, 0xbb, 0xbb, 0xba, 0xb9, 0xb9, 0xb8, 
	0xb7, 0xb6, 0xb5, 0xb4, 0xb3, 0xb2, 0xb1, 0xb0, 
	0xc0, 0xc0, 0xc0, 0xc0, 0xc0, 0xc0, 0xc0, 0xc0, 
	0xc0, 0xc0, 0xc0, 0xc1, 0xc0, 0xc0, 0xc0, 0xc0, 
	0xc0, 0xc0, 0xc1, 0xc0, 0xc1, 0xc1, 0xc1, 0xc1, 
	0xc1, 0xc1, 0xc1, 0xc1, 0xc1, 0xc1, 0xc1, 0xc0, 
	0xc0, 0xc0, 0xc0, 0xc0, 0xc0, 0xc0, 0xbf, 0xbf, 
	0xbf, 0xbf, 0xbe, 0xbe, 0xbd, 0xbd, 0xbc, 0xbc, 
	0xbb, 0xbb, 0xba, 0xba, 0xb9, 0xb9, 0xb8, 0xb7, 
	0xb6, 0xb5, 0xb4, 0xb3, 0xb2, 0xb1, 0xb0, 0xaf, 
	0xbf, 0xbf, 0xc0, 0xc0, 0xc0, 0xc0, 0xc0, 0xc0, 
	0xc0, 0xc0, 0xc0, 0xc0, 0xc0, 0xc0, 0xc0, 0xc0, 
	0xc0, 0xc0, 0xc0, 0xc0, 0xc0, 0xc0, 0xc0, 0xc0, 
	0xc0, 0xc0, 0xc0, 0xc0, 0xc0, 0xc0, 0xc0, 0xc0, 
	0xc0, 0xc0, 0xbf, 0xbf, 0xbf, 0xbf, 0xbf, 0xbe, 
	0xbe, 0xbe, 0xbd, 0xbd, 0xbc, 0xbc, 0xbc, 0xbb, 
	0xbb, 0xba, 0xba, 0xb9, 0xb8, 0xb8, 0xb7, 0xb6, 
	0xb5, 0xb4, 0xb3, 0xb2, 0xb1, 0xb0, 0xaf, 0xae, 
	0xbf, 0xbf, 0xbf, 0xbf, 0xbf, 0xbf, 0xbf, 0xbf, 
	0xbf, 0xbf, 0xbf, 0xbf, 0xbf, 0xbf, 0xbf, 0xbf, 
	0xbf, 0xbf, 0xbf, 0xbf, 0xbf, 0xbf, 0xbf, 0xbf, 
	0xbf, 0xbf, 0xbf, 0xbf, 0xbf, 0xbf, 0xbf, 0xbf, 
	0xbf, 0xbf, 0xbf, 0xbe, 0xbe, 0xbe, 0xbe, 0xbe, 
	0xbd, 0xbd, 0xbd, 0xbc, 0xbc, 0xbb, 0xbb, 0xba, 
	0xba, 0xb9, 0xb9, 0xb8, 0xb7, 0xb7, 0xb6, 0xb5, 
	0xb4, 0xb3, 0xb2, 0xb1, 0xb0, 0xaf, 0xae, 0xad, 
	0xbe, 0xbe, 0xbe, 0xbe, 0xbe, 0xbe, 0xbe, 0xbe, 
	0xbe, 0xbe, 0xbe, 0xbe, 0xbe, 0xbe, 0xbe, 0xbe, 
	0xbe, 0xbe, 0xbe, 0xbe, 0xbe, 0xbe, 0xbf, 0xbf, 
	0xbf, 0xbf, 0xbf, 0xbf, 0xbf, 0xbe, 0xbe, 0xbe, 
	0xbe, 0xbe, 0xbe, 0xbe, 0xbe, 0xbd, 0xbd, 0xbd, 
	0xbc, 0xbc, 0xbc, 0xbb, 0xbb, 0xba, 0xba, 0xb9, 
	0xb9, 0xb8, 0xb8, 0xb7, 0xb6, 0xb6, 0xb5, 0xb4, 
	0xb3, 0xb2, 0xb1, 0xb0, 0xaf, 0xae, 0xad, 0xac, 
	0xbd, 0xbd, 0xbd, 0xbd, 0xbe, 0xbd, 0xbe, 0xbd, 
	0xbd, 0xbd, 0xbe, 0xbd, 0xbd, 0xbd, 0xbd, 0xbe, 
	0xbd, 0xbd, 0xbd, 0xbd, 0xbe, 0xbe, 0xbe, 0xbe, 
	0xbe, 0xbe, 0xbe, 0xbe, 0xbe, 0xbe, 0xbe, 0xbd, 
	0xbd, 0xbd, 0xbd, 0xbd, 0xbd, 0xbc, 0xbc, 0xbc, 
	0xbc, 0xbb, 0xbb, 0xba, 0xba, 0xb9, 0xb9, 0xb8, 
	0xb8, 0xb7, 0xb7, 0xb6, 0xb6, 0xb5, 0xb4, 0xb3, 
	0xb2, 0xb1, 0xb0, 0xaf, 0xae, 0xad, 0xac, 0xab, 
	0xbc, 0xbc, 0xbc, 0xbd, 0xbd, 0xbd, 0xbd, 0xbd, 
	0xbc, 0xbc, 0xbd, 0xbc, 0xbc, 0xbd, 0xbc, 0xbd, 
	0xbc, 0xbd, 0xbd, 0xbd, 0xbd, 0xbd, 0xbd, 0xbd, 
	0xbd, 0xbd, 0xbd, 0xbd, 0xbd, 0xbd, 0xbd, 0xbc, 
	0xbc, 0xbc, 0xbc, 0xbc, 0xbc, 0xbc, 0xbb, 0xbb, 
	0xbb, 0xba, 0xba, 0xb9, 0xb9, 0xb8, 0xb8, 0xb7, 
	0xb7, 0xb6, 0xb6, 0xb5, 0xb5, 0xb4, 0xb3, 0xb2, 
	0xb1, 0xb0, 0xaf, 0xae, 0xad, 0xac, 0xab, 0xaa, 
	0xbb, 0xbb, 0xbb, 0xbc, 0xbc, 0xbc, 0xbc, 0xbb, 
	0xbb, 0xbc, 0xbc, 0xbb, 0xbb, 0xbc, 0xbb, 0xbc, 
	0xbc, 0xbc, 0xbc, 0xbc, 0xbc, 0xbc, 0xbc, 0xbc, 
	0xbc, 0xbc, 0xbc, 0xbc, 0xbc, 0xbc, 0xbc, 0xbc, 
	0xbb, 0xbb, 0xbb, 0xbb, 0xbb, 0xbb, 0xba, 0xba, 
	0xba, 0xb9, 0xb9, 0xb8, 0xb8, 0xb7, 0xb7, 0xb6, 
	0xb6, 0xb5, 0xb5, 0xb4, 0xb3, 0xb2, 0xb2, 0xb1, 
	0xb0, 0xaf, 0xae, 0xad, 0xac, 0xab, 0xa9, 0xa8, 
	0xb9, 0xba, 0xba, 0xba, 0xbb, 0xbb, 0xba, 0xbb, 
	0xba, 0xba, 0xba, 0xba, 0xba, 0xba, 0xba, 0xba, 
	0xbb, 0xbb, 0xbb, 0xbb, 0xbb, 0xbb, 0xbb, 0xbb, 
	0xbb, 0xbb, 0xbb, 0xbb, 0xbb, 0xbb, 0xba, 0xba, 
	0xba, 0xba, 0xba, 0xba, 0xba, 0xb9, 0xb9, 0xb9, 
	0xb9, 0xb8, 0xb8, 0xb7, 0xb7, 0xb6, 0xb6, 0xb5, 
	0xb4, 0xb4, 0xb3, 0xb3, 0xb2, 0xb1, 0xb0, 0xaf, 
	0xaf, 0xad, 0xac, 0xab, 0xaa, 0xa9, 0xa8, 0xa7, 
	0xb8, 0xb8, 0xb9, 0xb9, 0xb9, 0xb9, 0xb9, 0xb9, 
	0xb9, 0xb9, 0xb9, 0xb9, 0xb9, 0xb9, 0xb9, 0xb9, 
	0xb9, 0xb9, 0xba, 0xb9, 0xb9, 0xb9, 0xba, 0xba, 
	0xba, 0xba, 0xb9, 0xb9, 0xb9, 0xb9, 0xb9, 0xb9, 
	0xb9, 0xb9, 0xb9, 0xb8, 0xb8, 0xb8, 0xb8, 0xb8, 
	0xb7, 0xb7, 0xb6, 0xb6, 0xb5, 0xb5, 0xb4, 0xb4, 
	0xb3, 0xb2, 0xb2, 0xb2, 0xb1, 0xb0, 0xaf, 0xae, 
	0xad, 0xac, 0xab, 0xa9, 0xa8, 0xa7, 0xa6, 0xa4, 
	0xb6, 0xb7, 0xb7, 0xb8, 0xb8, 0xb8, 0xb8, 0xb8, 
	0xb8, 0xb8, 0xb8, 0xb8, 0xb8, 0xb8, 0xb8, 0xb8, 
	0xb8, 0xb8, 0xb8, 0xb8, 0xb8, 0xb8, 0xb8, 0xb8, 
	0xb9, 0xb8, 0xb8, 0xb8, 0xb8, 0xb8, 0xb8, 0xb8, 
	0xb7, 0xb7, 0xb7, 0xb7, 0xb7, 0xb7, 0xb6, 0xb6, 
	0xb6, 0xb5, 0xb5, 0xb4, 0xb4, 0xb3, 0xb3, 0xb2, 
	0xb2, 0xb1, 0xb0, 0xb0, 0xaf, 0xae, 0xad, 0xac, 
	0xab, 0xaa, 0xa9, 0xa7, 0xa6, 0xa5, 0xa4, 0xa2, 
	0xb5, 0xb5, 0xb6, 0xb6, 0xb6, 0xb7, 0xb7, 0xb7, 
	0xb7, 0xb7, 0xb7, 0xb7, 0xb7, 0xb7, 0xb7, 0xb7, 
	0xb7, 0xb7, 0xb7, 0xb7, 0xb7, 0xb7, 0xb7, 0xb7, 
	0xb7, 0xb7, 0xb7, 0xb7, 0xb6, 0xb6, 0xb6, 0xb6, 
	0xb6, 0xb6, 0xb6, 0xb6, 0xb5, 0xb5, 0xb5, 0xb4, 
	0xb4, 0xb4, 0xb3, 0xb3, 0xb2, 0xb2, 0xb1, 0xb1, 
	0xb0, 0xb0, 0xaf, 0xae, 0xad, 0xac, 0xab, 0xaa, 
	0xa9, 0xa8, 0xa7, 0xa5, 0xa4, 0xa3, 0xa1, 0xa0, 
	0xb3, 0xb4, 0xb4, 0xb4, 0xb5, 0xb5, 0xb5, 0xb6, 
	0xb6, 0xb6, 0xb6, 0xb5, 0xb5, 0xb5, 0xb5, 0xb5, 
	0xb5, 0xb5, 0xb5, 0xb5, 0xb5, 0xb6, 0xb6, 0xb6, 
	0xb6, 0xb6, 0xb6, 0xb5, 0xb5, 0xb5, 0xb5, 0xb5, 
	0xb5, 0xb4, 0xb4, 0xb4, 0xb4, 0xb4, 0xb3, 0xb3, 
	0xb3, 0xb2, 0xb2, 0xb1, 0xb1, 0xb0, 0xb0, 0xaf, 
	0xaf, 0xae, 0xad, 0xac, 0xab, 0xaa, 0xa9, 0xa8, 
	0xa7, 0xa6, 0xa5, 0xa3, 0xa2, 0xa1, 0x9f, 0x9d, 
	0xb1, 0xb2, 0xb2, 0xb2, 0xb3, 0xb3, 0xb4, 0xb4, 
	0xb5, 0xb5, 0xb5, 0xb4, 0xb4, 0xb4, 0xb4, 0xb4, 
	0xb4, 0xb4, 0xb4, 0xb4, 0xb4, 0xb4, 0xb4, 0xb4, 
	0xb5, 0xb4, 0xb4, 0xb4, 0xb4, 0xb3, 0xb3, 0xb3, 
	0xb3, 0xb3, 0xb2, 0xb2, 0xb2, 0xb2, 0xb2, 0xb1, 
	0xb1, 0xb1, 0xb0, 0xb0, 0xaf, 0xae, 0xae, 0xad, 
	0xad, 0xac, 0xab, 0xaa, 0xa9, 0xa8, 0xa7, 0xa6, 
	0xa5, 0xa4, 0xa2, 0xa1, 0xa0, 0x9e, 0x9d, 0x9b, 
	
};

Gfx Intro_skybox2_small_rgba16_aligner[] = {gsSPEndDisplayList()};
u8 Intro_skybox2_small_rgba16[] = {
	0x39, 0xa9, 0x41, 0xe9, 0x39, 0xa9, 0x39, 0xe9, 
	0x39, 0xe9, 0x39, 0xe9, 0x39, 0xeb, 0x39, 0xe9, 
	0x39, 0xeb, 0x39, 0xeb, 0x42, 0x2b, 0x41, 0xeb, 
	0x39, 0xe9, 0x39, 0xa7, 0x41, 0xe9, 0x39, 0xe9, 
	0x39, 0xe9, 0x4a, 0x2d, 0x41, 0xeb, 0x4a, 0x2b, 
	0x39, 0xe9, 0x42, 0x2b, 0x41, 0xe9, 0x4a, 0x2d, 
	0x41, 0xed, 0x52, 0x6d, 0x6a, 0xef, 0x49, 0xed, 
	0x41, 0xeb, 0x49, 0xed, 0x49, 0xed, 0x49, 0xed, 
	0x4a, 0x2f, 0x4a, 0x2f, 0x4a, 0x2f, 0x4a, 0x2f, 
	0x4a, 0x2f, 0x4a, 0x2f, 0x4a, 0x2f, 0x52, 0x71, 
	0x4a, 0x2f, 0x41, 0xed, 0x41, 0xed, 0x5a, 0xaf, 
	0x49, 0xef, 0x49, 0xef, 0x4a, 0x2f, 0x4a, 0x2f, 
	0x4a, 0x2f, 0x41, 0xed, 0x41, 0xed, 0x41, 0xed, 
	0x41, 0xed, 0x41, 0xed, 0x39, 0xab, 0x39, 0xe9, 
	0x39, 0xe7, 0x31, 0xa7, 0x31, 0xa7, 0x31, 0xa7, 
	0x31, 0xa7, 0x39, 0xe9, 0x39, 0xe7, 0x39, 0xe7, 
	0x39, 0xa7, 0x31, 0xa9, 0x39, 0xe9, 0x39, 0xe9, 
	0x31, 0xa9, 0x31, 0xa9, 0x31, 0xa7, 0x31, 0xe7, 
	0x31, 0xe9, 0x31, 0xe9, 0x31, 0xe7, 0x31, 0xe7, 
	0x39, 0xe9, 0x39, 0xeb, 0x41, 0xed, 0x39, 0xed, 
	0x4a, 0xaf, 0x31, 0xeb, 0x31, 0xeb, 0x3a, 0x2b, 
	0x31, 0xe9, 0x31, 0xe9, 0x21, 0xe5, 0x21, 0xa3, 
	0x21, 0xa3, 0x29, 0xe5, 0x32, 0x25, 0x29, 0xe5, 
	0x29, 0xe5, 0x21, 0xa5, 0x21, 0xa3, 0x21, 0xa1, 
	0x21, 0x9f, 0x2a, 0x23, 0x21, 0xa1, 0x21, 0xa3, 
	0x21, 0xa1, 0x21, 0xa1, 0x21, 0xe1, 0x19, 0x9d, 
	0x19, 0x9d, 0x19, 0x9d, 0x19, 0x9d, 0x11, 0x5b, 
	0x11, 0x59, 0x11, 0x59, 0x19, 0x9b, 0x19, 0x99, 
	0x19, 0x59, 0x21, 0x9b, 0x19, 0x59, 0x19, 0x59, 
	0x19, 0x59, 0x11, 0x59, 0x11, 0x59, 0x11, 0x59, 
	0x19, 0x59, 0x21, 0x9b, 0x19, 0x59, 0x11, 0x59, 
	0x11, 0x59, 0x11, 0x59, 0x21, 0x9b, 0x11, 0x59, 
	0x19, 0x9b, 0x11, 0x59, 0x11, 0x59, 0x19, 0x59, 
	0x19, 0x59, 0x19, 0x57, 0x19, 0x57, 0x19, 0x59, 
	0x21, 0x59, 0x11, 0x17, 0x11, 0x17, 0x19, 0x57, 
	0x11, 0x17, 0x19, 0x57, 0x19, 0x57, 0x19, 0x57, 
	0x21, 0x99, 0x21, 0x99, 0x19, 0x57, 0x19, 0x57, 
	0x19, 0x57, 0x11, 0x17, 0x19, 0x57, 0x3a, 0x5d, 
	0x19, 0x57, 0x19, 0x57, 0x21, 0x99, 0x11, 0x55, 
	0x19, 0x57, 0x11, 0x57, 0x11, 0x57, 0x19, 0x57, 
	0x19, 0x57, 0x21, 0x99, 0x19, 0x57, 0x21, 0x99, 
	0x19, 0x57, 0x21, 0x59, 0x19, 0x17, 0x19, 0x57, 
	0x21, 0x59, 0x19, 0x57, 0x11, 0x57, 0x19, 0x59, 
	0x29, 0xdb, 0x19, 0x17, 0x19, 0x57, 0x19, 0x57, 
	0x21, 0x59, 0x11, 0x17, 0x11, 0x17, 0x11, 0x17, 
	0x19, 0x57, 0x21, 0x59, 0x11, 0x17, 0x19, 0x57, 
	0x21, 0x59, 0x19, 0x57, 0x19, 0x57, 0x11, 0x17, 
	0x32, 0x1d, 0x19, 0x57, 0x19, 0x57, 0x19, 0x57, 
	0x11, 0x17, 0x11, 0x17, 0x21, 0x99, 0x19, 0x57, 
	0x19, 0x57, 0x19, 0x17, 0x19, 0x57, 0x19, 0x57, 
	0x11, 0x17, 0x19, 0x57, 0x19, 0x57, 0x19, 0x57, 
	0x19, 0x57, 0x19, 0x57, 0x19, 0x57, 0x19, 0x57, 
	0x4a, 0xe1, 0x19, 0x59, 0x19, 0x59, 0x19, 0x9b, 
	0x19, 0x59, 0x19, 0x57, 0x21, 0x59, 0x19, 0x57, 
	0x19, 0x57, 0x19, 0x59, 0x21, 0x99, 0x21, 0x9b, 
	0x21, 0xdd, 0x21, 0x9b, 0x3a, 0x5f, 0x19, 0x59, 
	0x19, 0x59, 0x19, 0x59, 0x29, 0xdb, 0x19, 0x59, 
	0x21, 0xdb, 0x11, 0x59, 0x11, 0x59, 0x11, 0x59, 
	0x19, 0x59, 0x11, 0x59, 0x19, 0x59, 0x21, 0xdd, 
	0x11, 0x59, 0x11, 0x59, 0x11, 0x59, 0x19, 0x59, 
	0x19, 0x9b, 0x19, 0x59, 0x19, 0x59, 0x11, 0x59, 
	0x11, 0x59, 0x11, 0x59, 0x19, 0x59, 0x19, 0x9b, 
	0x19, 0x9b, 0x21, 0xdd, 0x19, 0x59, 0x21, 0x9b, 
	0x3a, 0x61, 0x21, 0x9b, 0x21, 0xdd, 0x19, 0x5b, 
	0x41, 0xe9, 0x41, 0xe9, 0x39, 0xa9, 0x39, 0xa9, 
	0x39, 0xe9, 0x39, 0xe9, 0x39, 0xe9, 0x42, 0x2b, 
	0x42, 0x2b, 0x39, 0xe9, 0x39, 0xeb, 0x42, 0x2b, 
	0x41, 0xe9, 0x39, 0xa7, 0x41, 0xe9, 0x39, 0xa9, 
	0x39, 0xe9, 0x39, 0xe9, 0x39, 0xe9, 0x41, 0xeb, 
	0x39, 0xe9, 0x39, 0xe9, 0x39, 0xa9, 0x41, 0xa9, 
	0x41, 0xeb, 0x5a, 0x6d, 0x73, 0x6f, 0x41, 0xa9, 
	0x41, 0xeb, 0x49, 0xeb, 0x49, 0xed, 0x49, 0xed, 
	0x4a, 0x2f, 0x4a, 0x2f, 0x4a, 0x2f, 0x52, 0x31, 
	0x52, 0x2f, 0x4a, 0x2f, 0x4a, 0x2f, 0x52, 0x2f, 
	0x4a, 0x2f, 0x41, 0xef, 0x41, 0xed, 0x84, 0x33, 
	0x41, 0xed, 0x42, 0x2f, 0x42, 0x2f, 0x42, 0x2f, 
	0x42, 0x2f, 0x4a, 0x2d, 0x41, 0xed, 0x41, 0xed, 
	0x41, 0xed, 0x41, 0xeb, 0x39, 0xab, 0x31, 0xa9, 
	0x31, 0xa7, 0x39, 0xa7, 0x39, 0xa7, 0x39, 0xe9, 
	0x39, 0xa7, 0x31, 0xa7, 0x5a, 0xef, 0x39, 0xe7, 
	0x39, 0xa9, 0x39, 0xeb, 0x39, 0xeb, 0x39, 0xeb, 
	0x39, 0xeb, 0x31, 0xeb, 0x39, 0xeb, 0x39, 0xeb, 
	0x39, 0xeb, 0x3a, 0x2b, 0x31, 0xe7, 0x31, 0xe9, 
	0x39, 0xe9, 0x39, 0xeb, 0x39, 0xed, 0x39, 0xed, 
	0x3a, 0x2d, 0x32, 0x2d, 0x42, 0x6d, 0x31, 0xeb, 
	0x31, 0xeb, 0x31, 0xe9, 0x29, 0xe7, 0x29, 0xe5, 
	0x29, 0xe7, 0x29, 0xe5, 0x29, 0xe5, 0x32, 0x27, 
	0x29, 0xe5, 0x29, 0xe5, 0x32, 0x27, 0x29, 0xe3, 
	0x29, 0xe3, 0x21, 0xa3, 0x21, 0xa3, 0x21, 0xa1, 
	0x21, 0xa1, 0x19, 0x9f, 0x19, 0x9d, 0x11, 0x9d, 
	0x21, 0xdf, 0x19, 0x9d, 0x21, 0xdd, 0x19, 0x9b, 
	0x19, 0x9b, 0x11, 0x59, 0x19, 0x9b, 0x19, 0x9b, 
	0x19, 0x59, 0x19, 0x59, 0x19, 0x59, 0x19, 0x9b, 
	0x19, 0x5b, 0x11, 0x59, 0x11, 0x59, 0x19, 0x9b, 
	0x11, 0x59, 0x11, 0x59, 0x19, 0x59, 0x11, 0x59, 
	0x19, 0x59, 0x19, 0x59, 0x19, 0x5b, 0x19, 0x59, 
	0x19, 0x59, 0x19, 0x59, 0x11, 0x59, 0x21, 0x9b, 
	0x19, 0x59, 0x19, 0x57, 0x19, 0x57, 0x19, 0x57, 
	0x21, 0x59, 0x19, 0x59, 0x19, 0x17, 0x19, 0x57, 
	0x11, 0x17, 0x19, 0x57, 0x19, 0x57, 0x19, 0x57, 
	0x21, 0x99, 0x19, 0x57, 0x21, 0x99, 0x21, 0x99, 
	0x19, 0x57, 0x11, 0x17, 0x11, 0x17, 0x19, 0x57, 
	0x19, 0x57, 0x19, 0x57, 0x19, 0x57, 0x19, 0x57, 
	0x19, 0x57, 0x19, 0x57, 0x11, 0x57, 0x11, 0x57, 
	0x19, 0x57, 0x32, 0x1b, 0x21, 0x99, 0x19, 0x57, 
	0x19, 0x57, 0x19, 0x57, 0x21, 0x57, 0x19, 0x57, 
	0x19, 0x57, 0x21, 0x99, 0x21, 0x99, 0x19, 0x57, 
	0x19, 0x59, 0x21, 0x99, 0x19, 0x59, 0x19, 0x57, 
	0x11, 0x17, 0x19, 0x57, 0x21, 0x99, 0x11, 0x17, 
	0x11, 0x17, 0x11, 0x17, 0x19, 0x57, 0x19, 0x57, 
	0x11, 0x17, 0x19, 0x59, 0x19, 0x57, 0x19, 0x57, 
	0x19, 0x57, 0x19, 0x57, 0x11, 0x17, 0x21, 0x99, 
	0x32, 0x1b, 0x19, 0x57, 0x19, 0x57, 0x19, 0x57, 
	0x19, 0x57, 0x19, 0x17, 0x19, 0x57, 0x11, 0x17, 
	0x11, 0x17, 0x19, 0x57, 0x19, 0x57, 0x19, 0x59, 
	0x21, 0x9b, 0x21, 0x99, 0x19, 0x57, 0x19, 0x57, 
	0x19, 0x57, 0x19, 0x57, 0x19, 0x57, 0x11, 0x59, 
	0x21, 0x99, 0x11, 0x57, 0x29, 0xdb, 0x42, 0x5f, 
	0x11, 0x17, 0x19, 0x57, 0x19, 0x59, 0x19, 0x57, 
	0x19, 0x59, 0x19, 0x59, 0x11, 0x59, 0x11, 0x59, 
	0x19, 0x57, 0x19, 0x59, 0x19, 0x59, 0x19, 0x59, 
	0x19, 0x57, 0x19, 0x59, 0x11, 0x59, 0x11, 0x59, 
	0x19, 0x59, 0x19, 0x59, 0x11, 0x59, 0x19, 0x59, 
	0x19, 0x59, 0x19, 0x59, 0x19, 0x59, 0x11, 0x59, 
	0x11, 0x59, 0x19, 0x59, 0x11, 0x59, 0x11, 0x59, 
	0x11, 0x59, 0x11, 0x59, 0x21, 0x9b, 0x19, 0x59, 
	0x19, 0x5b, 0x19, 0x5b, 0x4a, 0xe5, 0x19, 0x5b, 
	0x19, 0x9b, 0x21, 0x9b, 0x19, 0x5b, 0x19, 0x5b, 
	0x52, 0x6d, 0x4a, 0x6b, 0x39, 0xa9, 0x39, 0xa9, 
	0x39, 0xa9, 0x39, 0xa9, 0x39, 0xe9, 0x39, 0xe9, 
	0x39, 0xe9, 0x39, 0xe9, 0x41, 0xeb, 0x39, 0xe9, 
	0x5a, 0xad, 0x4a, 0x29, 0x39, 0xe7, 0x39, 0xa7, 
	0x39, 0xe9, 0x62, 0xef, 0x39, 0xa9, 0x42, 0x2b, 
	0x39, 0xe9, 0x39, 0xa9, 0x39, 0xa9, 0x39, 0xa9, 
	0x39, 0xab, 0x41, 0xe9, 0x41, 0xa9, 0x41, 0xa9, 
	0x41, 0xeb, 0x49, 0xeb, 0x49, 0xed, 0x49, 0xed, 
	0x4a, 0x2f, 0x4a, 0x2f, 0x4a, 0x2f, 0x5a, 0x71, 
	0x52, 0x71, 0x4a, 0x2f, 0x52, 0x2f, 0x49, 0xef, 
	0x4a, 0x2f, 0x49, 0xef, 0x49, 0xed, 0x49, 0xed, 
	0x6a, 0xf5, 0x4a, 0x2f, 0x4a, 0x71, 0x42, 0x2f, 
	0x41, 0xed, 0x41, 0xed, 0x41, 0xeb, 0x41, 0xeb, 
	0x41, 0xeb, 0x41, 0xeb, 0x39, 0xab, 0x31, 0xa9, 
	0x39, 0xa9, 0x39, 0xa7, 0x39, 0xa9, 0x39, 0xa9, 
	0x39, 0xa9, 0x39, 0xa9, 0x39, 0xa9, 0x39, 0xa9, 
	0x39, 0xeb, 0x39, 0xed, 0x39, 0xed, 0x42, 0x2d, 
	0x42, 0x2d, 0x39, 0xeb, 0x39, 0xeb, 0x39, 0xeb, 
	0x3a, 0x2b, 0x31, 0xe9, 0x31, 0xe9, 0x3a, 0x2b, 
	0x3a, 0x2b, 0x39, 0xeb, 0x39, 0xeb, 0x39, 0xed, 
	0x3a, 0x2d, 0x39, 0xed, 0x31, 0xeb, 0x31, 0xeb, 
	0x3a, 0x2d, 0x31, 0xeb, 0x31, 0xe9, 0x29, 0xe7, 
	0x29, 0xe7, 0x31, 0xe7, 0x29, 0xe5, 0x29, 0xe7, 
	0x29, 0xe7, 0x29, 0xa5, 0x29, 0xe5, 0x29, 0xe5, 
	0x29, 0xe5, 0x29, 0xe5, 0x29, 0xa3, 0x21, 0xa1, 
	0x19, 0x9f, 0x19, 0x9f, 0x19, 0xdf, 0x11, 0x9d, 
	0x2a, 0x1f, 0x21, 0xdd, 0x19, 0x9b, 0x19, 0x9b, 
	0x11, 0x5b, 0x11, 0x59, 0x11, 0x59, 0x11, 0x59, 
	0x19, 0x9b, 0x11, 0x59, 0x19, 0x99, 0x19, 0x59, 
	0x19, 0x9b, 0x19, 0x59, 0x19, 0x59, 0x19, 0x9b, 
	0x19, 0x9b, 0x11, 0x59, 0x19, 0x59, 0x19, 0x59, 
	0x32, 0x1d, 0x32, 0x1d, 0x11, 0x59, 0x21, 0x9b, 
	0x11, 0x59, 0x11, 0x59, 0x19, 0x59, 0x29, 0xdd, 
	0x19, 0x59, 0x19, 0x57, 0x31, 0xdb, 0x19, 0x57, 
	0x19, 0x57, 0x19, 0x57, 0x19, 0x59, 0x19, 0x59, 
	0x19, 0x57, 0x19, 0x57, 0x19, 0x59, 0x11, 0x17, 
	0x19, 0x57, 0x19, 0x17, 0x19, 0x57, 0x19, 0x57, 
	0x19, 0x57, 0x21, 0x9b, 0x11, 0x17, 0x19, 0x57, 
	0x19, 0x57, 0x19, 0x57, 0x11, 0x57, 0x21, 0x99, 
	0x19, 0x57, 0x11, 0x57, 0x11, 0x57, 0x11, 0x57, 
	0x19, 0x57, 0x21, 0x57, 0x19, 0x17, 0x19, 0x17, 
	0x19, 0x57, 0x19, 0x17, 0x19, 0x57, 0x21, 0x99, 
	0x19, 0x57, 0x19, 0x57, 0x11, 0x57, 0x11, 0x17, 
	0x19, 0x57, 0x21, 0x59, 0x19, 0x57, 0x21, 0x99, 
	0x19, 0x57, 0x19, 0x57, 0x19, 0x57, 0x11, 0x17, 
	0x19, 0x57, 0x11, 0x17, 0x21, 0x99, 0x19, 0x57, 
	0x11, 0x17, 0x21, 0x99, 0x19, 0x57, 0x19, 0x57, 
	0x32, 0x1d, 0x11, 0x17, 0x11, 0x17, 0x11, 0x17, 
	0x19, 0x57, 0x19, 0x17, 0x19, 0x57, 0x4a, 0x9d, 
	0x3a, 0x5d, 0x19, 0x57, 0x19, 0x57, 0x11, 0x17, 
	0x11, 0x17, 0x19, 0x57, 0x21, 0x99, 0x19, 0x57, 
	0x19, 0x59, 0x19, 0x57, 0x19, 0x57, 0x29, 0xdb, 
	0x19, 0x57, 0x21, 0x99, 0x19, 0x59, 0x11, 0x57, 
	0x11, 0x57, 0x11, 0x57, 0x11, 0x17, 0x32, 0x1b, 
	0x19, 0x57, 0x19, 0x57, 0x19, 0x57, 0x29, 0xdd, 
	0x19, 0x59, 0x19, 0x59, 0x11, 0x59, 0x19, 0x57, 
	0x19, 0x57, 0x19, 0x59, 0x21, 0x99, 0x19, 0x57, 
	0x19, 0x57, 0x19, 0x59, 0x19, 0x9b, 0x11, 0x59, 
	0x19, 0x5b, 0x19, 0x9b, 0x11, 0x59, 0x11, 0x59, 
	0x11, 0x59, 0x21, 0xdb, 0x19, 0x59, 0x11, 0x59, 
	0x19, 0x59, 0x19, 0x59, 0x19, 0x5b, 0x19, 0x59, 
	0x21, 0x9b, 0x11, 0x59, 0x11, 0x59, 0x11, 0x59, 
	0x11, 0x59, 0x11, 0x59, 0x19, 0x59, 0x19, 0x5b, 
	0x19, 0x59, 0x19, 0x5b, 0x42, 0xa3, 0x11, 0x59, 
	0x39, 0xa7, 0x39, 0xa9, 0x39, 0xa9, 0x31, 0xa7, 
	0x31, 0xa7, 0x31, 0xa7, 0x31, 0xa7, 0x39, 0xa9, 
	0x39, 0xe9, 0x39, 0xe9, 0x39, 0xe9, 0x39, 0xa9, 
	0x39, 0xa7, 0x41, 0xe7, 0x39, 0xa7, 0x39, 0xa7, 
	0x39, 0xa7, 0x39, 0xa7, 0x39, 0xa7, 0x41, 0xe9, 
	0x39, 0xa9, 0x39, 0xe9, 0x39, 0xa9, 0x39, 0xe9, 
	0x39, 0xa9, 0x39, 0xa9, 0x39, 0xa9, 0x41, 0xe9, 
	0x49, 0xeb, 0x49, 0xed, 0x49, 0xed, 0x49, 0xed, 
	0x49, 0xed, 0x4a, 0x2f, 0x4a, 0x2f, 0x49, 0xef, 
	0x4a, 0x2f, 0x49, 0xed, 0x4a, 0x2f, 0x49, 0xef, 
	0x4a, 0x2f, 0x49, 0xef, 0x49, 0xef, 0x49, 0xed, 
	0x4a, 0x2f, 0x52, 0x31, 0x52, 0x31, 0x49, 0xef, 
	0x41, 0xed, 0x41, 0xeb, 0x41, 0xeb, 0x41, 0xeb, 
	0x41, 0xeb, 0x41, 0xeb, 0x39, 0xab, 0x39, 0xe9, 
	0x39, 0xa9, 0x39, 0xa9, 0x39, 0xe9, 0x41, 0xe9, 
	0x39, 0xe9, 0x39, 0xe9, 0x39, 0xa9, 0x39, 0xeb, 
	0x41, 0xed, 0x42, 0x2f, 0x39, 0xed, 0x39, 0xed, 
	0x42, 0x2f, 0x39, 0xed, 0x39, 0xed, 0x39, 0xe9, 
	0x73, 0xb1, 0x31, 0xe9, 0x39, 0xe9, 0x4a, 0x6d, 
	0x42, 0x2b, 0x39, 0xeb, 0x42, 0x2d, 0x39, 0xed, 
	0x3a, 0x2d, 0x3a, 0x2d, 0x31, 0xed, 0x31, 0xeb, 
	0x3a, 0x2d, 0x39, 0xeb, 0x31, 0xe9, 0x31, 0xe9, 
	0x31, 0xe9, 0x31, 0xe9, 0x31, 0xe7, 0x31, 0xe7, 
	0x32, 0x29, 0x31, 0xe7, 0x31, 0xe7, 0x29, 0xe5, 
	0x29, 0xe5, 0x29, 0xe3, 0x32, 0x25, 0x21, 0xa1, 
	0x21, 0xdf, 0x19, 0x9d, 0x11, 0x9d, 0x32, 0x61, 
	0x19, 0x9d, 0x19, 0x9d, 0x19, 0x9b, 0x19, 0x9b, 
	0x11, 0x5b, 0x19, 0x9b, 0x19, 0x9b, 0x11, 0x59, 
	0x11, 0x59, 0x11, 0x59, 0x11, 0x59, 0x11, 0x59, 
	0x19, 0x59, 0x19, 0x9b, 0x21, 0x9b, 0x21, 0x9b, 
	0x11, 0x59, 0x19, 0x9b, 0x11, 0x59, 0x11, 0x59, 
	0x11, 0x59, 0x19, 0x59, 0x19, 0x59, 0x19, 0x59, 
	0x19, 0x59, 0x21, 0x9b, 0x19, 0x59, 0x19, 0x59, 
	0x11, 0x59, 0x19, 0x57, 0x19, 0x57, 0x19, 0x57, 
	0x19, 0x57, 0x53, 0x23, 0x19, 0x57, 0x19, 0x57, 
	0x19, 0x57, 0x19, 0x57, 0x11, 0x17, 0x11, 0x17, 
	0x11, 0x17, 0x19, 0x57, 0x19, 0x57, 0x19, 0x17, 
	0x19, 0x57, 0x19, 0x57, 0x31, 0xdb, 0x11, 0x17, 
	0x11, 0x17, 0x19, 0x57, 0x19, 0x59, 0x11, 0x17, 
	0x19, 0x57, 0x11, 0x57, 0x11, 0x17, 0x11, 0x17, 
	0x21, 0x99, 0x29, 0xdb, 0x21, 0x59, 0x19, 0x57, 
	0x19, 0x57, 0x21, 0x99, 0x19, 0x17, 0x19, 0x57, 
	0x19, 0x57, 0x21, 0x99, 0x19, 0x57, 0x11, 0x17, 
	0x19, 0x57, 0x19, 0x57, 0x19, 0x57, 0x19, 0x57, 
	0x19, 0x57, 0x11, 0x17, 0x21, 0x99, 0x3a, 0x1d, 
	0x19, 0x17, 0x19, 0x57, 0x19, 0x57, 0x19, 0x57, 
	0x19, 0x57, 0x11, 0x17, 0x19, 0x57, 0x11, 0x17, 
	0x19, 0x57, 0x11, 0x17, 0x11, 0x17, 0x19, 0x57, 
	0x19, 0x57, 0x11, 0x17, 0x19, 0x17, 0x29, 0x99, 
	0x21, 0x99, 0x19, 0x17, 0x19, 0x57, 0x11, 0x17, 
	0x11, 0x17, 0x11, 0x17, 0x19, 0x57, 0x11, 0x17, 
	0x19, 0x57, 0x19, 0x57, 0x19, 0x57, 0x11, 0x17, 
	0x19, 0x59, 0x19, 0x57, 0x19, 0x57, 0x19, 0x59, 
	0x21, 0x99, 0x11, 0x57, 0x11, 0x17, 0x19, 0x57, 
	0x19, 0x57, 0x19, 0x57, 0x19, 0x57, 0x19, 0x57, 
	0x19, 0x57, 0x19, 0x57, 0x19, 0x57, 0x19, 0x57, 
	0x19, 0x57, 0x19, 0x57, 0x19, 0x57, 0x19, 0x57, 
	0x11, 0x57, 0x11, 0x59, 0x11, 0x59, 0x11, 0x59, 
	0x21, 0x9b, 0x21, 0x9b, 0x19, 0x59, 0x19, 0x59, 
	0x11, 0x59, 0x11, 0x59, 0x11, 0x59, 0x11, 0x59, 
	0x11, 0x59, 0x11, 0x59, 0x19, 0x5b, 0x19, 0x59, 
	0x19, 0x59, 0x11, 0x59, 0x11, 0x59, 0x11, 0x59, 
	0x11, 0x59, 0x11, 0x59, 0x11, 0x59, 0x11, 0x59, 
	0x11, 0x59, 0x29, 0xdd, 0x32, 0x1f, 0x11, 0x59, 
	0x31, 0xa7, 0x31, 0xa7, 0x39, 0xa9, 0x52, 0x6d, 
	0x42, 0x29, 0x39, 0xe9, 0x31, 0xa7, 0x31, 0xa7, 
	0x39, 0xa7, 0x42, 0x2b, 0x39, 0xe9, 0x39, 0xa9, 
	0x39, 0xa7, 0x39, 0xa7, 0x39, 0xa5, 0x42, 0x29, 
	0x41, 0xe9, 0x39, 0xa7, 0x39, 0xa7, 0x39, 0xa9, 
	0x39, 0xa9, 0x41, 0xeb, 0x39, 0xe9, 0x39, 0xe9, 
	0x42, 0x2b, 0x39, 0xe9, 0x39, 0xe9, 0x39, 0xe9, 
	0x41, 0xeb, 0x41, 0xeb, 0x49, 0xed, 0x49, 0xed, 
	0x41, 0xed, 0x49, 0xed, 0x4a, 0x2f, 0x4a, 0x2d, 
	0x4a, 0x2d, 0x49, 0xed, 0x49, 0xef, 0x4a, 0x2f, 
	0x52, 0x31, 0x4a, 0x2f, 0x49, 0xef, 0x52, 0x2f, 
	0x4a, 0x2f, 0x52, 0x31, 0x4a, 0x2f, 0x49, 0xef, 
	0x41, 0xed, 0x41, 0xed, 0x41, 0xed, 0x41, 0xed, 
	0x4a, 0x2d, 0x41, 0xeb, 0x39, 0xeb, 0x4a, 0x6d, 
	0x39, 0xeb, 0x39, 0xe9, 0x4a, 0x6d, 0x39, 0xeb, 
	0x5a, 0xaf, 0x39, 0xeb, 0x39, 0xeb, 0x39, 0xed, 
	0x41, 0xef, 0x41, 0xef, 0x39, 0xef, 0x39, 0xef, 
	0x4a, 0x31, 0x5a, 0xb3, 0x39, 0xed, 0x39, 0xeb, 
	0x39, 0xe9, 0x39, 0xeb, 0x39, 0xeb, 0x39, 0xeb, 
	0x39, 0xe9, 0x39, 0xeb, 0x42, 0x2d, 0x42, 0x2d, 
	0x4a, 0x6f, 0x3a, 0x2d, 0x39, 0xed, 0x3a, 0x2d, 
	0x3a, 0x2d, 0x31, 0xeb, 0x31, 0xe9, 0x31, 0xe9, 
	0x3a, 0x2b, 0x31, 0xe9, 0x31, 0xe9, 0x31, 0xe7, 
	0x31, 0xe7, 0x31, 0xe9, 0x31, 0xe9, 0x4a, 0xab, 
	0x29, 0xe5, 0x21, 0xe3, 0x21, 0xa1, 0x19, 0x9f, 
	0x21, 0xdf, 0x19, 0xdd, 0x22, 0x21, 0x19, 0x9d, 
	0x11, 0x9b, 0x19, 0x9d, 0x19, 0x9d, 0x11, 0x5b, 
	0x19, 0x9b, 0x21, 0x9d, 0x19, 0x9b, 0x19, 0x9b, 
	0x11, 0x59, 0x11, 0x59, 0x19, 0x9b, 0x11, 0x59, 
	0x19, 0x59, 0x19, 0x9b, 0x21, 0xdb, 0x19, 0x9b, 
	0x19, 0x59, 0x11, 0x59, 0x19, 0x5b, 0x21, 0x9b, 
	0x19, 0x5b, 0x19, 0x59, 0x19, 0x5b, 0x19, 0x59, 
	0x19, 0x59, 0x19, 0x5b, 0x19, 0x59, 0x32, 0x1d, 
	0x19, 0x59, 0x19, 0x57, 0x19, 0x57, 0x19, 0x57, 
	0x11, 0x57, 0x19, 0x59, 0x19, 0x59, 0x11, 0x57, 
	0x11, 0x57, 0x11, 0x57, 0x19, 0x57, 0x11, 0x17, 
	0x19, 0x57, 0x19, 0x57, 0x21, 0x99, 0x19, 0x57, 
	0x11, 0x17, 0x19, 0x57, 0x29, 0xdb, 0x11, 0x17, 
	0x32, 0x1b, 0x11, 0x17, 0x19, 0x57, 0x19, 0x57, 
	0x11, 0x17, 0x19, 0x57, 0x19, 0x57, 0x11, 0x17, 
	0x19, 0x57, 0x19, 0x57, 0x19, 0x57, 0x19, 0x57, 
	0x19, 0x57, 0x19, 0x57, 0x19, 0x17, 0x19, 0x57, 
	0x19, 0x57, 0x19, 0x57, 0x19, 0x57, 0x19, 0x57, 
	0x19, 0x57, 0x19, 0x57, 0x19, 0x57, 0x21, 0x99, 
	0x11, 0x17, 0x11, 0x17, 0x11, 0x17, 0x11, 0x17, 
	0x11, 0x17, 0x32, 0x1d, 0x11, 0x17, 0x11, 0x17, 
	0x19, 0x57, 0x19, 0x57, 0x11, 0x17, 0x19, 0x57, 
	0x11, 0x17, 0x11, 0x17, 0x11, 0x17, 0x19, 0x57, 
	0x19, 0x57, 0x11, 0x17, 0x19, 0x17, 0x19, 0x57, 
	0x19, 0x57, 0x19, 0x17, 0x11, 0x17, 0x11, 0x17, 
	0x11, 0x17, 0x11, 0x17, 0x19, 0x57, 0x11, 0x17, 
	0x19, 0x57, 0x19, 0x57, 0x19, 0x57, 0x19, 0x57, 
	0x21, 0x99, 0x11, 0x17, 0x19, 0x57, 0x19, 0x57, 
	0x21, 0x99, 0x11, 0x17, 0x19, 0x57, 0x11, 0x17, 
	0x11, 0x17, 0x21, 0x59, 0x11, 0x17, 0x11, 0x17, 
	0x19, 0x57, 0x19, 0x57, 0x19, 0x57, 0x19, 0x57, 
	0x19, 0x57, 0x19, 0x57, 0x11, 0x17, 0x19, 0x57, 
	0x19, 0x57, 0x19, 0x59, 0x29, 0xdd, 0x19, 0x59, 
	0x21, 0x9b, 0x19, 0x5b, 0x19, 0x9b, 0x19, 0x59, 
	0x11, 0x59, 0x11, 0x59, 0x11, 0x59, 0x11, 0x59, 
	0x11, 0x59, 0x11, 0x59, 0x11, 0x59, 0x19, 0x59, 
	0x19, 0x59, 0x19, 0x59, 0x19, 0x59, 0x19, 0x59, 
	0x11, 0x59, 0x29, 0xdd, 0x19, 0x59, 0x11, 0x59, 
	0x11, 0x59, 0x21, 0xdd, 0x11, 0x59, 0x11, 0x59, 
	0x39, 0xa9, 0x39, 0xa9, 0x31, 0xa7, 0x42, 0x29, 
	0x41, 0xe9, 0x39, 0xe9, 0x39, 0xe9, 0x31, 0xa7, 
	0x39, 0xa9, 0x39, 0xa9, 0x4a, 0x2b, 0x39, 0xe9, 
	0x39, 0xa5, 0x39, 0xa5, 0x39, 0xa5, 0x39, 0xa5, 
	0x39, 0xa5, 0x39, 0xa7, 0x39, 0xa7, 0x39, 0xa7, 
	0x39, 0xa9, 0x39, 0xe9, 0x39, 0xe9, 0x39, 0xa9, 
	0x4a, 0x2b, 0x39, 0xa9, 0x39, 0xe9, 0x39, 0xe9, 
	0x41, 0xeb, 0x41, 0xeb, 0x41, 0xeb, 0x41, 0xeb, 
	0x41, 0xeb, 0x41, 0xeb, 0x49, 0xed, 0x49, 0xed, 
	0x49, 0xed, 0x49, 0xed, 0x4a, 0x2f, 0x4a, 0x2f, 
	0x4a, 0x2f, 0x49, 0xef, 0x49, 0xef, 0x49, 0xef, 
	0x49, 0xef, 0x52, 0x2f, 0x4a, 0x2f, 0x49, 0xed, 
	0x5a, 0xb1, 0x49, 0xed, 0x41, 0xed, 0x41, 0xed, 
	0x4a, 0x2d, 0x41, 0xeb, 0x5a, 0xaf, 0x39, 0xeb, 
	0x41, 0xed, 0x39, 0xeb, 0x41, 0xeb, 0x39, 0xeb, 
	0x39, 0xeb, 0x39, 0xeb, 0x39, 0xed, 0x39, 0xed, 
	0x41, 0xef, 0x39, 0xef, 0x39, 0xef, 0x41, 0xef, 
	0x42, 0x31, 0x41, 0xef, 0x39, 0xed, 0x39, 0xeb, 
	0x42, 0x2d, 0x42, 0x2d, 0x39, 0xed, 0x39, 0xeb, 
	0x39, 0xe9, 0x39, 0xeb, 0x42, 0x2d, 0x42, 0x2d, 
	0x4a, 0x6f, 0x3a, 0x2d, 0x39, 0xed, 0x31, 0xeb, 
	0x3a, 0x2b, 0x3a, 0x2b, 0x42, 0x6b, 0x3a, 0x2b, 
	0x3a, 0x2b, 0x3a, 0x2b, 0x31, 0xe9, 0x31, 0xe9, 
	0x29, 0xe7, 0x31, 0xe7, 0x31, 0xe9, 0x3a, 0x6b, 
	0x29, 0xe5, 0x29, 0xe3, 0x19, 0x9f, 0x19, 0x9d, 
	0x21, 0xdd, 0x19, 0xdd, 0x19, 0x9d, 0x11, 0x9d, 
	0x11, 0x9d, 0x19, 0x9d, 0x19, 0x9d, 0x11, 0x5b, 
	0x19, 0x9d, 0x19, 0x9b, 0x21, 0x9d, 0x19, 0x9d, 
	0x19, 0x9b, 0x19, 0x99, 0x19, 0x99, 0x19, 0x9b, 
	0x19, 0x9b, 0x19, 0x59, 0x19, 0x9b, 0x19, 0x9b, 
	0x21, 0x9b, 0x19, 0x59, 0x19, 0x59, 0x19, 0x59, 
	0x11, 0x59, 0x11, 0x59, 0x19, 0x5b, 0x19, 0x5b, 
	0x19, 0x59, 0x11, 0x59, 0x11, 0x59, 0x11, 0x59, 
	0x11, 0x59, 0x11, 0x59, 0x11, 0x57, 0x11, 0x57, 
	0x11, 0x59, 0x19, 0x59, 0x19, 0x59, 0x19, 0x59, 
	0x11, 0x57, 0x11, 0x57, 0x19, 0x57, 0x11, 0x17, 
	0x19, 0x57, 0x19, 0x57, 0x19, 0x57, 0x19, 0x57, 
	0x19, 0x57, 0x32, 0x1d, 0x11, 0x17, 0x11, 0x17, 
	0x11, 0x17, 0x19, 0x57, 0x19, 0x57, 0x19, 0x57, 
	0x11, 0x17, 0x19, 0x57, 0x11, 0x17, 0x32, 0x1d, 
	0x19, 0x57, 0x11, 0x57, 0x11, 0x57, 0x11, 0x57, 
	0x21, 0x59, 0x29, 0xdb, 0x19, 0x57, 0x19, 0x57, 
	0x19, 0x57, 0x19, 0x57, 0x19, 0x57, 0x19, 0x57, 
	0x11, 0x17, 0x19, 0x57, 0x19, 0x57, 0x19, 0x57, 
	0x11, 0x17, 0x11, 0x17, 0x11, 0x17, 0x11, 0x17, 
	0x11, 0x17, 0x11, 0x17, 0x19, 0x57, 0x11, 0x17, 
	0x19, 0x57, 0x19, 0x57, 0x21, 0x99, 0x19, 0x57, 
	0x11, 0x17, 0x3a, 0x1d, 0x11, 0x17, 0x11, 0x17, 
	0x11, 0x17, 0x11, 0x17, 0x21, 0x99, 0x21, 0x99, 
	0x19, 0x57, 0x19, 0x17, 0x19, 0x57, 0x11, 0x17, 
	0x11, 0x17, 0x11, 0x17, 0x19, 0x57, 0x11, 0x17, 
	0x19, 0x57, 0x19, 0x57, 0x11, 0x57, 0x19, 0x57, 
	0x19, 0x57, 0x19, 0x57, 0x11, 0x17, 0x21, 0x99, 
	0x29, 0x99, 0x21, 0x99, 0x11, 0x17, 0x11, 0x17, 
	0x19, 0x17, 0x21, 0x99, 0x19, 0x57, 0x19, 0x17, 
	0x11, 0x17, 0x31, 0xdb, 0x11, 0x17, 0x19, 0x59, 
	0x19, 0x57, 0x11, 0x17, 0x11, 0x17, 0x19, 0x57, 
	0x19, 0x57, 0x3a, 0x1d, 0x29, 0xdd, 0x19, 0x99, 
	0x19, 0x59, 0x19, 0x59, 0x19, 0x59, 0x21, 0xdd, 
	0x19, 0x59, 0x11, 0x59, 0x19, 0x59, 0x11, 0x59, 
	0x19, 0x59, 0x19, 0x59, 0x19, 0x59, 0x11, 0x59, 
	0x11, 0x59, 0x19, 0x9b, 0x11, 0x59, 0x19, 0x59, 
	0x11, 0x59, 0x21, 0x9b, 0x11, 0x59, 0x21, 0x9b, 
	0x11, 0x59, 0x11, 0x59, 0x11, 0x59, 0x21, 0x9b, 
	0x31, 0xa7, 0x39, 0xe9, 0x31, 0xa7, 0x31, 0xa7, 
	0x31, 0xa7, 0x39, 0xe9, 0x39, 0xe9, 0x31, 0xa7, 
	0x39, 0xa7, 0x39, 0xa7, 0x39, 0xe9, 0x39, 0xe7, 
	0x31, 0xa5, 0x31, 0xa5, 0x39, 0xa3, 0x39, 0xa5, 
	0x39, 0xa5, 0x39, 0xa5, 0x39, 0xa7, 0x39, 0xa7, 
	0x39, 0xa9, 0x39, 0xa9, 0x39, 0xa9, 0x39, 0xa9, 
	0x39, 0xa9, 0x39, 0xe9, 0x39, 0xe9, 0x39, 0xeb, 
	0x41, 0xeb, 0x41, 0xeb, 0x41, 0xeb, 0x41, 0xeb, 
	0x4a, 0x2d, 0x41, 0xeb, 0x41, 0xed, 0x49, 0xed, 
	0x49, 0xed, 0x73, 0x33, 0x4a, 0x2d, 0x6b, 0x33, 
	0x49, 0xef, 0x49, 0xef, 0x49, 0xed, 0x49, 0xed, 
	0x49, 0xef, 0x49, 0xef, 0x49, 0xed, 0x49, 0xed, 
	0x4a, 0x2f, 0x41, 0xed, 0x4a, 0x2d, 0x4a, 0x2d, 
	0x41, 0xed, 0x41, 0xed, 0x4a, 0x2f, 0x4a, 0x2d, 
	0x39, 0xeb, 0x41, 0xeb, 0x39, 0xeb, 0x39, 0xeb, 
	0x39, 0xab, 0x39, 0xeb, 0x39, 0xeb, 0x39, 0xed, 
	0x39, 0xed, 0x39, 0xed, 0x42, 0x2f, 0x42, 0x31, 
	0x41, 0xef, 0x4a, 0x6f, 0x4a, 0x6d, 0x39, 0xeb, 
	0x42, 0x2d, 0x41, 0xed, 0x42, 0x2f, 0x42, 0x2d, 
	0x39, 0xeb, 0x42, 0x2d, 0x42, 0x2d, 0x42, 0x2d, 
	0x42, 0x2f, 0x3a, 0x2d, 0x3a, 0x2d, 0x3a, 0x2d, 
	0x3a, 0x2b, 0x39, 0xe9, 0x31, 0xe9, 0x31, 0xe9, 
	0x31, 0xeb, 0x3a, 0x2b, 0x3a, 0x2b, 0x39, 0xe9, 
	0x31, 0xe7, 0x31, 0xe7, 0x29, 0xe5, 0x29, 0xe5, 
	0x29, 0xe5, 0x21, 0xa1, 0x21, 0xdf, 0x32, 0x21, 
	0x19, 0x9d, 0x21, 0xdf, 0x19, 0x9d, 0x19, 0x9d, 
	0x11, 0x9d, 0x11, 0x9d, 0x19, 0x9d, 0x19, 0x9b, 
	0x32, 0x1f, 0x21, 0x9d, 0x19, 0x9b, 0x19, 0x5b, 
	0x19, 0x9b, 0x21, 0xdd, 0x19, 0x9b, 0x19, 0x9b, 
	0x19, 0x59, 0x19, 0x59, 0x19, 0x59, 0x21, 0x9b, 
	0x19, 0x59, 0x11, 0x59, 0x19, 0x59, 0x32, 0x5f, 
	0x19, 0x9b, 0x21, 0x9b, 0x2a, 0x1d, 0x19, 0x5b, 
	0x19, 0x5b, 0x19, 0x5b, 0x19, 0x5b, 0x19, 0x5b, 
	0x29, 0xdd, 0x11, 0x59, 0x11, 0x59, 0x11, 0x59, 
	0x19, 0x59, 0x21, 0x9b, 0x29, 0xdd, 0x19, 0x5b, 
	0x11, 0x59, 0x11, 0x59, 0x19, 0x59, 0x19, 0x59, 
	0x19, 0x57, 0x19, 0x57, 0x19, 0x59, 0x19, 0x57, 
	0x19, 0x57, 0x19, 0x57, 0x11, 0x17, 0x19, 0x57, 
	0x19, 0x57, 0x11, 0x57, 0x11, 0x57, 0x11, 0x57, 
	0x19, 0x57, 0x19, 0x57, 0x19, 0x17, 0x19, 0x57, 
	0x19, 0x57, 0x11, 0x57, 0x11, 0x57, 0x19, 0x57, 
	0x21, 0xd9, 0x21, 0x99, 0x11, 0x57, 0x11, 0x57, 
	0x11, 0x57, 0x19, 0x57, 0x21, 0x99, 0x19, 0x59, 
	0x19, 0x57, 0x19, 0x57, 0x11, 0x17, 0x11, 0x17, 
	0x11, 0x17, 0x11, 0x17, 0x11, 0x17, 0x11, 0x17, 
	0x11, 0x17, 0x19, 0x57, 0x19, 0x57, 0x11, 0x17, 
	0x11, 0x17, 0x19, 0x57, 0x32, 0x1d, 0x19, 0x57, 
	0x11, 0x17, 0x19, 0x57, 0x21, 0x99, 0x11, 0x17, 
	0x11, 0x17, 0x19, 0x57, 0x19, 0x57, 0x19, 0x57, 
	0x3a, 0x5f, 0x19, 0x57, 0x11, 0x17, 0x11, 0x17, 
	0x11, 0x17, 0x19, 0x57, 0x19, 0x57, 0x11, 0x17, 
	0x11, 0x57, 0x19, 0x57, 0x11, 0x55, 0x19, 0x57, 
	0x21, 0x99, 0x11, 0x17, 0x11, 0x17, 0x19, 0x57, 
	0x32, 0x1b, 0x31, 0xdb, 0x11, 0x17, 0x19, 0x57, 
	0x21, 0x59, 0x19, 0x57, 0x19, 0x57, 0x21, 0x59, 
	0x11, 0x17, 0x11, 0x17, 0x21, 0x99, 0x19, 0x17, 
	0x11, 0x17, 0x11, 0x17, 0x11, 0x17, 0x19, 0x57, 
	0x19, 0x57, 0x19, 0x57, 0x19, 0x57, 0x19, 0x59, 
	0x19, 0x59, 0x11, 0x59, 0x11, 0x59, 0x11, 0x59, 
	0x19, 0x5b, 0x19, 0x9b, 0x19, 0x59, 0x19, 0x59, 
	0x21, 0x9b, 0x21, 0x9b, 0x11, 0x59, 0x11, 0x59, 
	0x19, 0x59, 0x21, 0x9b, 0x2a, 0x1f, 0x21, 0x9b, 
	0x11, 0x59, 0x21, 0xdd, 0x11, 0x59, 0x11, 0x59, 
	0x11, 0x59, 0x11, 0x59, 0x11, 0x59, 0x11, 0x59, 
	0x31, 0xa7, 0x31, 0xa7, 0x31, 0xa7, 0x31, 0xa7, 
	0x39, 0xe9, 0x39, 0xe9, 0x31, 0xa9, 0x31, 0xa7, 
	0x39, 0xe9, 0x39, 0xa5, 0x31, 0xa5, 0x31, 0xa5, 
	0x31, 0xa5, 0x39, 0xa5, 0x39, 0x65, 0x39, 0xa5, 
	0x31, 0xa5, 0x31, 0xa5, 0x39, 0xa7, 0x41, 0xeb, 
	0x39, 0xa9, 0x39, 0xa9, 0x39, 0xa9, 0x39, 0xa9, 
	0x39, 0xa9, 0x39, 0xe9, 0x39, 0xe9, 0x39, 0xeb, 
	0x41, 0xeb, 0x41, 0xeb, 0x41, 0xeb, 0x49, 0xeb, 
	0x41, 0xeb, 0x41, 0xeb, 0x41, 0xeb, 0x41, 0xeb, 
	0x49, 0xed, 0x49, 0xed, 0x49, 0xef, 0x4a, 0x2f, 
	0x49, 0xed, 0x41, 0xed, 0x49, 0xed, 0x49, 0xed, 
	0x49, 0xed, 0x6b, 0x33, 0x49, 0xed, 0x4a, 0x2d, 
	0x49, 0xed, 0x49, 0xed, 0x49, 0xed, 0x41, 0xed, 
	0x49, 0xed, 0x41, 0xed, 0x41, 0xeb, 0x39, 0xeb, 
	0x39, 0xa9, 0x41, 0xe9, 0x41, 0xeb, 0x39, 0xa9, 
	0x39, 0xa9, 0x39, 0xab, 0x39, 0xed, 0x39, 0xed, 
	0x39, 0xed, 0x39, 0xef, 0x41, 0xef, 0x41, 0xf1, 
	0x39, 0xef, 0x39, 0xed, 0x39, 0xed, 0x39, 0xeb, 
	0x39, 0xed, 0x42, 0x2f, 0x42, 0x2f, 0x4a, 0x71, 
	0x41, 0xed, 0x42, 0x2d, 0x42, 0x2f, 0x4a, 0x71, 
	0x42, 0x2f, 0x3a, 0x2f, 0x3a, 0x2d, 0x39, 0xed, 
	0x39, 0xeb, 0x39, 0xe9, 0x42, 0x2b, 0x39, 0xeb, 
	0x39, 0xeb, 0x31, 0xe9, 0x3a, 0x2b, 0x39, 0xeb, 
	0x39, 0xe9, 0x31, 0xe7, 0x4a, 0xe9, 0x21, 0xa3, 
	0x21, 0xa3, 0x21, 0xe1, 0x19, 0x9f, 0x32, 0x23, 
	0x19, 0x9f, 0x19, 0x9d, 0x19, 0x9d, 0x19, 0x9d, 
	0x19, 0x9d, 0x11, 0x9b, 0x11, 0x9b, 0x11, 0x5b, 
	0x19, 0x9b, 0x19, 0x5b, 0x19, 0x5b, 0x19, 0x5b, 
	0x19, 0x9b, 0x19, 0x9b, 0x19, 0x5b, 0x21, 0x9d, 
	0x19, 0x9b, 0x19, 0x9b, 0x19, 0x9b, 0x11, 0x5b, 
	0x21, 0xdd, 0x11, 0x5b, 0x19, 0x5b, 0x11, 0x5b, 
	0x19, 0x5b, 0x19, 0x5b, 0x19, 0x5b, 0x19, 0x5b, 
	0x19, 0x5b, 0x32, 0x1f, 0x21, 0xdd, 0x19, 0x9b, 
	0x21, 0xdb, 0x19, 0x9b, 0x19, 0x59, 0x19, 0x59, 
	0x19, 0x9b, 0x21, 0xdd, 0x29, 0xdd, 0x19, 0x59, 
	0x21, 0xdb, 0x19, 0x59, 0x21, 0x9b, 0x19, 0x9b, 
	0x19, 0x59, 0x19, 0x59, 0x19, 0x59, 0x11, 0x59, 
	0x19, 0x59, 0x11, 0x59, 0x21, 0x99, 0x11, 0x17, 
	0x19, 0x17, 0x19, 0x17, 0x11, 0x17, 0x19, 0x59, 
	0x19, 0x57, 0x31, 0xdb, 0x19, 0x59, 0x19, 0x57, 
	0x19, 0x57, 0x19, 0x57, 0x19, 0x59, 0x21, 0x99, 
	0x21, 0x99, 0x19, 0x57, 0x19, 0x57, 0x19, 0x57, 
	0x11, 0x17, 0x19, 0x57, 0x19, 0x57, 0x19, 0x57, 
	0x19, 0x57, 0x19, 0x57, 0x11, 0x17, 0x11, 0x17, 
	0x11, 0x57, 0x11, 0x17, 0x11, 0x17, 0x11, 0x17, 
	0x11, 0x17, 0x11, 0x17, 0x11, 0x17, 0x11, 0x17, 
	0x19, 0x59, 0x19, 0x57, 0x11, 0x17, 0x19, 0x57, 
	0x19, 0x57, 0x19, 0x57, 0x19, 0x59, 0x19, 0x57, 
	0x19, 0x57, 0x19, 0x57, 0x21, 0x99, 0x31, 0xdb, 
	0x19, 0x57, 0x19, 0x17, 0x19, 0x17, 0x19, 0x17, 
	0x19, 0x17, 0x21, 0x99, 0x19, 0x57, 0x11, 0x57, 
	0x19, 0x57, 0x19, 0x57, 0x19, 0x57, 0x19, 0x17, 
	0x19, 0x57, 0x11, 0x17, 0x21, 0x99, 0x42, 0x5f, 
	0x11, 0x57, 0x11, 0x17, 0x11, 0x17, 0x19, 0x57, 
	0x3a, 0x5f, 0x11, 0x17, 0x11, 0x17, 0x19, 0x57, 
	0x19, 0x57, 0x11, 0x17, 0x11, 0x17, 0x11, 0x17, 
	0x11, 0x17, 0x11, 0x17, 0x11, 0x17, 0x19, 0x57, 
	0x3a, 0x5f, 0x31, 0xdd, 0x19, 0x59, 0x19, 0x57, 
	0x11, 0x59, 0x11, 0x59, 0x11, 0x59, 0x11, 0x59, 
	0x11, 0x59, 0x21, 0x9b, 0x21, 0xdb, 0x19, 0x9b, 
	0x11, 0x59, 0x19, 0x9b, 0x19, 0x59, 0x21, 0xdb, 
	0x11, 0x59, 0x19, 0x59, 0x21, 0x9b, 0x19, 0x5b, 
	0x19, 0x9b, 0x19, 0x5b, 0x19, 0x5b, 0x11, 0x59, 
	0x21, 0x9b, 0x19, 0x9b, 0x11, 0x59, 0x11, 0x59, 
	0x31, 0xa5, 0x39, 0xe7, 0x5a, 0xed, 0x42, 0x29, 
	0x31, 0xa7, 0x31, 0xa7, 0x31, 0xa7, 0x31, 0xa7, 
	0x31, 0xa7, 0x41, 0xe7, 0x31, 0xa5, 0x31, 0xa5, 
	0x39, 0xa7, 0x41, 0xe9, 0x39, 0xa7, 0x39, 0xa5, 
	0x31, 0xa5, 0x31, 0xa5, 0x39, 0xa7, 0x39, 0xa9, 
	0x5a, 0xef, 0x39, 0xe9, 0x39, 0xa9, 0x39, 0xa9, 
	0x39, 0xa9, 0x39, 0xa9, 0x39, 0xe9, 0x41, 0xeb, 
	0x41, 0xeb, 0x41, 0xeb, 0x41, 0xeb, 0x41, 0xeb, 
	0x41, 0xe9, 0x41, 0xe9, 0x41, 0xeb, 0x4a, 0x2d, 
	0x41, 0xeb, 0x41, 0xed, 0x49, 0xed, 0x41, 0xed, 
	0x41, 0xed, 0x41, 0xed, 0x41, 0xed, 0x41, 0xed, 
	0x41, 0xed, 0x49, 0xed, 0x49, 0xed, 0x49, 0xed, 
	0x41, 0xed, 0x49, 0xed, 0x52, 0x6f, 0x52, 0x2f, 
	0x49, 0xed, 0x49, 0xed, 0x4a, 0x2d, 0x41, 0xeb, 
	0x39, 0xe9, 0x39, 0xe9, 0x39, 0xa7, 0x39, 0xa7, 
	0x39, 0xa9, 0x39, 0xeb, 0x39, 0xeb, 0x39, 0xab, 
	0x39, 0xeb, 0x41, 0xed, 0x4a, 0x31, 0x42, 0x2f, 
	0x41, 0xef, 0x39, 0xed, 0x39, 0xeb, 0x39, 0xeb, 
	0x42, 0x2f, 0x42, 0x31, 0x4a, 0x31, 0x4a, 0x31, 
	0x42, 0x2f, 0x5a, 0xb3, 0x4a, 0x31, 0x42, 0x2f, 
	0x42, 0x2f, 0x42, 0x2f, 0x3a, 0x2d, 0x3a, 0x2d, 
	0x39, 0xeb, 0x39, 0xeb, 0x42, 0x2b, 0x39, 0xeb, 
	0x39, 0xeb, 0x31, 0xe9, 0x31, 0xe9, 0x39, 0xe9, 
	0x39, 0xeb, 0x3a, 0x2b, 0x29, 0xe5, 0x29, 0xe5, 
	0x21, 0xa1, 0x21, 0xa1, 0x19, 0x9f, 0x19, 0x9f, 
	0x21, 0xa1, 0x19, 0x9f, 0x19, 0x9d, 0x21, 0xdf, 
	0x19, 0x9d, 0x11, 0x9b, 0x11, 0x9b, 0x19, 0x9d, 
	0x3a, 0x63, 0x19, 0x9d, 0x19, 0x9d, 0x19, 0x9b, 
	0x19, 0x9b, 0x11, 0x9b, 0x19, 0x9b, 0x19, 0x9b, 
	0x19, 0x9b, 0x19, 0x9d, 0x19, 0x9b, 0x19, 0x9b, 
	0x19, 0x9b, 0x19, 0x9b, 0x19, 0x5b, 0x11, 0x9b, 
	0x11, 0x9b, 0x11, 0x9b, 0x11, 0x9b, 0x11, 0x9b, 
	0x11, 0x9b, 0x11, 0x9b, 0x19, 0x5b, 0x11, 0x5b, 
	0x19, 0x5b, 0x19, 0x9d, 0x19, 0x9b, 0x19, 0x9b, 
	0x19, 0x9b, 0x21, 0xdd, 0x19, 0x5b, 0x19, 0x9b, 
	0x21, 0x9d, 0x19, 0x9b, 0x19, 0x9b, 0x19, 0x5b, 
	0x19, 0x5b, 0x19, 0x59, 0x11, 0x59, 0x19, 0x59, 
	0x19, 0x59, 0x19, 0x59, 0x21, 0x99, 0x11, 0x57, 
	0x11, 0x17, 0x19, 0x57, 0x19, 0x57, 0x19, 0x57, 
	0x11, 0x17, 0x19, 0x57, 0x19, 0x57, 0x19, 0x57, 
	0x19, 0x57, 0x19, 0x59, 0x19, 0x59, 0x21, 0x9b, 
	0x19, 0x59, 0x19, 0x59, 0x32, 0x1d, 0x19, 0x57, 
	0x11, 0x17, 0x19, 0x57, 0x19, 0x57, 0x19, 0x57, 
	0x11, 0x17, 0x11, 0x17, 0x11, 0x17, 0x11, 0x17, 
	0x11, 0x17, 0x11, 0x17, 0x11, 0x17, 0x11, 0x17, 
	0x11, 0x17, 0x19, 0x57, 0x19, 0x57, 0x19, 0x57, 
	0x19, 0x57, 0x11, 0x17, 0x11, 0x17, 0x19, 0x57, 
	0x19, 0x59, 0x19, 0x57, 0x19, 0x57, 0x19, 0x57, 
	0x19, 0x57, 0x21, 0x99, 0x19, 0x57, 0x19, 0x57, 
	0x19, 0x17, 0x19, 0x17, 0x19, 0x57, 0x3a, 0x1d, 
	0x19, 0x57, 0x19, 0x57, 0x19, 0x57, 0x21, 0x99, 
	0x19, 0x57, 0x21, 0x99, 0x19, 0x17, 0x19, 0x57, 
	0x19, 0x17, 0x19, 0x17, 0x19, 0x17, 0x19, 0x57, 
	0x11, 0x57, 0x11, 0x57, 0x19, 0x57, 0x19, 0x17, 
	0x11, 0x17, 0x19, 0x57, 0x11, 0x17, 0x19, 0x57, 
	0x19, 0x57, 0x19, 0x57, 0x11, 0x17, 0x19, 0x57, 
	0x19, 0x57, 0x19, 0x57, 0x11, 0x17, 0x19, 0x57, 
	0x19, 0x57, 0x21, 0x99, 0x19, 0x59, 0x21, 0x99, 
	0x11, 0x19, 0x19, 0x59, 0x19, 0x59, 0x21, 0x9b, 
	0x19, 0x59, 0x19, 0x59, 0x21, 0x9b, 0x19, 0x59, 
	0x19, 0x59, 0x19, 0x59, 0x19, 0x59, 0x19, 0x59, 
	0x11, 0x59, 0x11, 0x59, 0x19, 0x59, 0x19, 0x59, 
	0x21, 0xdb, 0x19, 0x59, 0x19, 0x59, 0x11, 0x59, 
	0x11, 0x59, 0x11, 0x59, 0x19, 0x59, 0x11, 0x59, 
	0x31, 0xa5, 0x31, 0xa5, 0x31, 0xa7, 0x31, 0xa7, 
	0x31, 0xa7, 0x31, 0xa7, 0x31, 0xa7, 0x31, 0xa5, 
	0x41, 0xe9, 0x39, 0xa7, 0x31, 0xa5, 0x31, 0xa5, 
	0x31, 0xa5, 0x39, 0xa7, 0x39, 0xa5, 0x41, 0xe9, 
	0x39, 0xe7, 0x31, 0xa7, 0x31, 0xa7, 0x31, 0xa7, 
	0x39, 0xa7, 0x39, 0xa9, 0x39, 0xa9, 0x41, 0xe9, 
	0x41, 0xeb, 0x39, 0xa9, 0x39, 0xa9, 0x41, 0xeb, 
	0x41, 0xeb, 0x41, 0xeb, 0x4a, 0x2d, 0x41, 0xeb, 
	0x41, 0xeb, 0x41, 0xeb, 0x41, 0xab, 0x41, 0xe9, 
	0x41, 0xeb, 0x41, 0xeb, 0x41, 0xed, 0x41, 0xed, 
	0x49, 0xed, 0x41, 0xed, 0x41, 0xed, 0x41, 0xed, 
	0x41, 0xed, 0x41, 0xed, 0x41, 0xed, 0x41, 0xed, 
	0x41, 0xed, 0x41, 0xed, 0x41, 0xed, 0x41, 0xed, 
	0x49, 0xef, 0x49, 0xef, 0x41, 0xed, 0x41, 0xeb, 
	0x42, 0x2d, 0x4a, 0x6d, 0x39, 0xe7, 0x31, 0xa7, 
	0x41, 0xeb, 0x39, 0xed, 0x39, 0xab, 0x39, 0xab, 
	0x39, 0xab, 0x42, 0x2d, 0x41, 0xed, 0x42, 0x2f, 
	0x39, 0xed, 0x4a, 0x2f, 0x39, 0xed, 0x41, 0xed, 
	0x42, 0x2f, 0x4a, 0x31, 0x4a, 0x31, 0x42, 0x31, 
	0x4a, 0x71, 0x42, 0x2f, 0x4a, 0x31, 0x42, 0x2f, 
	0x42, 0x2f, 0x42, 0x2f, 0x42, 0x2d, 0x42, 0x2f, 
	0x41, 0xed, 0x41, 0xeb, 0x41, 0xeb, 0x39, 0xeb, 
	0x39, 0xe9, 0x39, 0xe9, 0x39, 0xe9, 0x3a, 0x2b, 
	0x42, 0x2b, 0x31, 0xe9, 0x3a, 0x29, 0x31, 0xe5, 
	0x29, 0xe3, 0x32, 0x25, 0x19, 0xa1, 0x21, 0xa1, 
	0x21, 0xa1, 0x19, 0xa1, 0x21, 0x9f, 0x19, 0x9d, 
	0x19, 0x9b, 0x11, 0x9b, 0x11, 0x9b, 0x11, 0x9d, 
	0x19, 0x9d, 0x19, 0x9f, 0x19, 0x9d, 0x21, 0xdf, 
	0x19, 0x9d, 0x19, 0x9d, 0x19, 0x9b, 0x19, 0xdd, 
	0x19, 0x9b, 0x19, 0x9b, 0x19, 0x9b, 0x19, 0x9b, 
	0x19, 0x9b, 0x19, 0x9b, 0x11, 0x9b, 0x11, 0x9b, 
	0x11, 0x9b, 0x11, 0x9b, 0x11, 0x9b, 0x11, 0x9b, 
	0x19, 0x9d, 0x11, 0x9b, 0x19, 0x5b, 0x19, 0x9d, 
	0x19, 0x9b, 0x19, 0x9b, 0x19, 0x9b, 0x19, 0x9b, 
	0x21, 0xdd, 0x19, 0x9b, 0x19, 0x5b, 0x21, 0x9b, 
	0x19, 0x5b, 0x19, 0x5b, 0x19, 0x5b, 0x11, 0x5b, 
	0x11, 0x5b, 0x11, 0x5b, 0x11, 0x59, 0x11, 0x59, 
	0x19, 0x59, 0x19, 0x59, 0x11, 0x59, 0x11, 0x57, 
	0x11, 0x57, 0x19, 0x59, 0x19, 0x57, 0x11, 0x17, 
	0x19, 0x57, 0x11, 0x17, 0x19, 0x57, 0x19, 0x57, 
	0x19, 0x59, 0x19, 0x5b, 0x19, 0x59, 0x19, 0x59, 
	0x19, 0x59, 0x19, 0x19, 0x11, 0x17, 0x19, 0x17, 
	0x19, 0x17, 0x11, 0x17, 0x19, 0x59, 0x11, 0x19, 
	0x19, 0x59, 0x11, 0x17, 0x11, 0x17, 0x11, 0x17, 
	0x11, 0x17, 0x11, 0x17, 0x11, 0x17, 0x11, 0x17, 
	0x19, 0x57, 0x11, 0x17, 0x21, 0x99, 0x11, 0x17, 
	0x11, 0x17, 0x19, 0x57, 0x19, 0x57, 0x11, 0x17, 
	0x19, 0x57, 0x11, 0x17, 0x11, 0x57, 0x19, 0x57, 
	0x19, 0x15, 0x19, 0x57, 0x19, 0x57, 0x19, 0x57, 
	0x19, 0x17, 0x19, 0x57, 0x21, 0x99, 0x19, 0x17, 
	0x19, 0x57, 0x21, 0x99, 0x19, 0x57, 0x19, 0x57, 
	0x19, 0x17, 0x19, 0x15, 0x19, 0x15, 0x19, 0x57, 
	0x19, 0x15, 0x19, 0x15, 0x11, 0x15, 0x19, 0x55, 
	0x21, 0x99, 0x11, 0x57, 0x19, 0x57, 0x11, 0x57, 
	0x19, 0x57, 0x19, 0x57, 0x11, 0x17, 0x19, 0x57, 
	0x19, 0x17, 0x19, 0x17, 0x11, 0x17, 0x19, 0x57, 
	0x11, 0x17, 0x19, 0x57, 0x3a, 0x5d, 0x19, 0x57, 
	0x19, 0x57, 0x19, 0x57, 0x19, 0x57, 0x19, 0x57, 
	0x19, 0x19, 0x19, 0x59, 0x19, 0x59, 0x19, 0x59, 
	0x19, 0x59, 0x19, 0x59, 0x19, 0x59, 0x19, 0x59, 
	0x19, 0x59, 0x19, 0x59, 0x19, 0x59, 0x19, 0x59, 
	0x11, 0x59, 0x11, 0x59, 0x11, 0x59, 0x21, 0x9b, 
	0x21, 0x9b, 0x19, 0x59, 0x29, 0xdd, 0x11, 0x59, 
	0x19, 0x59, 0x21, 0x9b, 0x19, 0x59, 0x32, 0x1f, 
	0x31, 0xa5, 0x31, 0xa5, 0x31, 0xa7, 0x31, 0xa7, 
	0x31, 0xa7, 0x31, 0xa5, 0x31, 0xa5, 0x39, 0xa7, 
	0x31, 0xa5, 0x31, 0xa5, 0x31, 0xa5, 0x52, 0x6b, 
	0x31, 0xa5, 0x31, 0xa5, 0x31, 0xa5, 0x39, 0xe7, 
	0x39, 0xe7, 0x31, 0xa7, 0x31, 0xa7, 0x31, 0xa7, 
	0x31, 0xa7, 0x31, 0xa7, 0x39, 0xa7, 0x39, 0xa9, 
	0x39, 0xa9, 0x41, 0xeb, 0x41, 0xe9, 0x41, 0xeb, 
	0x41, 0xeb, 0x41, 0xeb, 0x4a, 0x2b, 0x41, 0xeb, 
	0x41, 0xeb, 0x41, 0xeb, 0x41, 0xeb, 0x41, 0xa9, 
	0x41, 0xe9, 0x41, 0xeb, 0x41, 0xed, 0x41, 0xed, 
	0x49, 0xed, 0x4a, 0x2f, 0x4a, 0x2f, 0x41, 0xed, 
	0x41, 0xed, 0x41, 0xed, 0x41, 0xed, 0x41, 0xed, 
	0x49, 0xed, 0x41, 0xed, 0x41, 0xed, 0x41, 0xed, 
	0x49, 0xef, 0x49, 0xef, 0x41, 0xef, 0x4a, 0x6f, 
	0x4a, 0x2d, 0x52, 0xad, 0x39, 0xe9, 0x39, 0xe9, 
	0x39, 0xeb, 0x39, 0xed, 0x39, 0xed, 0x39, 0xed, 
	0x42, 0x2f, 0x4a, 0x71, 0x4a, 0x2f, 0x41, 0xef, 
	0x39, 0xed, 0x39, 0xed, 0x41, 0xed, 0x4a, 0x2f, 
	0x41, 0xed, 0x4a, 0x31, 0x42, 0x2f, 0x4a, 0x31, 
	0x5a, 0xf3, 0x42, 0x2f, 0x42, 0x2f, 0x42, 0x2f, 
	0x41, 0xef, 0x42, 0x2f, 0x42, 0x2d, 0x4a, 0x6f, 
	0x42, 0x2d, 0x42, 0x2d, 0x41, 0xeb, 0x41, 0xeb, 
	0x39, 0xeb, 0x39, 0xeb, 0x3a, 0x2b, 0x31, 0xe7, 
	0x3a, 0x29, 0x31, 0xe9, 0x3a, 0x29, 0x31, 0xa5, 
	0x31, 0xe5, 0x29, 0xa5, 0x32, 0x25, 0x21, 0xa1, 
	0x29, 0xe3, 0x19, 0xa1, 0x19, 0x9f, 0x19, 0x9d, 
	0x11, 0x9b, 0x11, 0x9b, 0x21, 0x9d, 0x21, 0xdf, 
	0x19, 0x9d, 0x19, 0x9d, 0x19, 0x9d, 0x19, 0x9d, 
	0x32, 0x61, 0x11, 0x9d, 0x11, 0x9d, 0x11, 0x9b, 
	0x21, 0xdd, 0x19, 0x9d, 0x19, 0x9b, 0x19, 0x9b, 
	0x19, 0x9b, 0x11, 0x9b, 0x11, 0x9b, 0x11, 0x9b, 
	0x11, 0x9b, 0x11, 0x9b, 0x19, 0x9b, 0x19, 0x9d, 
	0x11, 0x9b, 0x11, 0x9b, 0x11, 0x9b, 0x11, 0x5b, 
	0x11, 0x5b, 0x11, 0x5b, 0x19, 0x9b, 0x19, 0x9b, 
	0x19, 0x9b, 0x19, 0x5b, 0x11, 0x5b, 0x11, 0x5b, 
	0x19, 0x5b, 0x19, 0x59, 0x19, 0x5b, 0x19, 0x9b, 
	0x11, 0x5b, 0x11, 0x5b, 0x11, 0x59, 0x11, 0x5b, 
	0x19, 0x9b, 0x11, 0x59, 0x19, 0x59, 0x11, 0x57, 
	0x19, 0x57, 0x11, 0x57, 0x11, 0x17, 0x11, 0x17, 
	0x11, 0x17, 0x11, 0x17, 0x21, 0x99, 0x19, 0x57, 
	0x19, 0x59, 0x21, 0x9b, 0x11, 0x59, 0x19, 0x59, 
	0x21, 0x5b, 0x19, 0x59, 0x19, 0x59, 0x19, 0x59, 
	0x19, 0x59, 0x19, 0x19, 0x21, 0x5b, 0x19, 0x19, 
	0x21, 0x9b, 0x19, 0x19, 0x19, 0x57, 0x19, 0x59, 
	0x21, 0x59, 0x11, 0x17, 0x11, 0x17, 0x19, 0x57, 
	0x11, 0x17, 0x19, 0x17, 0x11, 0x17, 0x11, 0x17, 
	0x11, 0x17, 0x11, 0x17, 0x11, 0x17, 0x19, 0x57, 
	0x21, 0x59, 0x11, 0x17, 0x11, 0x57, 0x21, 0x97, 
	0x19, 0x57, 0x19, 0x15, 0x19, 0x15, 0x11, 0x17, 
	0x19, 0x17, 0x19, 0x57, 0x19, 0x17, 0x19, 0x17, 
	0x19, 0x17, 0x19, 0x57, 0x19, 0x17, 0x19, 0x57, 
	0x19, 0x17, 0x19, 0x15, 0x11, 0x15, 0x11, 0x15, 
	0x11, 0x15, 0x11, 0x15, 0x11, 0x15, 0x11, 0x15, 
	0x29, 0xd9, 0x11, 0x57, 0x11, 0x57, 0x11, 0x17, 
	0x19, 0x57, 0x19, 0x57, 0x19, 0x57, 0x19, 0x57, 
	0x19, 0x17, 0x19, 0x57, 0x19, 0x57, 0x19, 0x57, 
	0x11, 0x57, 0x19, 0x57, 0x21, 0x99, 0x21, 0x99, 
	0x19, 0x57, 0x19, 0x57, 0x19, 0x57, 0x19, 0x57, 
	0x19, 0x59, 0x21, 0x9b, 0x21, 0x9b, 0x19, 0x9b, 
	0x11, 0x59, 0x19, 0x59, 0x19, 0x59, 0x19, 0x59, 
	0x19, 0x59, 0x29, 0xdd, 0x21, 0x5b, 0x19, 0x59, 
	0x11, 0x59, 0x19, 0x59, 0x19, 0x59, 0x11, 0x59, 
	0x19, 0x5b, 0x19, 0x59, 0x19, 0x59, 0x11, 0x59, 
	0x19, 0x59, 0x11, 0x59, 0x19, 0x59, 0x19, 0x59, 
	0x31, 0xa5, 0x31, 0xa5, 0x31, 0xa5, 0x31, 0xa5, 
	0x31, 0xe7, 0x39, 0xe7, 0x39, 0xe7, 0x52, 0xab, 
	0x4a, 0x69, 0x31, 0xa5, 0x31, 0xa5, 0x52, 0x6b, 
	0x31, 0xa5, 0x31, 0xa5, 0x31, 0xa5, 0x31, 0xa5, 
	0x31, 0xa5, 0x31, 0xa5, 0x39, 0xe7, 0x42, 0x29, 
	0x39, 0xe7, 0x31, 0xa7, 0x31, 0xa7, 0x39, 0xa9, 
	0x39, 0xa9, 0x39, 0xa9, 0x41, 0xe9, 0x49, 0xeb, 
	0x41, 0xeb, 0x4a, 0x2b, 0x41, 0xeb, 0x49, 0xeb, 
	0x41, 0xeb, 0x41, 0xeb, 0x41, 0xeb, 0x41, 0xeb, 
	0x41, 0xeb, 0x41, 0xed, 0x41, 0xed, 0x4a, 0x31, 
	0x49, 0xef, 0x4a, 0x2f, 0x4a, 0x31, 0x49, 0xef, 
	0x49, 0xef, 0x49, 0xed, 0x41, 0xed, 0x41, 0xed, 
	0x41, 0xed, 0x41, 0xed, 0x41, 0xed, 0x41, 0xed, 
	0x49, 0xef, 0x49, 0xef, 0x49, 0xef, 0x4a, 0x2f, 
	0x41, 0xed, 0x41, 0xeb, 0x39, 0xeb, 0x3a, 0x2b, 
	0x39, 0xeb, 0x39, 0xed, 0x41, 0xed, 0x41, 0xed, 
	0x41, 0xef, 0x52, 0xb1, 0x41, 0xef, 0x5a, 0xf3, 
	0x42, 0x2d, 0x39, 0xed, 0x39, 0xed, 0x41, 0xed, 
	0x41, 0xef, 0x4a, 0x71, 0x4a, 0x2f, 0x4a, 0x2f, 
	0x42, 0x2f, 0x42, 0x2f, 0x4a, 0x2f, 0x4a, 0x31, 
	0x4a, 0x2f, 0x42, 0x2f, 0x42, 0x2d, 0x42, 0x2d, 
	0x42, 0x2d, 0x42, 0x2d, 0x42, 0x2d, 0x41, 0xed, 
	0x39, 0xed, 0x39, 0xeb, 0x39, 0xe9, 0x31, 0xe7, 
	0x31, 0xe9, 0x39, 0xe9, 0x31, 0xe7, 0x29, 0xa5, 
	0x31, 0xe7, 0x3a, 0x29, 0x3a, 0x27, 0x21, 0xa1, 
	0x32, 0x25, 0x19, 0xa1, 0x19, 0x9f, 0x19, 0x9d, 
	0x19, 0x9b, 0x19, 0x9b, 0x19, 0x9d, 0x21, 0xdf, 
	0x19, 0x9d, 0x19, 0x9d, 0x19, 0x9d, 0x22, 0x21, 
	0x19, 0x9d, 0x11, 0x9d, 0x11, 0x9d, 0x11, 0x9d, 
	0x21, 0xdd, 0x19, 0x9b, 0x19, 0x9b, 0x19, 0x9b, 
	0x19, 0x9b, 0x11, 0x9b, 0x11, 0x9b, 0x11, 0x9b, 
	0x11, 0x9b, 0x11, 0x9b, 0x11, 0x9b, 0x19, 0xdd, 
	0x11, 0x9b, 0x11, 0x9b, 0x11, 0x9b, 0x19, 0x9b, 
	0x19, 0x9b, 0x11, 0x9b, 0x21, 0xdd, 0x19, 0x9b, 
	0x19, 0x9b, 0x19, 0x9b, 0x19, 0x9b, 0x19, 0x9b, 
	0x11, 0x5b, 0x19, 0x5b, 0x19, 0x5b, 0x19, 0x9b, 
	0x21, 0xdd, 0x11, 0x9b, 0x11, 0x5b, 0x11, 0x59, 
	0x19, 0x9b, 0x11, 0x59, 0x19, 0x59, 0x19, 0x59, 
	0x21, 0xdb, 0x19, 0x57, 0x11, 0x17, 0x19, 0x59, 
	0x11, 0x17, 0x19, 0x57, 0x11, 0x17, 0x11, 0x17, 
	0x29, 0xdd, 0x19, 0x59, 0x21, 0x9b, 0x11, 0x59, 
	0x19, 0x59, 0x19, 0x59, 0x19, 0x19, 0x19, 0x59, 
	0x19, 0x59, 0x19, 0x19, 0x19, 0x19, 0x19, 0x59, 
	0x21, 0x9b, 0x19, 0x19, 0x19, 0x59, 0x19, 0x59, 
	0x19, 0x57, 0x19, 0x57, 0x19, 0x57, 0x19, 0x57, 
	0x19, 0x59, 0x29, 0xdb, 0x19, 0x57, 0x19, 0x57, 
	0x19, 0x59, 0x11, 0x17, 0x11, 0x17, 0x19, 0x57, 
	0x19, 0x59, 0x19, 0x57, 0x19, 0x57, 0x21, 0x97, 
	0x11, 0x15, 0x11, 0x15, 0x19, 0x57, 0x11, 0x15, 
	0x11, 0x15, 0x19, 0x15, 0x11, 0x15, 0x19, 0x57, 
	0x19, 0x15, 0x19, 0x15, 0x19, 0x57, 0x19, 0x15, 
	0x19, 0x15, 0x11, 0x15, 0x11, 0x15, 0x11, 0x15, 
	0x11, 0x15, 0x11, 0x15, 0x11, 0x15, 0x11, 0x15, 
	0x19, 0x57, 0x19, 0x17, 0x19, 0x17, 0x19, 0x17, 
	0x19, 0x17, 0x19, 0x57, 0x19, 0x17, 0x21, 0x99, 
	0x19, 0x57, 0x19, 0x57, 0x19, 0x17, 0x21, 0x99, 
	0x11, 0x57, 0x11, 0x57, 0x19, 0x57, 0x19, 0x57, 
	0x19, 0x57, 0x19, 0x57, 0x19, 0x57, 0x19, 0x59, 
	0x19, 0x59, 0x19, 0x59, 0x29, 0xdd, 0x3a, 0x5f, 
	0x19, 0x59, 0x19, 0x59, 0x19, 0x59, 0x19, 0x19, 
	0x19, 0x59, 0x19, 0x59, 0x19, 0x59, 0x19, 0x59, 
	0x21, 0x9b, 0x19, 0x59, 0x19, 0x9b, 0x11, 0x59, 
	0x11, 0x59, 0x19, 0x59, 0x29, 0xdb, 0x11, 0x59, 
	0x11, 0x59, 0x19, 0x19, 0x19, 0x59, 0x21, 0x5b, 
	0x29, 0xa5, 0x29, 0xa5, 0x31, 0xa5, 0x31, 0xa5, 
	0x31, 0xa5, 0x42, 0x29, 0x39, 0xa5, 0x31, 0xe7, 
	0x31, 0xa5, 0x29, 0xa5, 0x31, 0xa5, 0x39, 0xa7, 
	0x31, 0xa5, 0x31, 0xa5, 0x31, 0xa5, 0x31, 0xa5, 
	0x31, 0xa5, 0x39, 0xe7, 0x31, 0xa5, 0x39, 0xe7, 
	0x31, 0xa5, 0x39, 0xe7, 0x39, 0xa7, 0x39, 0xa9, 
	0x39, 0xe9, 0x39, 0xe9, 0x41, 0xeb, 0x41, 0xeb, 
	0x41, 0xeb, 0x6b, 0x31, 0x41, 0xeb, 0x5a, 0x6d, 
	0x52, 0x6d, 0x41, 0xeb, 0x49, 0xed, 0x41, 0xed, 
	0x4a, 0x2d, 0x41, 0xed, 0x41, 0xed, 0x4a, 0x2f, 
	0x49, 0xef, 0x52, 0x31, 0x4a, 0x31, 0x52, 0x31, 
	0x6a, 0xf5, 0x49, 0xef, 0x62, 0xf3, 0x49, 0xed, 
	0x4a, 0x2d, 0x41, 0xed, 0x41, 0xeb, 0x41, 0xed, 
	0x41, 0xef, 0x4a, 0x31, 0x4a, 0x31, 0x4a, 0x2f, 
	0x4a, 0x2f, 0x41, 0xed, 0x41, 0xeb, 0x39, 0xeb, 
	0x41, 0xe9, 0x41, 0xeb, 0x42, 0x2d, 0x41, 0xed, 
	0x39, 0xed, 0x39, 0xed, 0x39, 0xed, 0x4a, 0x71, 
	0x41, 0xed, 0x39, 0xed, 0x41, 0xed, 0x41, 0xed, 
	0x41, 0xef, 0x4a, 0x31, 0x4a, 0x2f, 0x42, 0x2d, 
	0x4a, 0x2f, 0x42, 0x2f, 0x5a, 0xb3, 0x42, 0x2f, 
	0x4a, 0x2f, 0x52, 0x71, 0x52, 0xb1, 0x4a, 0x2f, 
	0x41, 0xed, 0x73, 0x71, 0x41, 0xeb, 0x41, 0xed, 
	0x41, 0xed, 0x39, 0xed, 0x39, 0xeb, 0x31, 0xe9, 
	0x39, 0xe9, 0x31, 0xe9, 0x31, 0xe7, 0x31, 0xe7, 
	0x31, 0xe7, 0x4a, 0x6b, 0x29, 0xe5, 0x29, 0xa3, 
	0x21, 0xa1, 0x19, 0xa1, 0x19, 0x9f, 0x19, 0x9f, 
	0x19, 0x9d, 0x19, 0x9d, 0x19, 0x9d, 0x19, 0x9d, 
	0x19, 0x9d, 0x19, 0x9d, 0x21, 0xdf, 0x19, 0x9d, 
	0x19, 0x9d, 0x2a, 0x21, 0x19, 0x9d, 0x11, 0x9d, 
	0x19, 0x9b, 0x19, 0x9b, 0x19, 0x9b, 0x19, 0x9b, 
	0x19, 0x9b, 0x11, 0x9b, 0x11, 0x9b, 0x11, 0x9b, 
	0x11, 0x9b, 0x11, 0x9b, 0x11, 0x9b, 0x11, 0x9b, 
	0x11, 0x9b, 0x11, 0x9b, 0x11, 0x9b, 0x11, 0x9b, 
	0x21, 0xdd, 0x19, 0x9b, 0x11, 0x9b, 0x11, 0x5b, 
	0x11, 0x5b, 0x19, 0x9b, 0x19, 0x9b, 0x11, 0x5b, 
	0x19, 0x9b, 0x19, 0x9b, 0x19, 0x5b, 0x19, 0x9b, 
	0x19, 0x9b, 0x19, 0x9b, 0x19, 0x9b, 0x19, 0x9b, 
	0x11, 0x59, 0x11, 0x59, 0x11, 0x59, 0x11, 0x59, 
	0x21, 0x9b, 0x19, 0x59, 0x19, 0x57, 0x19, 0x59, 
	0x11, 0x17, 0x19, 0x57, 0x21, 0x99, 0x11, 0x17, 
	0x19, 0x57, 0x19, 0x59, 0x32, 0x1d, 0x11, 0x59, 
	0x19, 0x19, 0x21, 0x9b, 0x19, 0x59, 0x19, 0x19, 
	0x31, 0xdd, 0x21, 0x9b, 0x19, 0x19, 0x19, 0x59, 
	0x19, 0x19, 0x19, 0x19, 0x19, 0x59, 0x19, 0x59, 
	0x19, 0x59, 0x19, 0x59, 0x19, 0x57, 0x19, 0x59, 
	0x19, 0x57, 0x21, 0x59, 0x19, 0x59, 0x19, 0x59, 
	0x21, 0x99, 0x19, 0x59, 0x19, 0x59, 0x19, 0x59, 
	0x21, 0x9b, 0x19, 0x59, 0x42, 0x5f, 0x11, 0x15, 
	0x11, 0x15, 0x11, 0x15, 0x11, 0x15, 0x21, 0x97, 
	0x19, 0x55, 0x19, 0x57, 0x19, 0x55, 0x19, 0x15, 
	0x19, 0x55, 0x11, 0x15, 0x21, 0x97, 0x11, 0x15, 
	0x11, 0x15, 0x11, 0x15, 0x11, 0x15, 0x11, 0x15, 
	0x11, 0x15, 0x11, 0x15, 0x11, 0x15, 0x11, 0x15, 
	0x19, 0x15, 0x19, 0x17, 0x19, 0x57, 0x19, 0x17, 
	0x19, 0x57, 0x19, 0x57, 0x19, 0x17, 0x11, 0x15, 
	0x19, 0x15, 0x19, 0x57, 0x19, 0x17, 0x3a, 0x5d, 
	0x21, 0x99, 0x19, 0x57, 0x19, 0x59, 0x19, 0x59, 
	0x19, 0x57, 0x19, 0x57, 0x19, 0x57, 0x19, 0x59, 
	0x19, 0x59, 0x32, 0x1f, 0x21, 0x9b, 0x19, 0x59, 
	0x19, 0x19, 0x19, 0x19, 0x19, 0x59, 0x19, 0x19, 
	0x21, 0x9b, 0x19, 0x19, 0x19, 0x19, 0x19, 0x59, 
	0x19, 0x59, 0x19, 0x59, 0x11, 0x59, 0x11, 0x59, 
	0x19, 0x59, 0x19, 0x59, 0x21, 0x9b, 0x11, 0x59, 
	0x11, 0x59, 0x19, 0x19, 0x19, 0x19, 0x19, 0x19, 
	0x29, 0xa5, 0x29, 0xa5, 0x29, 0xa5, 0x31, 0xa5, 
	0x29, 0xa5, 0x31, 0xa5, 0x31, 0xa5, 0x29, 0xa5, 
	0x29, 0xa5, 0x31, 0xa5, 0x31, 0xa5, 0x39, 0xa7, 
	0x39, 0xa7, 0x39, 0xe7, 0x31, 0xa5, 0x31, 0xa5, 
	0x31, 0xa5, 0x31, 0xa5, 0x31, 0xa5, 0x39, 0xe7, 
	0x31, 0xa5, 0x31, 0xa5, 0x31, 0xa7, 0x39, 0xe9, 
	0x39, 0xeb, 0x41, 0xeb, 0x41, 0xeb, 0x41, 0xeb, 
	0x41, 0xeb, 0x41, 0xeb, 0x49, 0xeb, 0x52, 0x2d, 
	0x52, 0x6f, 0x41, 0xeb, 0x41, 0xeb, 0x4a, 0x2d, 
	0x4a, 0x2d, 0x41, 0xed, 0x41, 0xed, 0x49, 0xef, 
	0x49, 0xef, 0x49, 0xed, 0x4a, 0x2f, 0x52, 0x31, 
	0x51, 0xf1, 0x4a, 0x2f, 0x49, 0xef, 0x49, 0xed, 
	0x62, 0xb1, 0x41, 0xab, 0x4a, 0x2d, 0x52, 0xaf, 
	0x41, 0xed, 0x49, 0xef, 0x4a, 0x31, 0x4a, 0x31, 
	0x4a, 0x2f, 0x49, 0xef, 0x52, 0x6f, 0x41, 0xeb, 
	0x41, 0xeb, 0x4a, 0x2d, 0x41, 0xed, 0x39, 0xeb, 
	0x39, 0xe9, 0x39, 0xeb, 0x39, 0xed, 0x39, 0xed, 
	0x39, 0xed, 0x42, 0x2f, 0x41, 0xed, 0x5a, 0xb1, 
	0x5a, 0xb1, 0x42, 0x2f, 0x4a, 0x6f, 0x42, 0x2d, 
	0x41, 0xed, 0x42, 0x2d, 0x42, 0x2f, 0x4a, 0x2f, 
	0x42, 0x2f, 0x42, 0x2f, 0x42, 0x2d, 0x42, 0x2d, 
	0x41, 0xed, 0x42, 0x2d, 0x41, 0xed, 0x41, 0xed, 
	0x39, 0xed, 0x39, 0xed, 0x3a, 0x2b, 0x31, 0xe9, 
	0x31, 0xe9, 0x31, 0xe7, 0x31, 0xe7, 0x31, 0xe7, 
	0x31, 0xa5, 0x3a, 0x27, 0x31, 0xa5, 0x29, 0xa5, 
	0x21, 0xa3, 0x21, 0xa1, 0x19, 0xa1, 0x21, 0xe1, 
	0x19, 0x9f, 0x32, 0x63, 0x21, 0x9f, 0x19, 0x9d, 
	0x11, 0x9d, 0x19, 0x9d, 0x19, 0x9d, 0x19, 0xdf, 
	0x11, 0x9d, 0x19, 0x9d, 0x11, 0x9d, 0x11, 0x9d, 
	0x19, 0x9b, 0x21, 0xdd, 0x19, 0x9d, 0x19, 0x9b, 
	0x19, 0x9b, 0x19, 0xdd, 0x19, 0xdd, 0x11, 0x9b, 
	0x11, 0x9b, 0x11, 0x9b, 0x21, 0xdf, 0x11, 0x9b, 
	0x11, 0x9b, 0x19, 0x9d, 0x11, 0x9b, 0x11, 0x9b, 
	0x19, 0x9d, 0x2a, 0x1f, 0x19, 0x9b, 0x11, 0x9b, 
	0x11, 0x9b, 0x19, 0x9b, 0x21, 0xdd, 0x19, 0x9b, 
	0x11, 0x9b, 0x32, 0x5f, 0x19, 0x9b, 0x11, 0x5b, 
	0x11, 0x5b, 0x19, 0x9b, 0x11, 0x5b, 0x11, 0x59, 
	0x11, 0x59, 0x11, 0x59, 0x11, 0x59, 0x19, 0x9b, 
	0x19, 0x59, 0x19, 0x59, 0x19, 0x59, 0x19, 0x57, 
	0x19, 0x57, 0x21, 0x99, 0x52, 0xe1, 0x19, 0x57, 
	0x19, 0x57, 0x19, 0x59, 0x19, 0x59, 0x19, 0x19, 
	0x19, 0x19, 0x19, 0x19, 0x19, 0x19, 0x19, 0x19, 
	0x19, 0x59, 0x21, 0x5b, 0x19, 0x59, 0x19, 0x19, 
	0x29, 0xdd, 0x19, 0x59, 0x19, 0x19, 0x19, 0x19, 
	0x19, 0x59, 0x19, 0x19, 0x19, 0x19, 0x19, 0x59, 
	0x19, 0x19, 0x19, 0x59, 0x19, 0x59, 0x19, 0x59, 
	0x19, 0x59, 0x19, 0x59, 0x19, 0x19, 0x19, 0x19, 
	0x19, 0x57, 0x19, 0x57, 0x19, 0x57, 0x11, 0x15, 
	0x19, 0x55, 0x19, 0x55, 0x11, 0x15, 0x19, 0x55, 
	0x19, 0x57, 0x11, 0x15, 0x19, 0x55, 0x19, 0x55, 
	0x19, 0x55, 0x11, 0x15, 0x11, 0x15, 0x11, 0x15, 
	0x32, 0x1b, 0x11, 0x15, 0x11, 0x15, 0x11, 0x15, 
	0x19, 0x15, 0x21, 0x97, 0x11, 0x15, 0x11, 0x15, 
	0x11, 0x15, 0x19, 0x17, 0x19, 0x17, 0x19, 0x17, 
	0x19, 0x57, 0x21, 0x99, 0x11, 0x15, 0x11, 0x15, 
	0x19, 0x15, 0x19, 0x17, 0x19, 0x17, 0x19, 0x57, 
	0x11, 0x17, 0x11, 0x57, 0x19, 0x57, 0x19, 0x57, 
	0x19, 0x57, 0x19, 0x57, 0x19, 0x59, 0x29, 0xdb, 
	0x19, 0x59, 0x19, 0x59, 0x19, 0x59, 0x19, 0x19, 
	0x19, 0x19, 0x19, 0x19, 0x19, 0x19, 0x19, 0x19, 
	0x19, 0x19, 0x19, 0x59, 0x29, 0xdb, 0x19, 0x59, 
	0x19, 0x59, 0x19, 0x19, 0x11, 0x19, 0x19, 0x59, 
	0x19, 0x59, 0x19, 0x59, 0x19, 0x59, 0x19, 0x19, 
	0x19, 0x19, 0x19, 0x19, 0x19, 0x19, 0x19, 0x19, 
	0x39, 0xe9, 0x29, 0xa7, 0x29, 0xa5, 0x29, 0xa5, 
	0x73, 0xef, 0x5b, 0x29, 0x29, 0xa3, 0x29, 0xa3, 
	0x29, 0xa3, 0x31, 0xa5, 0x31, 0xa5, 0x39, 0xa5, 
	0x41, 0xe7, 0x31, 0xa5, 0x31, 0xa5, 0x31, 0xa3, 
	0x31, 0xa3, 0x31, 0xa5, 0x31, 0xa5, 0x31, 0xa5, 
	0x3a, 0x27, 0x31, 0xa5, 0x39, 0xe7, 0x39, 0xa7, 
	0x39, 0xe9, 0x41, 0xeb, 0x39, 0xeb, 0x39, 0xeb, 
	0x41, 0xeb, 0x41, 0xeb, 0x41, 0xeb, 0x41, 0xeb, 
	0x49, 0xeb, 0x41, 0xab, 0x41, 0xa9, 0x41, 0xa9, 
	0x41, 0xa9, 0x62, 0xf1, 0x41, 0xeb, 0x41, 0xeb, 
	0x41, 0xeb, 0x49, 0xed, 0x4a, 0x2f, 0x49, 0xef, 
	0x49, 0xef, 0x49, 0xef, 0x49, 0xef, 0x41, 0xad, 
	0x41, 0xeb, 0x41, 0xab, 0x41, 0xeb, 0x41, 0xeb, 
	0x41, 0xed, 0x49, 0xef, 0x49, 0xef, 0x4a, 0x31, 
	0x4a, 0x31, 0x49, 0xef, 0x41, 0xed, 0x41, 0xed, 
	0x42, 0x2d, 0x4a, 0x2f, 0x41, 0xed, 0x39, 0xeb, 
	0x39, 0xe9, 0x41, 0xeb, 0x42, 0x2d, 0x41, 0xed, 
	0x41, 0xed, 0x41, 0xed, 0x41, 0xed, 0x41, 0xef, 
	0x4a, 0x31, 0x4a, 0x2f, 0x42, 0x2f, 0x41, 0xed, 
	0x52, 0x71, 0x42, 0x2d, 0x4a, 0x2f, 0x5a, 0xb3, 
	0x42, 0x2f, 0x42, 0x2f, 0x4a, 0x2f, 0x42, 0x2f, 
	0x42, 0x2d, 0x42, 0x2d, 0x42, 0x2d, 0x42, 0x2d, 
	0x39, 0xed, 0x39, 0xed, 0x39, 0xeb, 0x31, 0xe9, 
	0x31, 0xe9, 0x31, 0xe7, 0x31, 0xe7, 0x29, 0xa5, 
	0x29, 0xa5, 0x29, 0xa5, 0x32, 0x27, 0x29, 0xa3, 
	0x21, 0xa3, 0x21, 0xa3, 0x21, 0xa3, 0x19, 0xa1, 
	0x19, 0x9f, 0x19, 0x9f, 0x19, 0x9f, 0x19, 0x9d, 
	0x11, 0x9d, 0x19, 0x9f, 0x11, 0x9d, 0x11, 0x9d, 
	0x19, 0x9d, 0x11, 0x9d, 0x19, 0x9d, 0x19, 0x9b, 
	0x19, 0x9b, 0x19, 0x9b, 0x21, 0xdd, 0x19, 0x9d, 
	0x11, 0x9b, 0x19, 0x9d, 0x11, 0x9d, 0x11, 0x9d, 
	0x11, 0x9b, 0x11, 0x9d, 0x21, 0xdd, 0x11, 0x9d, 
	0x19, 0x9d, 0x19, 0x9d, 0x11, 0x9d, 0x11, 0x9b, 
	0x11, 0x9b, 0x19, 0x9b, 0x19, 0x9b, 0x19, 0x9b, 
	0x19, 0x9b, 0x19, 0x9b, 0x19, 0x9b, 0x19, 0x9b, 
	0x11, 0x9b, 0x11, 0x9b, 0x19, 0x9b, 0x11, 0x9b, 
	0x11, 0x9b, 0x2a, 0x1d, 0x11, 0x59, 0x11, 0x59, 
	0x11, 0x59, 0x11, 0x59, 0x11, 0x59, 0x11, 0x59, 
	0x11, 0x59, 0x19, 0x59, 0x11, 0x59, 0x11, 0x57, 
	0x11, 0x57, 0x19, 0x59, 0x32, 0x1f, 0x19, 0x59, 
	0x11, 0x59, 0x11, 0x59, 0x11, 0x59, 0x11, 0x59, 
	0x19, 0x19, 0x19, 0x19, 0x19, 0x19, 0x19, 0x59, 
	0x11, 0x59, 0x11, 0x59, 0x19, 0x19, 0x19, 0x19, 
	0x19, 0x19, 0x19, 0x19, 0x19, 0x19, 0x19, 0x59, 
	0x19, 0x19, 0x21, 0x9b, 0x19, 0x19, 0x19, 0x19, 
	0x19, 0x19, 0x19, 0x19, 0x19, 0x19, 0x19, 0x19, 
	0x19, 0x19, 0x19, 0x59, 0x19, 0x19, 0x19, 0x19, 
	0x11, 0x17, 0x19, 0x17, 0x19, 0x57, 0x19, 0x55, 
	0x11, 0x15, 0x11, 0x15, 0x19, 0x55, 0x19, 0x55, 
	0x29, 0xd9, 0x19, 0x55, 0x11, 0x15, 0x19, 0x15, 
	0x32, 0x1b, 0x19, 0x55, 0x19, 0x55, 0x19, 0x55, 
	0x19, 0x55, 0x11, 0x15, 0x11, 0x15, 0x21, 0x57, 
	0x11, 0x15, 0x11, 0x15, 0x11, 0x15, 0x11, 0x15, 
	0x11, 0x15, 0x11, 0x15, 0x19, 0x55, 0x19, 0x15, 
	0x11, 0x15, 0x11, 0x15, 0x11, 0x15, 0x11, 0x15, 
	0x11, 0x15, 0x19, 0x55, 0x19, 0x17, 0x19, 0x57, 
	0x19, 0x57, 0x11, 0x17, 0x19, 0x57, 0x19, 0x57, 
	0x19, 0x57, 0x19, 0x57, 0x19, 0x59, 0x21, 0x59, 
	0x19, 0x59, 0x21, 0x9b, 0x19, 0x59, 0x29, 0x9b, 
	0x21, 0x9b, 0x29, 0x9b, 0x19, 0x19, 0x19, 0x19, 
	0x19, 0x59, 0x21, 0x9b, 0x19, 0x59, 0x19, 0x59, 
	0x19, 0x59, 0x19, 0x19, 0x21, 0x9b, 0x11, 0x19, 
	0x19, 0x19, 0x19, 0x19, 0x19, 0x19, 0x19, 0x19, 
	0x19, 0x19, 0x19, 0x19, 0x19, 0x19, 0x19, 0x19, 
	0x31, 0xe7, 0x31, 0xa7, 0x29, 0xa5, 0x29, 0xa5, 
	0x29, 0xa3, 0x31, 0xa3, 0x29, 0xa3, 0x29, 0xa3, 
	0x29, 0xa3, 0x29, 0xa3, 0x31, 0xa5, 0x31, 0xa5, 
	0x41, 0xe7, 0x31, 0xa5, 0x39, 0xe7, 0x31, 0xa5, 
	0x29, 0xa3, 0x29, 0xa3, 0x29, 0xa3, 0x5a, 0xed, 
	0x29, 0xa3, 0x29, 0xa3, 0x31, 0xa5, 0x31, 0xa7, 
	0x39, 0xe9, 0x39, 0xe9, 0x39, 0xeb, 0x41, 0xeb, 
	0x41, 0xeb, 0x4a, 0x2b, 0x4a, 0x2d, 0x41, 0xe9, 
	0x41, 0xeb, 0x41, 0xeb, 0x39, 0xa9, 0x41, 0xa9, 
	0x41, 0xeb, 0x41, 0xe9, 0x39, 0xa9, 0x41, 0xa9, 
	0x41, 0xeb, 0x4a, 0x2d, 0x52, 0x31, 0x49, 0xed, 
	0x49, 0xed, 0x49, 0xed, 0x49, 0xed, 0x41, 0xed, 
	0x41, 0xab, 0x41, 0xab, 0x41, 0xeb, 0x41, 0xeb, 
	0x41, 0xed, 0x41, 0xeb, 0x4a, 0x2d, 0x4a, 0x2d, 
	0x41, 0xed, 0x4a, 0x2f, 0x42, 0x2d, 0x42, 0x2d, 
	0x4a, 0x2d, 0x42, 0x2d, 0x4a, 0x2d, 0x41, 0xeb, 
	0x41, 0xeb, 0x4a, 0x2b, 0x42, 0x2d, 0x42, 0x2d, 
	0x4a, 0x2f, 0x41, 0xed, 0x42, 0x2f, 0x42, 0x2f, 
	0x42, 0x2f, 0x4a, 0x2f, 0x4a, 0x2f, 0x42, 0x2f, 
	0x42, 0x2f, 0x4a, 0x2f, 0x42, 0x2f, 0x4a, 0x2f, 
	0x4a, 0x2f, 0x42, 0x2f, 0x42, 0x2f, 0x42, 0x2f, 
	0x42, 0x2d, 0x4a, 0x6f, 0x52, 0x6f, 0x42, 0x2f, 
	0x39, 0xed, 0x39, 0xed, 0x42, 0x2d, 0x39, 0xeb, 
	0x39, 0xe9, 0x39, 0xe9, 0x31, 0xe7, 0x31, 0xa5, 
	0x31, 0xa5, 0x29, 0xa5, 0x31, 0xe7, 0x29, 0xa3, 
	0x21, 0xa3, 0x29, 0xe5, 0x29, 0xe5, 0x21, 0xa3, 
	0x19, 0xa1, 0x19, 0x9f, 0x21, 0x9f, 0x19, 0x9f, 
	0x19, 0x9f, 0x21, 0xdf, 0x11, 0x9d, 0x19, 0x9d, 
	0x21, 0xdf, 0x11, 0x9d, 0x19, 0x9b, 0x19, 0x9d, 
	0x19, 0x9b, 0x19, 0x9b, 0x11, 0x9b, 0x11, 0x9b, 
	0x19, 0x9d, 0x19, 0x9d, 0x19, 0x9d, 0x19, 0x9d, 
	0x11, 0x9d, 0x19, 0x9d, 0x19, 0x9d, 0x19, 0x9d, 
	0x19, 0x9d, 0x19, 0x9d, 0x19, 0x9d, 0x11, 0x9b, 
	0x11, 0x9b, 0x19, 0x9b, 0x19, 0x9b, 0x19, 0x9b, 
	0x19, 0x9b, 0x19, 0x9b, 0x19, 0x9d, 0x19, 0x9b, 
	0x21, 0xdd, 0x19, 0x9b, 0x11, 0x9b, 0x19, 0x9b, 
	0x11, 0x5b, 0x11, 0x59, 0x11, 0x59, 0x11, 0x59, 
	0x19, 0x99, 0x11, 0x59, 0x11, 0x59, 0x11, 0x59, 
	0x19, 0x59, 0x19, 0x99, 0x11, 0x59, 0x11, 0x59, 
	0x19, 0x59, 0x19, 0x59, 0x19, 0x59, 0x19, 0x9b, 
	0x19, 0x59, 0x19, 0x59, 0x11, 0x59, 0x11, 0x59, 
	0x19, 0x59, 0x19, 0x19, 0x19, 0x59, 0x19, 0x59, 
	0x11, 0x59, 0x19, 0x59, 0x19, 0x19, 0x19, 0x59, 
	0x19, 0x59, 0x19, 0x19, 0x11, 0x19, 0x19, 0x59, 
	0x19, 0x59, 0x19, 0x59, 0x19, 0x59, 0x19, 0x19, 
	0x19, 0x19, 0x19, 0x59, 0x19, 0x59, 0x19, 0x19, 
	0x32, 0x1d, 0x19, 0x19, 0x19, 0x59, 0x19, 0x59, 
	0x11, 0x17, 0x11, 0x17, 0x19, 0x55, 0x11, 0x15, 
	0x11, 0x15, 0x11, 0x15, 0x11, 0x15, 0x19, 0x55, 
	0x19, 0x55, 0x11, 0x15, 0x11, 0x15, 0x11, 0x15, 
	0x29, 0x99, 0x21, 0x57, 0x11, 0x15, 0x11, 0x15, 
	0x11, 0x15, 0x19, 0x55, 0x19, 0x57, 0x19, 0x57, 
	0x11, 0x15, 0x11, 0x15, 0x19, 0x55, 0x11, 0x15, 
	0x11, 0x15, 0x11, 0x15, 0x21, 0x57, 0x32, 0x1b, 
	0x19, 0x55, 0x11, 0x15, 0x11, 0x15, 0x19, 0x55, 
	0x11, 0x15, 0x11, 0x15, 0x19, 0x15, 0x19, 0x57, 
	0x21, 0x99, 0x19, 0x57, 0x11, 0x17, 0x19, 0x57, 
	0x19, 0x59, 0x21, 0x9b, 0x19, 0x57, 0x19, 0x59, 
	0x19, 0x59, 0x19, 0x19, 0x19, 0x19, 0x29, 0xdb, 
	0x29, 0x9b, 0x19, 0x59, 0x19, 0x59, 0x19, 0x19, 
	0x19, 0x59, 0x19, 0x59, 0x19, 0x19, 0x19, 0x19, 
	0x19, 0x59, 0x19, 0x19, 0x19, 0x19, 0x19, 0x19, 
	0x19, 0x19, 0x19, 0x19, 0x19, 0x19, 0x19, 0x19, 
	0x19, 0x19, 0x19, 0x19, 0x19, 0x19, 0x19, 0x19, 
	0x29, 0xa5, 0x29, 0xa5, 0x29, 0xa5, 0x29, 0xa5, 
	0x21, 0x63, 0x31, 0xe3, 0x29, 0xa3, 0x21, 0xa1, 
	0x29, 0xa3, 0x29, 0xa3, 0x29, 0xa3, 0x29, 0xa3, 
	0x31, 0xa5, 0x31, 0xa5, 0x31, 0xa5, 0x39, 0xe5, 
	0x31, 0xa3, 0x29, 0xa3, 0x31, 0xa3, 0x42, 0x27, 
	0x3a, 0x27, 0x31, 0xa3, 0x31, 0xa5, 0x52, 0xab, 
	0x42, 0x29, 0x39, 0xa7, 0x39, 0xa9, 0x39, 0xeb, 
	0x39, 0xeb, 0x4a, 0x2b, 0x52, 0x6d, 0x41, 0xe9, 
	0x41, 0xeb, 0x39, 0xa9, 0x41, 0xa9, 0x41, 0xeb, 
	0x42, 0x2b, 0x39, 0xa7, 0x41, 0xe9, 0x39, 0xa9, 
	0x41, 0xeb, 0x49, 0xed, 0x41, 0xed, 0x49, 0xef, 
	0x49, 0xed, 0x4a, 0x2d, 0x49, 0xed, 0x49, 0xed, 
	0x41, 0xab, 0x52, 0x2d, 0x41, 0xeb, 0x41, 0xeb, 
	0x41, 0xed, 0x39, 0xeb, 0x39, 0xe9, 0x39, 0xe9, 
	0x39, 0xe9, 0x42, 0x2b, 0x41, 0xed, 0x42, 0x2d, 
	0x42, 0x2d, 0x42, 0x2d, 0x41, 0xeb, 0x42, 0x2b, 
	0x4a, 0x6d, 0x41, 0xeb, 0x4a, 0x2d, 0x41, 0xed, 
	0x42, 0x2d, 0x4a, 0x2f, 0x52, 0x71, 0x42, 0x2f, 
	0x4a, 0x2f, 0x42, 0x2f, 0x4a, 0x2f, 0x4a, 0x2f, 
	0x4a, 0x2f, 0x42, 0x2f, 0x4a, 0x2f, 0x4a, 0x31, 
	0x5a, 0xb3, 0x4a, 0x2f, 0x42, 0x2f, 0x42, 0x2f, 
	0x4a, 0x2f, 0x4a, 0x6f, 0x4a, 0x6f, 0x42, 0x2f, 
	0x42, 0x2f, 0x52, 0xb1, 0x42, 0x2d, 0x39, 0xeb, 
	0x39, 0xe9, 0x39, 0xe9, 0x31, 0xe9, 0x31, 0xe7, 
	0x31, 0xa5, 0x31, 0xa5, 0x29, 0xa5, 0x29, 0xa5, 
	0x21, 0xa5, 0x21, 0xa5, 0x21, 0xa5, 0x21, 0xa5, 
	0x21, 0xa3, 0x19, 0xa1, 0x19, 0xa1, 0x19, 0x9f, 
	0x2a, 0x23, 0x19, 0x9f, 0x32, 0x63, 0x11, 0x9d, 
	0x11, 0x9d, 0x21, 0xdf, 0x11, 0x9b, 0x19, 0x9d, 
	0x32, 0x61, 0x19, 0x9b, 0x11, 0x9b, 0x2a, 0x1f, 
	0x11, 0x9b, 0x19, 0x9d, 0x19, 0x9d, 0x19, 0x9d, 
	0x11, 0x9d, 0x11, 0x9d, 0x11, 0x9d, 0x19, 0x9d, 
	0x19, 0x9d, 0x19, 0x9d, 0x11, 0x9d, 0x19, 0x9d, 
	0x19, 0x9b, 0x19, 0x9d, 0x19, 0x9b, 0x19, 0x9b, 
	0x19, 0x9b, 0x19, 0x9b, 0x19, 0x9b, 0x19, 0x9b, 
	0x21, 0xdd, 0x19, 0x9b, 0x19, 0x9b, 0x11, 0x5b, 
	0x19, 0x9b, 0x11, 0x5b, 0x11, 0x59, 0x19, 0x9b, 
	0x19, 0x59, 0x11, 0x59, 0x11, 0x59, 0x19, 0x9b, 
	0x19, 0x99, 0x32, 0x1f, 0x11, 0x59, 0x11, 0x59, 
	0x19, 0x59, 0x19, 0x59, 0x19, 0x59, 0x19, 0x59, 
	0x19, 0x59, 0x19, 0x59, 0x19, 0x59, 0x11, 0x59, 
	0x11, 0x59, 0x19, 0x59, 0x19, 0x59, 0x21, 0x5b, 
	0x19, 0x59, 0x19, 0x59, 0x19, 0x59, 0x19, 0x59, 
	0x19, 0x59, 0x19, 0x59, 0x11, 0x59, 0x21, 0x9b, 
	0x19, 0x59, 0x19, 0x59, 0x19, 0x19, 0x21, 0x59, 
	0x19, 0x19, 0x3a, 0x5f, 0x19, 0x19, 0x19, 0x19, 
	0x19, 0x59, 0x19, 0x19, 0x19, 0x59, 0x19, 0x19, 
	0x19, 0x59, 0x21, 0x59, 0x19, 0x57, 0x11, 0x15, 
	0x11, 0x15, 0x19, 0x57, 0x19, 0x15, 0x19, 0x57, 
	0x19, 0x55, 0x11, 0x15, 0x19, 0x57, 0x11, 0x15, 
	0x11, 0x15, 0x11, 0x15, 0x19, 0x15, 0x11, 0x15, 
	0x21, 0x97, 0x32, 0x1b, 0x11, 0x15, 0x19, 0x55, 
	0x11, 0x15, 0x11, 0x15, 0x11, 0x15, 0x11, 0x15, 
	0x11, 0x15, 0x19, 0x57, 0x11, 0x15, 0x11, 0x15, 
	0x19, 0x55, 0x11, 0x15, 0x19, 0x15, 0x21, 0x99, 
	0x11, 0x15, 0x11, 0x15, 0x19, 0x15, 0x19, 0x15, 
	0x19, 0x55, 0x19, 0x17, 0x19, 0x57, 0x19, 0x57, 
	0x21, 0x59, 0x11, 0x17, 0x11, 0x17, 0x19, 0x59, 
	0x19, 0x59, 0x19, 0x59, 0x19, 0x59, 0x19, 0x59, 
	0x19, 0x57, 0x19, 0x57, 0x19, 0x59, 0x19, 0x19, 
	0x19, 0x19, 0x19, 0x19, 0x19, 0x59, 0x19, 0x59, 
	0x19, 0x19, 0x19, 0x19, 0x19, 0x19, 0x19, 0x19, 
	0x19, 0x19, 0x19, 0x19, 0x19, 0x19, 0x19, 0x19, 
	0x19, 0x19, 0x19, 0x19, 0x19, 0x19, 0x19, 0x19, 
	0x29, 0x65, 0x29, 0x65, 0x29, 0x65, 0x29, 0x63, 
	0x29, 0xa3, 0x29, 0xa3, 0x21, 0xa1, 0x21, 0xa1, 
	0x21, 0x61, 0x21, 0x61, 0x29, 0xa3, 0x29, 0xa3, 
	0x29, 0x63, 0x31, 0xa5, 0x31, 0xa5, 0x31, 0xe5, 
	0x39, 0xe5, 0x31, 0xe5, 0x29, 0xa3, 0x29, 0xa1, 
	0x31, 0xa3, 0x29, 0xa3, 0x31, 0xa5, 0x39, 0xe7, 
	0x39, 0xa7, 0x39, 0xa7, 0x39, 0xa9, 0x39, 0xe9, 
	0x39, 0xeb, 0x39, 0xa9, 0x39, 0xe9, 0x39, 0xa9, 
	0x41, 0xe9, 0x39, 0xa9, 0x41, 0xe9, 0x41, 0xe9, 
	0x39, 0xa7, 0x31, 0xa7, 0x52, 0x6b, 0x39, 0xa7, 
	0x39, 0xa9, 0x41, 0xab, 0x49, 0xed, 0x49, 0xed, 
	0x41, 0xab, 0x41, 0xeb, 0x41, 0xab, 0x5a, 0x6f, 
	0x49, 0xed, 0x49, 0xeb, 0x49, 0xed, 0x39, 0xa9, 
	0x39, 0xa9, 0x39, 0xa9, 0x39, 0xeb, 0x39, 0xa9, 
	0x39, 0xa7, 0x39, 0xe9, 0x41, 0xed, 0x42, 0x2d, 
	0x4a, 0x2d, 0x41, 0xeb, 0x41, 0xe9, 0x41, 0xe9, 
	0x4a, 0x2b, 0x41, 0xeb, 0x4a, 0x2d, 0x4a, 0x2f, 
	0x4a, 0x2d, 0x41, 0xed, 0x4a, 0x2d, 0x62, 0xf1, 
	0x41, 0xed, 0x5a, 0xb3, 0x42, 0x2f, 0x4a, 0x2f, 
	0x4a, 0x31, 0x52, 0x71, 0x4a, 0x31, 0x4a, 0x31, 
	0x52, 0x71, 0x4a, 0x71, 0x4a, 0x2f, 0x42, 0x2f, 
	0x42, 0x2f, 0x4a, 0x71, 0x4a, 0x31, 0x42, 0x2d, 
	0x4a, 0x6f, 0x42, 0x2f, 0x42, 0x2f, 0x39, 0xed, 
	0x39, 0xeb, 0x39, 0xed, 0x39, 0xeb, 0x39, 0xe9, 
	0x31, 0xe7, 0x31, 0xa5, 0x31, 0xa5, 0x29, 0xa5, 
	0x29, 0xa5, 0x29, 0xa5, 0x29, 0xa5, 0x29, 0xe7, 
	0x21, 0xe5, 0x21, 0xa3, 0x19, 0xa1, 0x19, 0xa1, 
	0x29, 0xe1, 0x19, 0xa1, 0x21, 0xe1, 0x19, 0x9d, 
	0x11, 0x9d, 0x19, 0x9d, 0x11, 0x9b, 0x19, 0x9b, 
	0x19, 0x9b, 0x19, 0x9b, 0x11, 0x9b, 0x19, 0x9b, 
	0x11, 0x9d, 0x19, 0x9d, 0x19, 0x9d, 0x21, 0xdf, 
	0x11, 0x9d, 0x11, 0x9d, 0x19, 0x9d, 0x21, 0xdf, 
	0x11, 0x9d, 0x2a, 0x21, 0x11, 0x9d, 0x19, 0x9d, 
	0x19, 0x9d, 0x19, 0x9b, 0x19, 0x9b, 0x19, 0x9b, 
	0x19, 0x9b, 0x19, 0x9d, 0x19, 0x9b, 0x19, 0x9b, 
	0x19, 0x9b, 0x19, 0x9b, 0x11, 0x9b, 0x19, 0x9b, 
	0x11, 0x5b, 0x19, 0x9b, 0x11, 0x59, 0x19, 0x9b, 
	0x11, 0x59, 0x11, 0x59, 0x11, 0x59, 0x19, 0x9b, 
	0x19, 0x59, 0x19, 0x59, 0x11, 0x59, 0x11, 0x59, 
	0x11, 0x59, 0x19, 0x59, 0x19, 0x59, 0x11, 0x59, 
	0x19, 0x59, 0x11, 0x59, 0x19, 0x59, 0x11, 0x59, 
	0x19, 0x59, 0x19, 0x59, 0x19, 0x59, 0x21, 0x9b, 
	0x19, 0x59, 0x19, 0x59, 0x19, 0x59, 0x19, 0x59, 
	0x19, 0x59, 0x19, 0x59, 0x11, 0x59, 0x19, 0x59, 
	0x19, 0x59, 0x19, 0x59, 0x19, 0x19, 0x19, 0x59, 
	0x19, 0x59, 0x19, 0x59, 0x19, 0x59, 0x11, 0x19, 
	0x11, 0x19, 0x19, 0x19, 0x19, 0x19, 0x19, 0x19, 
	0x19, 0x59, 0x19, 0x57, 0x19, 0x55, 0x19, 0x55, 
	0x19, 0x55, 0x19, 0x55, 0x19, 0x55, 0x11, 0x15, 
	0x19, 0x55, 0x11, 0x15, 0x19, 0x55, 0x21, 0x97, 
	0x11, 0x15, 0x19, 0x15, 0x19, 0x55, 0x19, 0x55, 
	0x11, 0x15, 0x11, 0x15, 0x19, 0x55, 0x19, 0x55, 
	0x11, 0x15, 0x11, 0x15, 0x11, 0x15, 0x11, 0x15, 
	0x11, 0x15, 0x19, 0x55, 0x19, 0x55, 0x19, 0x55, 
	0x19, 0x55, 0x19, 0x55, 0x19, 0x55, 0x19, 0x57, 
	0x19, 0x55, 0x19, 0x15, 0x19, 0x15, 0x19, 0x15, 
	0x19, 0x15, 0x19, 0x15, 0x3a, 0x1d, 0x31, 0xdb, 
	0x19, 0x17, 0x11, 0x57, 0x11, 0x17, 0x19, 0x57, 
	0x19, 0x57, 0x29, 0xdb, 0x19, 0x57, 0x19, 0x17, 
	0x21, 0x99, 0x19, 0x57, 0x19, 0x57, 0x19, 0x59, 
	0x19, 0x59, 0x19, 0x19, 0x21, 0x59, 0x19, 0x19, 
	0x19, 0x59, 0x19, 0x59, 0x19, 0x19, 0x19, 0x19, 
	0x19, 0x19, 0x19, 0x19, 0x19, 0x19, 0x19, 0x19, 
	0x19, 0x19, 0x19, 0x19, 0x19, 0x19, 0x19, 0x19, 
	0x29, 0x65, 0x29, 0x63, 0x29, 0x63, 0x21, 0x61, 
	0x29, 0x61, 0x29, 0x61, 0x21, 0x61, 0x21, 0xa3, 
	0x29, 0xa3, 0x21, 0x61, 0x21, 0x61, 0x29, 0xa3, 
	0x29, 0xa3, 0x31, 0xa5, 0x29, 0xa3, 0x29, 0xa3, 
	0x31, 0xe5, 0x29, 0xa3, 0x52, 0xeb, 0x31, 0xe3, 
	0x29, 0x61, 0x29, 0xa3, 0x39, 0xe5, 0x39, 0xa5, 
	0x39, 0xe7, 0x39, 0xa7, 0x39, 0xa9, 0x4a, 0x2b, 
	0x4a, 0x6b, 0x39, 0xe9, 0x39, 0xa9, 0x39, 0xa9, 
	0x39, 0xa9, 0x41, 0xa9, 0x39, 0xa9, 0x39, 0xa7, 
	0x39, 0xa7, 0x39, 0xa7, 0x31, 0x65, 0x39, 0xa7, 
	0x39, 0xa7, 0x41, 0xa9, 0x49, 0xab, 0x49, 0xab, 
	0x49, 0xeb, 0x39, 0xa9, 0x41, 0xa9, 0x49, 0xeb, 
	0x49, 0xed, 0x52, 0x2d, 0x41, 0xeb, 0x39, 0xab, 
	0x39, 0xa9, 0x39, 0xa9, 0x39, 0xeb, 0x39, 0xeb, 
	0x39, 0xe9, 0x39, 0xe9, 0x41, 0xed, 0x41, 0xed, 
	0x41, 0xeb, 0x42, 0x2b, 0x41, 0xe9, 0x39, 0xa9, 
	0x41, 0xeb, 0x49, 0xeb, 0x4a, 0x2d, 0x49, 0xed, 
	0x41, 0xed, 0x41, 0xed, 0x41, 0xed, 0x41, 0xed, 
	0x41, 0xed, 0x42, 0x2d, 0x4a, 0x31, 0x4a, 0x2f, 
	0x4a, 0x31, 0x5a, 0xb3, 0x52, 0x71, 0x4a, 0x31, 
	0x4a, 0x31, 0x4a, 0x31, 0x4a, 0x2f, 0x4a, 0x2f, 
	0x4a, 0x71, 0x4a, 0x73, 0x4a, 0x31, 0x42, 0x31, 
	0x42, 0x2f, 0x42, 0x2f, 0x42, 0x2f, 0x42, 0x2f, 
	0x42, 0x2d, 0x41, 0xed, 0x41, 0xed, 0x39, 0xeb, 
	0x39, 0xe9, 0x31, 0xa7, 0x31, 0xa7, 0x31, 0xa7, 
	0x29, 0xe7, 0x3a, 0x29, 0x29, 0xe7, 0x29, 0xe7, 
	0x29, 0xe7, 0x21, 0xa5, 0x5b, 0x6b, 0x21, 0xa1, 
	0x21, 0xa1, 0x19, 0xa1, 0x19, 0x9f, 0x19, 0x9f, 
	0x19, 0x9d, 0x19, 0x9b, 0x19, 0x9b, 0x19, 0x9b, 
	0x19, 0x9b, 0x19, 0x9b, 0x19, 0x9b, 0x19, 0x9d, 
	0x11, 0x9d, 0x11, 0x9d, 0x11, 0x9d, 0x11, 0x9d, 
	0x19, 0x9d, 0x19, 0x9d, 0x19, 0x9d, 0x2a, 0x1f, 
	0x11, 0x9d, 0x11, 0x9d, 0x11, 0x9d, 0x11, 0x9d, 
	0x19, 0x9d, 0x19, 0x9d, 0x19, 0x9b, 0x19, 0x9b, 
	0x19, 0x9b, 0x21, 0xdd, 0x19, 0x9b, 0x19, 0x9b, 
	0x21, 0xdd, 0x19, 0x9b, 0x19, 0x9b, 0x19, 0x9b, 
	0x19, 0x9b, 0x19, 0x9b, 0x3a, 0x61, 0x19, 0x9b, 
	0x19, 0x9b, 0x11, 0x99, 0x11, 0x59, 0x11, 0x59, 
	0x11, 0x59, 0x11, 0x59, 0x11, 0x59, 0x11, 0x59, 
	0x19, 0x99, 0x19, 0x59, 0x19, 0x59, 0x19, 0x59, 
	0x21, 0xdb, 0x21, 0x9b, 0x19, 0x59, 0x11, 0x59, 
	0x21, 0x9b, 0x19, 0x59, 0x19, 0x59, 0x19, 0x59, 
	0x11, 0x59, 0x19, 0x59, 0x11, 0x59, 0x19, 0x59, 
	0x19, 0x59, 0x19, 0x59, 0x11, 0x59, 0x19, 0x59, 
	0x19, 0x59, 0x19, 0x59, 0x19, 0x59, 0x19, 0x19, 
	0x19, 0x19, 0x19, 0x59, 0x19, 0x19, 0x19, 0x19, 
	0x19, 0x19, 0x19, 0x19, 0x19, 0x59, 0x19, 0x59, 
	0x19, 0x59, 0x19, 0x57, 0x19, 0x55, 0x19, 0x55, 
	0x11, 0x15, 0x19, 0x55, 0x19, 0x57, 0x19, 0x55, 
	0x19, 0x55, 0x11, 0x15, 0x19, 0x57, 0x19, 0x15, 
	0x21, 0x97, 0x11, 0x15, 0x11, 0x15, 0x11, 0x15, 
	0x19, 0x55, 0x11, 0x15, 0x11, 0x15, 0x19, 0x55, 
	0x11, 0x15, 0x19, 0x55, 0x11, 0x15, 0x11, 0x15, 
	0x11, 0x15, 0x11, 0x15, 0x11, 0x15, 0x11, 0x15, 
	0x11, 0x15, 0x19, 0x55, 0x11, 0x15, 0x11, 0x15, 
	0x19, 0x55, 0x19, 0x55, 0x21, 0x97, 0x74, 0x29, 
	0x11, 0x15, 0x11, 0x15, 0x19, 0x57, 0x11, 0x15, 
	0x19, 0x57, 0x21, 0x99, 0x4a, 0xa1, 0x19, 0x57, 
	0x11, 0x17, 0x19, 0x57, 0x19, 0x57, 0x19, 0x57, 
	0x11, 0x17, 0x19, 0x57, 0x19, 0x57, 0x19, 0x17, 
	0x19, 0x17, 0x19, 0x19, 0x21, 0x9b, 0x19, 0x19, 
	0x19, 0x59, 0x19, 0x59, 0x19, 0x57, 0x19, 0x57, 
	0x19, 0x57, 0x19, 0x57, 0x19, 0x19, 0x19, 0x19, 
	0x19, 0x19, 0x19, 0x19, 0x19, 0x19, 0x19, 0x19, 
	0x29, 0x63, 0x29, 0x61, 0x21, 0x61, 0x21, 0x61, 
	0x21, 0x61, 0x21, 0x61, 0x21, 0x61, 0x21, 0x61, 
	0x21, 0x61, 0x21, 0x61, 0x21, 0x61, 0x29, 0xa3, 
	0x29, 0xa3, 0x29, 0xa3, 0x29, 0xa3, 0x31, 0xa3, 
	0x31, 0xa3, 0x31, 0xa3, 0x31, 0xa3, 0x29, 0xa1, 
	0x31, 0xe3, 0x31, 0xa3, 0x39, 0xe7, 0x41, 0xe7, 
	0x39, 0xa5, 0x39, 0xa7, 0x39, 0xa7, 0x4a, 0x2b, 
	0x4a, 0x6b, 0x39, 0xa7, 0x41, 0xe9, 0x41, 0xa7, 
	0x41, 0xe9, 0x39, 0xa9, 0x42, 0x2b, 0x39, 0xe9, 
	0x31, 0xa7, 0x39, 0xa7, 0x39, 0xa7, 0x31, 0xa7, 
	0x39, 0xa7, 0x41, 0xa9, 0x41, 0xab, 0x41, 0xa9, 
	0x41, 0xa7, 0x41, 0xa9, 0x41, 0xa9, 0x41, 0xa9, 
	0x41, 0xab, 0x49, 0xeb, 0x41, 0xab, 0x39, 0xa9, 
	0x39, 0xeb, 0x39, 0xa9, 0x42, 0x2d, 0x41, 0xeb, 
	0x41, 0xeb, 0x42, 0x2b, 0x42, 0x2d, 0x41, 0xeb, 
	0x39, 0xe9, 0x39, 0xe9, 0x39, 0xe9, 0x41, 0xe9, 
	0x41, 0xeb, 0x41, 0xeb, 0x41, 0xeb, 0x52, 0x2d, 
	0x49, 0xeb, 0x49, 0xed, 0x49, 0xed, 0x49, 0xed, 
	0x41, 0xed, 0x4a, 0x2f, 0x4a, 0x31, 0x4a, 0x31, 
	0x52, 0x71, 0x4a, 0x31, 0x4a, 0x31, 0x4a, 0x31, 
	0x4a, 0x31, 0x4a, 0x31, 0x4a, 0x2f, 0x4a, 0x31, 
	0x4a, 0x2f, 0x4a, 0x31, 0x4a, 0x31, 0x42, 0x31, 
	0x42, 0x31, 0x42, 0x31, 0x42, 0x31, 0x42, 0x2f, 
	0x42, 0x2f, 0x52, 0x71, 0x41, 0xed, 0x41, 0xed, 
	0x39, 0xeb, 0x31, 0xe9, 0x31, 0xa9, 0x31, 0xe9, 
	0x31, 0xe9, 0x31, 0xe9, 0x31, 0xe9, 0x31, 0xe9, 
	0x29, 0xa7, 0x29, 0xa7, 0x31, 0xe5, 0x29, 0xe5, 
	0x21, 0xa3, 0x19, 0xa1, 0x19, 0xa1, 0x19, 0x9f, 
	0x19, 0x9d, 0x19, 0x9b, 0x19, 0x9b, 0x19, 0x9d, 
	0x19, 0x9b, 0x19, 0x9b, 0x19, 0x9b, 0x19, 0x9d, 
	0x11, 0x9d, 0x19, 0x9d, 0x19, 0xdf, 0x11, 0x9d, 
	0x19, 0x9d, 0x19, 0xdd, 0x19, 0x9d, 0x19, 0x9d, 
	0x11, 0x9d, 0x11, 0x9d, 0x11, 0x9d, 0x11, 0x9d, 
	0x11, 0x9d, 0x11, 0x9b, 0x19, 0x9d, 0x11, 0x9b, 
	0x11, 0x9b, 0x19, 0x9d, 0x19, 0x9b, 0x19, 0x9b, 
	0x19, 0x9b, 0x11, 0x9b, 0x11, 0x9b, 0x19, 0x9d, 
	0x19, 0x9d, 0x19, 0x9b, 0x19, 0x9b, 0x19, 0x9b, 
	0x32, 0x5f, 0x11, 0x59, 0x11, 0x59, 0x11, 0x59, 
	0x11, 0x59, 0x11, 0x59, 0x11, 0x59, 0x11, 0x59, 
	0x11, 0x59, 0x11, 0x59, 0x19, 0x59, 0x19, 0x59, 
	0x19, 0x9b, 0x21, 0x9b, 0x19, 0x59, 0x19, 0x59, 
	0x19, 0x9b, 0x29, 0xdb, 0x11, 0x59, 0x11, 0x59, 
	0x11, 0x59, 0x11, 0x59, 0x19, 0x59, 0x11, 0x59, 
	0x11, 0x59, 0x11, 0x59, 0x19, 0x59, 0x19, 0x59, 
	0x21, 0x9b, 0x19, 0x19, 0x19, 0x19, 0x19, 0x59, 
	0x19, 0x19, 0x19, 0x19, 0x19, 0x59, 0x19, 0x59, 
	0x19, 0x19, 0x19, 0x59, 0x19, 0x57, 0x19, 0x57, 
	0x19, 0x17, 0x19, 0x17, 0x19, 0x57, 0x11, 0x15, 
	0x11, 0x15, 0x19, 0x55, 0x19, 0x57, 0x19, 0x55, 
	0x11, 0x15, 0x11, 0x15, 0x21, 0x97, 0x19, 0x15, 
	0x19, 0x15, 0x11, 0x15, 0x11, 0x15, 0x19, 0x55, 
	0x19, 0x55, 0x11, 0x15, 0x19, 0x15, 0x11, 0x15, 
	0x11, 0x15, 0x11, 0x15, 0x11, 0x15, 0x11, 0x15, 
	0x11, 0x15, 0x11, 0x15, 0x11, 0x15, 0x19, 0x55, 
	0x19, 0x55, 0x11, 0x15, 0x11, 0x15, 0x11, 0x15, 
	0x19, 0x55, 0x19, 0x55, 0x19, 0x55, 0x19, 0x57, 
	0x11, 0x15, 0x11, 0x15, 0x11, 0x15, 0x19, 0x55, 
	0x19, 0x55, 0x11, 0x15, 0x19, 0x57, 0x19, 0x57, 
	0x11, 0x17, 0x11, 0x15, 0x29, 0xdb, 0x21, 0x57, 
	0x19, 0x17, 0x19, 0x57, 0x19, 0x57, 0x21, 0x99, 
	0x19, 0x17, 0x19, 0x17, 0x11, 0x17, 0x11, 0x17, 
	0x31, 0xdd, 0x21, 0x9b, 0x11, 0x17, 0x19, 0x57, 
	0x19, 0x57, 0x21, 0x99, 0x19, 0x59, 0x19, 0x59, 
	0x19, 0x19, 0x19, 0x19, 0x19, 0x19, 0x19, 0x19, 
	0x5a, 0xeb, 0x21, 0x61, 0x21, 0x61, 0x21, 0x61, 
	0x21, 0x61, 0x21, 0x61, 0x21, 0x61, 0x31, 0xe5, 
	0x31, 0xe3, 0x29, 0xa3, 0x29, 0x61, 0x29, 0xa3, 
	0x31, 0xe5, 0x29, 0xa3, 0x29, 0xa3, 0x29, 0xa3, 
	0x29, 0xa3, 0x31, 0xa3, 0x39, 0xe5, 0x29, 0x61, 
	0x29, 0x61, 0x31, 0xa3, 0x39, 0xa5, 0x31, 0xa5, 
	0x31, 0xa5, 0x39, 0xa7, 0x39, 0xa7, 0x39, 0xa7, 
	0x39, 0xe9, 0x41, 0xe9, 0x39, 0xa7, 0x39, 0xa7, 
	0x39, 0xa7, 0x39, 0xa7, 0x39, 0xa7, 0x39, 0xa7, 
	0x31, 0xa5, 0x39, 0xe7, 0x39, 0xa7, 0x41, 0xe9, 
	0x39, 0xa7, 0x41, 0xa9, 0x49, 0xeb, 0x41, 0xa9, 
	0x41, 0xa9, 0x52, 0x2b, 0x41, 0xeb, 0x41, 0xa9, 
	0x41, 0xa9, 0x49, 0xeb, 0x39, 0xa9, 0x39, 0xa9, 
	0x39, 0xeb, 0x41, 0xeb, 0x39, 0xab, 0x39, 0xeb, 
	0x39, 0xeb, 0x39, 0xeb, 0x42, 0x2d, 0x4a, 0x2d, 
	0x39, 0xe9, 0x39, 0xe9, 0x41, 0xeb, 0x41, 0xeb, 
	0x41, 0xeb, 0x41, 0xeb, 0x41, 0xeb, 0x41, 0xeb, 
	0x49, 0xed, 0x49, 0xed, 0x49, 0xef, 0x49, 0xef, 
	0x41, 0xef, 0x4a, 0x2f, 0x4a, 0x31, 0x4a, 0x31, 
	0x4a, 0x31, 0x4a, 0x2f, 0x4a, 0x2f, 0x4a, 0x31, 
	0x4a, 0x2f, 0x4a, 0x2f, 0x4a, 0x2f, 0x52, 0x73, 
	0x4a, 0x2f, 0x4a, 0x31, 0x4a, 0x31, 0x4a, 0x31, 
	0x4a, 0x33, 0x42, 0x31, 0x42, 0x31, 0x42, 0x2f, 
	0x42, 0x2d, 0x41, 0xed, 0x42, 0x2d, 0x41, 0xed, 
	0x39, 0xeb, 0x39, 0xeb, 0x39, 0xe9, 0x31, 0xa9, 
	0x31, 0xa9, 0x39, 0xeb, 0x39, 0xeb, 0x31, 0xeb, 
	0x31, 0xa9, 0x29, 0xa7, 0x39, 0xe9, 0x31, 0xe7, 
	0x29, 0xe5, 0x21, 0xa3, 0x21, 0xa1, 0x19, 0x9f, 
	0x19, 0x9d, 0x19, 0x9d, 0x19, 0x9b, 0x19, 0x9d, 
	0x19, 0x9b, 0x19, 0x9b, 0x19, 0x9d, 0x11, 0x9d, 
	0x19, 0x9d, 0x11, 0x9d, 0x19, 0x9d, 0x19, 0x9d, 
	0x19, 0x9d, 0x19, 0x9d, 0x19, 0x9d, 0x19, 0x9d, 
	0x19, 0x9d, 0x19, 0x9d, 0x19, 0x9d, 0x11, 0x9d, 
	0x32, 0x61, 0x11, 0x9d, 0x19, 0x9d, 0x19, 0x9d, 
	0x19, 0x9d, 0x19, 0x9b, 0x19, 0x9b, 0x19, 0x9d, 
	0x19, 0x9d, 0x11, 0x9b, 0x11, 0x9b, 0x19, 0x9d, 
	0x21, 0xdd, 0x19, 0x9b, 0x19, 0x9b, 0x19, 0x9b, 
	0x2a, 0x1f, 0x19, 0x9b, 0x21, 0x9b, 0x19, 0x59, 
	0x11, 0x59, 0x21, 0xdb, 0x2a, 0x1f, 0x19, 0x9b, 
	0x19, 0x9b, 0x19, 0x5b, 0x19, 0x5b, 0x11, 0x59, 
	0x11, 0x59, 0x2a, 0x1d, 0x11, 0x59, 0x11, 0x59, 
	0x19, 0x59, 0x29, 0xdb, 0x19, 0x9b, 0x11, 0x59, 
	0x19, 0x59, 0x32, 0x1f, 0x11, 0x59, 0x11, 0x59, 
	0x11, 0x59, 0x11, 0x59, 0x19, 0x59, 0x19, 0x59, 
	0x19, 0x59, 0x19, 0x19, 0x19, 0x59, 0x19, 0x59, 
	0x19, 0x59, 0x19, 0x59, 0x19, 0x19, 0x19, 0x19, 
	0x19, 0x59, 0x19, 0x59, 0x19, 0x57, 0x29, 0xdb, 
	0x29, 0xdb, 0x19, 0x57, 0x19, 0x57, 0x19, 0x55, 
	0x11, 0x15, 0x19, 0x55, 0x19, 0x57, 0x19, 0x55, 
	0x11, 0x15, 0x11, 0x15, 0x21, 0x57, 0x19, 0x55, 
	0x21, 0x57, 0x19, 0x15, 0x19, 0x55, 0x19, 0x55, 
	0x11, 0x15, 0x19, 0x57, 0x19, 0x55, 0x11, 0x15, 
	0x21, 0x97, 0x19, 0x55, 0x11, 0x15, 0x11, 0x15, 
	0x11, 0x15, 0x19, 0x55, 0x11, 0x15, 0x42, 0x9f, 
	0x19, 0x55, 0x11, 0x15, 0x11, 0x15, 0x11, 0x15, 
	0x11, 0x15, 0x19, 0x55, 0x19, 0x55, 0x3a, 0x5d, 
	0x11, 0x15, 0x11, 0x15, 0x19, 0x55, 0x19, 0x55, 
	0x19, 0x55, 0x11, 0x15, 0x11, 0x15, 0x11, 0x15, 
	0x11, 0x15, 0x19, 0x15, 0x19, 0x55, 0x19, 0x15, 
	0x11, 0x15, 0x19, 0x15, 0x19, 0x15, 0x42, 0x9f, 
	0x19, 0x17, 0x19, 0x17, 0x19, 0x57, 0x19, 0x57, 
	0x11, 0x17, 0x11, 0x17, 0x11, 0x17, 0x11, 0x17, 
	0x19, 0x57, 0x19, 0x59, 0x19, 0x57, 0x19, 0x59, 
	0x19, 0x19, 0x19, 0x19, 0x19, 0x19, 0x19, 0x19, 
	0x29, 0x61, 0x21, 0x61, 0x29, 0x61, 0x21, 0x61, 
	0x21, 0x61, 0x29, 0xa1, 0x21, 0x61, 0x42, 0x25, 
	0x3a, 0x25, 0x21, 0x61, 0x29, 0xa3, 0x29, 0xa3, 
	0x29, 0xa3, 0x31, 0xa5, 0x4a, 0x69, 0x31, 0xa3, 
	0x31, 0xa3, 0x31, 0xe3, 0x31, 0xa3, 0x29, 0x61, 
	0x29, 0x63, 0x29, 0xa3, 0x31, 0xa5, 0x39, 0xe7, 
	0x31, 0xa5, 0x31, 0xa7, 0x41, 0xe9, 0x39, 0xe7, 
	0x39, 0xa7, 0x39, 0xa7, 0x41, 0xa7, 0x49, 0xe9, 
	0x41, 0xa7, 0x39, 0xa7, 0x39, 0xe7, 0x31, 0xa7, 
	0x31, 0xa5, 0x31, 0xa5, 0x31, 0xa5, 0x39, 0xa5, 
	0x39, 0xa7, 0x39, 0xa7, 0x41, 0xa9, 0x41, 0xe9, 
	0x41, 0xe9, 0x41, 0xe9, 0x41, 0xa9, 0x41, 0xa9, 
	0x41, 0xa9, 0x41, 0xab, 0x41, 0xab, 0x39, 0xa9, 
	0x52, 0x6d, 0x4a, 0x2d, 0x39, 0xeb, 0x39, 0xeb, 
	0x39, 0xe9, 0x39, 0xeb, 0x39, 0xe9, 0x39, 0xe9, 
	0x39, 0xa9, 0x39, 0xeb, 0x39, 0xeb, 0x39, 0xeb, 
	0x49, 0xeb, 0x41, 0xeb, 0x41, 0xeb, 0x41, 0xeb, 
	0x41, 0xed, 0x49, 0xef, 0x49, 0xef, 0x49, 0xef, 
	0x49, 0xef, 0x4a, 0x31, 0x4a, 0x31, 0x52, 0x73, 
	0x4a, 0x31, 0x4a, 0x2f, 0x4a, 0x2f, 0x4a, 0x31, 
	0x52, 0x71, 0x4a, 0x31, 0x4a, 0x31, 0x4a, 0x31, 
	0x4a, 0x2f, 0x4a, 0x2f, 0x4a, 0x71, 0x4a, 0x31, 
	0x42, 0x2f, 0x4a, 0x31, 0x5a, 0xf3, 0x42, 0x2f, 
	0x41, 0xed, 0x41, 0xed, 0x52, 0x6f, 0x41, 0xed, 
	0x41, 0xed, 0x39, 0xed, 0x39, 0xeb, 0x39, 0xeb, 
	0x39, 0xab, 0x39, 0xeb, 0x41, 0xed, 0x39, 0xeb, 
	0x31, 0xa7, 0x31, 0xa7, 0x31, 0xe7, 0x29, 0xe7, 
	0x29, 0xa5, 0x21, 0xa5, 0x21, 0xa3, 0x19, 0xa1, 
	0x19, 0x9f, 0x21, 0x9f, 0x21, 0xdf, 0x29, 0xdf, 
	0x19, 0x9d, 0x19, 0x9d, 0x19, 0x9d, 0x19, 0x9d, 
	0x19, 0x9d, 0x11, 0x9d, 0x19, 0x9d, 0x19, 0x9d, 
	0x11, 0x9d, 0x11, 0x9d, 0x19, 0x9d, 0x11, 0x9d, 
	0x11, 0x9d, 0x11, 0x9d, 0x19, 0x9d, 0x19, 0x9d, 
	0x19, 0x9d, 0x11, 0x9d, 0x11, 0x9d, 0x19, 0x9d, 
	0x19, 0x9d, 0x19, 0x9b, 0x19, 0x9d, 0x19, 0x9b, 
	0x19, 0x9d, 0x19, 0x9d, 0x19, 0x9d, 0x21, 0xdf, 
	0x29, 0xdf, 0x11, 0x9b, 0x2a, 0x1f, 0x11, 0x9b, 
	0x19, 0x9d, 0x11, 0x9b, 0x19, 0x9b, 0x21, 0xdd, 
	0x11, 0x5b, 0x11, 0x5b, 0x19, 0x9b, 0x19, 0x9b, 
	0x19, 0x5b, 0x19, 0x5b, 0x19, 0x59, 0x19, 0x59, 
	0x11, 0x59, 0x19, 0x59, 0x11, 0x59, 0x19, 0x59, 
	0x19, 0x59, 0x21, 0x9b, 0x21, 0x9b, 0x19, 0x59, 
	0x21, 0x9b, 0x19, 0x9b, 0x11, 0x59, 0x11, 0x59, 
	0x11, 0x59, 0x29, 0xdd, 0x21, 0x9b, 0x19, 0x59, 
	0x19, 0x19, 0x19, 0x59, 0x21, 0x5b, 0x29, 0x9b, 
	0x19, 0x59, 0x19, 0x19, 0x19, 0x19, 0x19, 0x19, 
	0x19, 0x59, 0x19, 0x59, 0x19, 0x57, 0x19, 0x59, 
	0x19, 0x57, 0x19, 0x17, 0x11, 0x15, 0x11, 0x15, 
	0x19, 0x55, 0x19, 0x57, 0x11, 0x15, 0x11, 0x15, 
	0x11, 0x15, 0x11, 0x15, 0x11, 0x15, 0x11, 0x15, 
	0x19, 0x55, 0x11, 0x15, 0x19, 0x55, 0x19, 0x55, 
	0x11, 0x15, 0x11, 0x15, 0x29, 0x99, 0x19, 0x55, 
	0x19, 0x57, 0x11, 0x15, 0x19, 0x55, 0x11, 0x15, 
	0x11, 0x55, 0x21, 0x97, 0x11, 0x55, 0x19, 0x55, 
	0x19, 0x55, 0x11, 0x15, 0x11, 0x15, 0x11, 0x15, 
	0x19, 0x55, 0x19, 0x55, 0x19, 0x55, 0x19, 0x55, 
	0x19, 0x55, 0x21, 0x97, 0x19, 0x55, 0x19, 0x55, 
	0x19, 0x55, 0x11, 0x15, 0x19, 0x55, 0x11, 0x15, 
	0x11, 0x15, 0x11, 0x15, 0x11, 0x15, 0x11, 0x15, 
	0x11, 0x15, 0x11, 0x15, 0x11, 0x15, 0x19, 0x57, 
	0x21, 0x99, 0x19, 0x15, 0x19, 0x17, 0x19, 0x17, 
	0x19, 0x17, 0x19, 0x17, 0x19, 0x17, 0x19, 0x57, 
	0x21, 0x99, 0x19, 0x57, 0x11, 0x17, 0x11, 0x17, 
	0x11, 0x17, 0x11, 0x17, 0x11, 0x17, 0x11, 0x17, 
	0x21, 0x61, 0x21, 0x61, 0x21, 0x61, 0x21, 0x61, 
	0x21, 0x61, 0x21, 0x61, 0x21, 0x61, 0x21, 0x61, 
	0x29, 0x61, 0x21, 0x61, 0x29, 0xa3, 0x29, 0xa3, 
	0x29, 0xa3, 0x29, 0xa3, 0x29, 0xa3, 0x29, 0xa3, 
	0x29, 0xa3, 0x4a, 0x69, 0x29, 0x63, 0x29, 0x63, 
	0x29, 0x63, 0x29, 0xa5, 0x29, 0xa5, 0x29, 0xa5, 
	0x29, 0xa5, 0x31, 0xa5, 0x31, 0xa5, 0x39, 0xe7, 
	0x39, 0xa7, 0x41, 0xe9, 0x41, 0xa7, 0x4a, 0x2b, 
	0x41, 0xa7, 0x39, 0xa7, 0x31, 0xa5, 0x52, 0x6b, 
	0x39, 0xa5, 0x31, 0xa5, 0x39, 0xe7, 0x31, 0xa5, 
	0x39, 0xa5, 0x31, 0xa5, 0x39, 0xa7, 0x39, 0xe7, 
	0x39, 0xa5, 0x39, 0xa7, 0x41, 0xa9, 0x41, 0xa9, 
	0x41, 0xa9, 0x41, 0xa9, 0x41, 0xa9, 0x39, 0xa9, 
	0x39, 0xa9, 0x39, 0xa9, 0x39, 0xa9, 0x39, 0xa9, 
	0x39, 0xe9, 0x39, 0xe9, 0x39, 0xa7, 0x39, 0xa9, 
	0x39, 0xa9, 0x39, 0xed, 0x39, 0xad, 0x39, 0xab, 
	0x39, 0xeb, 0x41, 0xed, 0x49, 0xed, 0x41, 0xeb, 
	0x49, 0xed, 0x49, 0xf1, 0x49, 0xf1, 0x49, 0xef, 
	0x49, 0xf1, 0x4a, 0x31, 0x4a, 0x33, 0x52, 0x73, 
	0x4a, 0x2f, 0x4a, 0x2f, 0x4a, 0x2f, 0x4a, 0x2f, 
	0x4a, 0x31, 0x52, 0xb3, 0x62, 0xf5, 0x4a, 0x2f, 
	0x4a, 0x31, 0x4a, 0x2f, 0x4a, 0x2f, 0x52, 0x71, 
	0x42, 0x2f, 0x42, 0x2f, 0x42, 0x2f, 0x4a, 0x2f, 
	0x42, 0x2f, 0x41, 0xed, 0x41, 0xed, 0x41, 0xed, 
	0x41, 0xef, 0x41, 0xef, 0x39, 0xed, 0x41, 0xeb, 
	0x41, 0xeb, 0x41, 0xed, 0x52, 0x6f, 0x39, 0xa9, 
	0x31, 0xa7, 0x31, 0xa7, 0x31, 0xa7, 0x29, 0xa7, 
	0x29, 0xa7, 0x29, 0xa5, 0x21, 0xa3, 0x21, 0xa1, 
	0x21, 0xa1, 0x21, 0x9f, 0x19, 0x9d, 0x19, 0x9f, 
	0x19, 0x9f, 0x19, 0x9d, 0x19, 0x9d, 0x19, 0x9d, 
	0x19, 0x9d, 0x19, 0x9d, 0x19, 0xdd, 0x19, 0x9d, 
	0x19, 0x9d, 0x19, 0x9d, 0x11, 0x9d, 0x11, 0x9d, 
	0x11, 0x9d, 0x11, 0x9d, 0x11, 0x9d, 0x11, 0x9d, 
	0x19, 0x9d, 0x19, 0x9d, 0x19, 0x9d, 0x19, 0x9d, 
	0x2a, 0x21, 0x11, 0x9b, 0x19, 0xdd, 0x19, 0x9d, 
	0x19, 0x9d, 0x19, 0xdd, 0x19, 0x9d, 0x19, 0x9d, 
	0x11, 0x9b, 0x11, 0x9b, 0x21, 0xdd, 0x21, 0xdd, 
	0x19, 0x9d, 0x11, 0x9b, 0x19, 0x9b, 0x32, 0x61, 
	0x19, 0x9b, 0x11, 0x9b, 0x53, 0x25, 0x21, 0xdd, 
	0x19, 0x5b, 0x11, 0x5b, 0x19, 0x5b, 0x19, 0x59, 
	0x19, 0x59, 0x19, 0x59, 0x19, 0x59, 0x19, 0x59, 
	0x2a, 0x1d, 0x19, 0x99, 0x19, 0x9b, 0x19, 0x9b, 
	0x19, 0x9b, 0x19, 0x59, 0x11, 0x59, 0x11, 0x59, 
	0x11, 0x59, 0x19, 0x59, 0x19, 0x59, 0x19, 0x59, 
	0x11, 0x19, 0x19, 0x19, 0x19, 0x19, 0x19, 0x59, 
	0x19, 0x59, 0x19, 0x19, 0x19, 0x19, 0x19, 0x19, 
	0x19, 0x19, 0x19, 0x59, 0x19, 0x57, 0x19, 0x17, 
	0x11, 0x17, 0x19, 0x57, 0x11, 0x15, 0x11, 0x15, 
	0x19, 0x55, 0x19, 0x55, 0x19, 0x55, 0x19, 0x55, 
	0x21, 0x97, 0x19, 0x55, 0x19, 0x55, 0x11, 0x15, 
	0x11, 0x15, 0x19, 0x55, 0x19, 0x55, 0x19, 0x55, 
	0x11, 0x15, 0x19, 0x55, 0x3a, 0x1b, 0x21, 0x57, 
	0x19, 0x57, 0x11, 0x15, 0x19, 0x55, 0x11, 0x15, 
	0x11, 0x15, 0x11, 0x15, 0x11, 0x15, 0x19, 0x55, 
	0x19, 0x55, 0x11, 0x15, 0x11, 0x15, 0x11, 0x15, 
	0x11, 0x15, 0x11, 0x15, 0x11, 0x15, 0x19, 0x55, 
	0x19, 0x55, 0x11, 0x15, 0x11, 0x15, 0x19, 0x57, 
	0x19, 0x55, 0x19, 0x55, 0x11, 0x15, 0x19, 0x57, 
	0x11, 0x15, 0x11, 0x15, 0x19, 0x55, 0x19, 0x55, 
	0x19, 0x55, 0x11, 0x15, 0x11, 0x15, 0x11, 0x15, 
	0x11, 0x15, 0x11, 0x15, 0x11, 0x15, 0x11, 0x15, 
	0x19, 0x15, 0x3a, 0x5d, 0x19, 0x55, 0x19, 0x57, 
	0x19, 0x17, 0x11, 0x57, 0x11, 0x17, 0x11, 0x17, 
	0x19, 0x57, 0x11, 0x17, 0x11, 0x17, 0x11, 0x17, 
	0x21, 0x5f, 0x21, 0x5f, 0x21, 0x5f, 0x21, 0x5f, 
	0x29, 0xa1, 0x21, 0x5f, 0x21, 0x5f, 0x21, 0x5f, 
	0x21, 0x61, 0x21, 0x61, 0x29, 0xa1, 0x29, 0xa1, 
	0x29, 0x61, 0x21, 0x5f, 0x29, 0x61, 0x29, 0xa1, 
	0x29, 0xa3, 0x29, 0x63, 0x29, 0x63, 0x29, 0xa3, 
	0x39, 0xe7, 0x29, 0x63, 0x29, 0x63, 0x29, 0x63, 
	0x29, 0xa3, 0x29, 0xa3, 0x31, 0xa5, 0x31, 0xa5, 
	0x39, 0xa7, 0x39, 0xa9, 0x41, 0xe9, 0x41, 0xe9, 
	0x41, 0xa7, 0x39, 0xa7, 0x39, 0x65, 0x42, 0x29, 
	0x31, 0x65, 0x31, 0xa5, 0x31, 0xa5, 0x39, 0xa5, 
	0x31, 0xa5, 0x31, 0xa5, 0x39, 0xa5, 0x31, 0xa5, 
	0x42, 0x29, 0x39, 0xa7, 0x39, 0xa7, 0x41, 0xa9, 
	0x49, 0xa9, 0x41, 0xa9, 0x41, 0xa9, 0x41, 0xa9, 
	0x5a, 0xaf, 0x39, 0xa9, 0x41, 0xe9, 0x39, 0xa7, 
	0x39, 0xa7, 0x41, 0xe9, 0x39, 0xa9, 0x39, 0xa9, 
	0x39, 0xad, 0x39, 0xf1, 0x39, 0xef, 0x41, 0xef, 
	0x41, 0xed, 0x41, 0xed, 0x41, 0xed, 0x41, 0xed, 
	0x49, 0xed, 0x49, 0xef, 0x49, 0xef, 0x49, 0xef, 
	0x49, 0xf1, 0x4a, 0x31, 0x4a, 0x33, 0x4a, 0x33, 
	0x4a, 0x31, 0x4a, 0x2f, 0x4a, 0x2f, 0x4a, 0x31, 
	0x4a, 0x31, 0x4a, 0x2f, 0x4a, 0x31, 0x4a, 0x2f, 
	0x4a, 0x31, 0x4a, 0x2f, 0x4a, 0x2f, 0x42, 0x2f, 
	0x41, 0xef, 0x4a, 0x2f, 0x41, 0xef, 0x41, 0xed, 
	0x4a, 0x2f, 0x42, 0x2f, 0x41, 0xed, 0x41, 0xef, 
	0x41, 0xef, 0x41, 0xef, 0x39, 0xeb, 0x41, 0xab, 
	0x41, 0xed, 0x41, 0xab, 0x39, 0xeb, 0x39, 0xa9, 
	0x31, 0xa7, 0x31, 0xa7, 0x31, 0xa7, 0x31, 0xa7, 
	0x29, 0xa7, 0x3a, 0x69, 0x29, 0xe5, 0x21, 0xa3, 
	0x21, 0xa3, 0x21, 0xe1, 0x21, 0xe1, 0x19, 0x9f, 
	0x19, 0x9f, 0x32, 0x63, 0x19, 0x9d, 0x19, 0x9d, 
	0x11, 0x9d, 0x19, 0x9d, 0x19, 0x9d, 0x11, 0x9d, 
	0x19, 0x9d, 0x22, 0x1f, 0x19, 0x9d, 0x11, 0x9d, 
	0x19, 0x9d, 0x11, 0x9d, 0x11, 0x9d, 0x11, 0x9d, 
	0x19, 0x9d, 0x19, 0x9d, 0x19, 0x9d, 0x19, 0x9d, 
	0x19, 0x9d, 0x2a, 0x1f, 0x19, 0xdd, 0x19, 0x9d, 
	0x21, 0xdd, 0x19, 0x9d, 0x19, 0x9d, 0x19, 0x9d, 
	0x2a, 0x21, 0x19, 0x9d, 0x11, 0x9b, 0x19, 0x9d, 
	0x19, 0x9d, 0x19, 0x9d, 0x11, 0x9b, 0x19, 0xdd, 
	0x11, 0x9b, 0x19, 0x9b, 0x19, 0x9d, 0x19, 0x9d, 
	0x19, 0x9b, 0x11, 0x9b, 0x2a, 0x1f, 0x19, 0x9b, 
	0x19, 0x59, 0x19, 0x59, 0x19, 0x59, 0x11, 0x59, 
	0x11, 0x59, 0x19, 0x59, 0x21, 0x9b, 0x19, 0x59, 
	0x19, 0x59, 0x19, 0x59, 0x11, 0x59, 0x29, 0xdb, 
	0x21, 0x9b, 0x11, 0x59, 0x11, 0x59, 0x11, 0x59, 
	0x11, 0x59, 0x19, 0x59, 0x19, 0x19, 0x29, 0xdd, 
	0x19, 0x59, 0x19, 0x19, 0x19, 0x19, 0x19, 0x19, 
	0x19, 0x19, 0x19, 0x59, 0x19, 0x57, 0x19, 0x17, 
	0x19, 0x17, 0x19, 0x17, 0x19, 0x15, 0x19, 0x55, 
	0x32, 0x1b, 0x11, 0x15, 0x11, 0x15, 0x19, 0x55, 
	0x19, 0x55, 0x19, 0x55, 0x19, 0x55, 0x11, 0x15, 
	0x11, 0x15, 0x11, 0x15, 0x19, 0x55, 0x21, 0x97, 
	0x11, 0x15, 0x19, 0x55, 0x19, 0x55, 0x19, 0x15, 
	0x3a, 0x1b, 0x21, 0x57, 0x11, 0x15, 0x11, 0x15, 
	0x19, 0x15, 0x11, 0x15, 0x11, 0x15, 0x11, 0x15, 
	0x19, 0x55, 0x11, 0x15, 0x11, 0x15, 0x11, 0x15, 
	0x19, 0x55, 0x11, 0x15, 0x11, 0x15, 0x11, 0x15, 
	0x11, 0x15, 0x11, 0x15, 0x11, 0x15, 0x11, 0x15, 
	0x11, 0x15, 0x19, 0x57, 0x11, 0x15, 0x11, 0x15, 
	0x11, 0x15, 0x19, 0x55, 0x19, 0x15, 0x11, 0x15, 
	0x19, 0x55, 0x19, 0x55, 0x11, 0x15, 0x11, 0x15, 
	0x11, 0x15, 0x11, 0x15, 0x11, 0x15, 0x11, 0x15, 
	0x11, 0x15, 0x19, 0x55, 0x11, 0x15, 0x11, 0x15, 
	0x11, 0x15, 0x19, 0x15, 0x19, 0x15, 0x11, 0x17, 
	0x19, 0x17, 0x19, 0x57, 0x19, 0x17, 0x19, 0x57, 
	0x21, 0x5d, 0x21, 0x5d, 0x21, 0x5d, 0x29, 0x9f, 
	0x29, 0x9f, 0x21, 0x5f, 0x21, 0x5f, 0x21, 0x5f, 
	0x21, 0x5f, 0x21, 0x5f, 0x21, 0x5f, 0x21, 0x5f, 
	0x21, 0x5f, 0x21, 0x5f, 0x21, 0x5f, 0x29, 0x61, 
	0x21, 0x61, 0x21, 0x61, 0x29, 0x61, 0x29, 0x63, 
	0x29, 0x63, 0x29, 0x63, 0x29, 0x61, 0x29, 0x61, 
	0x29, 0x61, 0x29, 0xa3, 0x31, 0xa5, 0x31, 0xa5, 
	0x31, 0xa7, 0x39, 0xa9, 0x39, 0xa7, 0x39, 0xa7, 
	0x41, 0xa9, 0x39, 0xa7, 0x39, 0xa7, 0x41, 0xe7, 
	0x31, 0x65, 0x31, 0xa5, 0x31, 0xa5, 0x39, 0xa7, 
	0x52, 0xab, 0x4a, 0x29, 0x31, 0x65, 0x39, 0xa5, 
	0x31, 0xa5, 0x39, 0xa7, 0x4a, 0x2b, 0x41, 0xa9, 
	0x41, 0xa9, 0x41, 0xa9, 0x41, 0xa9, 0x41, 0xa9, 
	0x41, 0xa9, 0x41, 0xa9, 0x39, 0xa7, 0x39, 0xa7, 
	0x41, 0xe9, 0x42, 0x29, 0x52, 0x6d, 0x39, 0xa9, 
	0x39, 0xaf, 0x39, 0xf1, 0x41, 0xf3, 0x39, 0xef, 
	0x31, 0xad, 0x39, 0xad, 0x39, 0xad, 0x41, 0xeb, 
	0x41, 0xed, 0x49, 0xef, 0x49, 0xef, 0x49, 0xef, 
	0x49, 0xef, 0x49, 0xef, 0x52, 0x73, 0x52, 0x35, 
	0x4a, 0x31, 0x4a, 0x71, 0x4a, 0x2f, 0x4a, 0x31, 
	0x4a, 0x33, 0x4a, 0x31, 0x4a, 0x2f, 0x4a, 0x2f, 
	0x4a, 0x2f, 0x4a, 0x31, 0x4a, 0x2f, 0x4a, 0x2f, 
	0x41, 0xef, 0x4a, 0x2f, 0x41, 0xed, 0x4a, 0x2f, 
	0x41, 0xed, 0x42, 0x2f, 0x42, 0x2f, 0x41, 0xf1, 
	0x41, 0xef, 0x41, 0xef, 0x41, 0xeb, 0x41, 0xeb, 
	0x39, 0xab, 0x39, 0xa9, 0x39, 0xa9, 0x39, 0xe9, 
	0x31, 0xa7, 0x39, 0xa7, 0x31, 0xa7, 0x29, 0xa7, 
	0x29, 0xe7, 0x29, 0xe5, 0x3a, 0x67, 0x29, 0xe5, 
	0x21, 0xe3, 0x29, 0xe3, 0x32, 0x23, 0x21, 0xa1, 
	0x21, 0xe1, 0x21, 0xa1, 0x19, 0x9f, 0x19, 0x9d, 
	0x19, 0x9d, 0x2a, 0x21, 0x11, 0x9d, 0x11, 0x9d, 
	0x11, 0x9d, 0x19, 0x9d, 0x2a, 0x21, 0x11, 0x9d, 
	0x11, 0x9d, 0x19, 0x9d, 0x19, 0x9d, 0x19, 0x9d, 
	0x32, 0x61, 0x19, 0x9d, 0x19, 0x9d, 0x11, 0x9d, 
	0x11, 0x9d, 0x11, 0x9d, 0x19, 0x9d, 0x19, 0x9d, 
	0x19, 0xdd, 0x19, 0xdd, 0x19, 0x9d, 0x19, 0x9d, 
	0x21, 0xdd, 0x21, 0xdd, 0x19, 0x9d, 0x11, 0x9d, 
	0x11, 0x9d, 0x11, 0x9d, 0x11, 0x9b, 0x11, 0x9b, 
	0x19, 0x9d, 0x19, 0x9b, 0x19, 0x9d, 0x21, 0xdd, 
	0x11, 0x9b, 0x11, 0x9b, 0x19, 0x9b, 0x19, 0x9b, 
	0x21, 0xdb, 0x11, 0x59, 0x19, 0x59, 0x11, 0x59, 
	0x11, 0x59, 0x21, 0x9b, 0x19, 0x9b, 0x42, 0xa3, 
	0x19, 0x59, 0x21, 0x9b, 0x19, 0x59, 0x11, 0x57, 
	0x19, 0x59, 0x11, 0x59, 0x11, 0x59, 0x11, 0x59, 
	0x19, 0x59, 0x19, 0x59, 0x21, 0x9b, 0x19, 0x59, 
	0x19, 0x19, 0x19, 0x59, 0x19, 0x19, 0x19, 0x59, 
	0x19, 0x59, 0x19, 0x59, 0x19, 0x57, 0x19, 0x59, 
	0x19, 0x57, 0x11, 0x17, 0x19, 0x15, 0x11, 0x15, 
	0x11, 0x15, 0x11, 0x15, 0x19, 0x55, 0x21, 0x99, 
	0x19, 0x55, 0x21, 0x97, 0x19, 0x55, 0x19, 0x55, 
	0x11, 0x15, 0x19, 0x55, 0x21, 0x97, 0x31, 0xd9, 
	0x11, 0x15, 0x19, 0x55, 0x19, 0x15, 0x19, 0x15, 
	0x29, 0xd9, 0x19, 0x57, 0x11, 0x15, 0x19, 0x55, 
	0x19, 0x15, 0x19, 0x15, 0x19, 0x15, 0x11, 0x15, 
	0x11, 0x15, 0x19, 0x55, 0x11, 0x15, 0x11, 0x15, 
	0x19, 0x57, 0x11, 0x15, 0x11, 0x15, 0x11, 0x15, 
	0x11, 0x15, 0x11, 0x15, 0x19, 0x55, 0x19, 0x55, 
	0x19, 0x55, 0x11, 0x15, 0x11, 0x15, 0x11, 0x15, 
	0x19, 0x55, 0x19, 0x55, 0x19, 0x55, 0x11, 0x15, 
	0x19, 0x57, 0x19, 0x57, 0x19, 0x55, 0x19, 0x57, 
	0x11, 0x15, 0x11, 0x15, 0x11, 0x15, 0x11, 0x15, 
	0x11, 0x15, 0x11, 0x15, 0x11, 0x15, 0x11, 0x15, 
	0x19, 0x55, 0x11, 0x15, 0x11, 0x15, 0x19, 0x57, 
	0x11, 0x15, 0x11, 0x15, 0x11, 0x15, 0x19, 0x17, 
	0x31, 0xe1, 0x21, 0x5b, 0x21, 0x5d, 0x19, 0x5d, 
	0x21, 0x5d, 0x19, 0x5d, 0x21, 0x5d, 0x29, 0x9f, 
	0x21, 0x5f, 0x29, 0xa1, 0x21, 0x5f, 0x21, 0x5f, 
	0x29, 0xa1, 0x21, 0x5f, 0x21, 0x5f, 0x21, 0x5f, 
	0x21, 0x5f, 0x21, 0x5f, 0x21, 0x61, 0x29, 0xa3, 
	0x21, 0x61, 0x29, 0xa3, 0x21, 0x61, 0x21, 0x61, 
	0x42, 0x27, 0x29, 0xa1, 0x29, 0x63, 0x31, 0xa5, 
	0x39, 0xa9, 0x31, 0xa9, 0x31, 0xa9, 0x39, 0xa7, 
	0x41, 0xe9, 0x41, 0xe9, 0x4a, 0x27, 0x39, 0xa5, 
	0x31, 0x65, 0x31, 0xa5, 0x39, 0xa7, 0x31, 0xa5, 
	0x31, 0xa5, 0x39, 0xa7, 0x31, 0xa5, 0x39, 0xa7, 
	0x39, 0xa7, 0x39, 0xa7, 0x41, 0xe9, 0x41, 0xe9, 
	0x39, 0xa9, 0x39, 0xa9, 0x39, 0xa9, 0x41, 0xa9, 
	0x39, 0xa9, 0x39, 0xa7, 0x39, 0xa7, 0x39, 0xa7, 
	0x39, 0xa7, 0x4a, 0x2b, 0x39, 0xe9, 0x39, 0xab, 
	0x39, 0xaf, 0x39, 0xf3, 0x41, 0xf3, 0x39, 0xaf, 
	0x39, 0xed, 0x31, 0xad, 0x31, 0xab, 0x39, 0xa9, 
	0x39, 0xab, 0x4a, 0x2d, 0x49, 0xed, 0x49, 0xef, 
	0x49, 0xef, 0x49, 0xef, 0x52, 0x73, 0x52, 0x33, 
	0x4a, 0x33, 0x4a, 0x31, 0x4a, 0x31, 0x4a, 0x33, 
	0x4a, 0x33, 0x4a, 0x31, 0x4a, 0x2f, 0x4a, 0x2f, 
	0x4a, 0x2f, 0x4a, 0x2f, 0x4a, 0x2f, 0x49, 0xef, 
	0x41, 0xed, 0x4a, 0x2f, 0x41, 0xed, 0x41, 0xed, 
	0x41, 0xed, 0x49, 0xed, 0x49, 0xef, 0x49, 0xf1, 
	0x5a, 0xb3, 0x41, 0xed, 0x39, 0xab, 0x39, 0xab, 
	0x39, 0xab, 0x41, 0xab, 0x41, 0xe9, 0x41, 0xeb, 
	0x39, 0xa7, 0x39, 0xe7, 0x31, 0xa7, 0x31, 0xa7, 
	0x29, 0xa5, 0x29, 0xa5, 0x29, 0xe5, 0x21, 0xa3, 
	0x21, 0xe5, 0x29, 0xe3, 0x21, 0xa1, 0x21, 0xe1, 
	0x21, 0xe1, 0x21, 0x9f, 0x19, 0x9f, 0x19, 0x9f, 
	0x19, 0x9d, 0x19, 0x9d, 0x11, 0x9d, 0x11, 0x9d, 
	0x19, 0x9d, 0x19, 0xdf, 0x19, 0x9f, 0x19, 0x9d, 
	0x19, 0x9d, 0x19, 0x9b, 0x11, 0x9d, 0x19, 0x9d, 
	0x19, 0x9d, 0x11, 0x9d, 0x22, 0x1f, 0x11, 0x9d, 
	0x11, 0x9d, 0x11, 0x9d, 0x11, 0x9d, 0x21, 0xdf, 
	0x19, 0xdd, 0x19, 0x9d, 0x19, 0x9d, 0x21, 0xdd, 
	0x19, 0x9d, 0x21, 0xdd, 0x19, 0x9d, 0x19, 0x9d, 
	0x11, 0x9b, 0x11, 0x9d, 0x11, 0x9b, 0x11, 0x9b, 
	0x19, 0x9d, 0x11, 0x9b, 0x19, 0x9d, 0x11, 0x9b, 
	0x11, 0x9b, 0x19, 0x9b, 0x11, 0x5b, 0x19, 0x5b, 
	0x11, 0x59, 0x21, 0xdb, 0x21, 0xdb, 0x19, 0x59, 
	0x19, 0x59, 0x19, 0x59, 0x19, 0x59, 0x21, 0xdb, 
	0x19, 0x59, 0x19, 0x59, 0x21, 0x9b, 0x11, 0x59, 
	0x19, 0x99, 0x19, 0x99, 0x11, 0x59, 0x11, 0x59, 
	0x19, 0x59, 0x19, 0x59, 0x19, 0x59, 0x19, 0x19, 
	0x19, 0x19, 0x19, 0x59, 0x19, 0x59, 0x19, 0x59, 
	0x19, 0x59, 0x19, 0x59, 0x19, 0x57, 0x29, 0x9b, 
	0x21, 0x99, 0x19, 0x57, 0x11, 0x15, 0x11, 0x15, 
	0x11, 0x15, 0x19, 0x55, 0x32, 0x1b, 0x19, 0x55, 
	0x11, 0x15, 0x21, 0x97, 0x19, 0x55, 0x19, 0x55, 
	0x11, 0x15, 0x11, 0x15, 0x11, 0x15, 0x11, 0x15, 
	0x19, 0x15, 0x19, 0x55, 0x3a, 0x1b, 0x19, 0x15, 
	0x19, 0x57, 0x19, 0x55, 0x19, 0x55, 0x21, 0x57, 
	0x19, 0x15, 0x19, 0x15, 0x19, 0x15, 0x19, 0x55, 
	0x42, 0x5d, 0x19, 0x55, 0x19, 0x15, 0x19, 0x55, 
	0x19, 0x55, 0x11, 0x15, 0x11, 0x15, 0x11, 0x15, 
	0x19, 0x57, 0x19, 0x55, 0x3a, 0x5d, 0x19, 0x55, 
	0x19, 0x55, 0x11, 0x15, 0x19, 0x55, 0x19, 0x57, 
	0x19, 0x57, 0x21, 0x57, 0x19, 0x55, 0x11, 0x15, 
	0x21, 0x99, 0x19, 0x55, 0x11, 0x15, 0x11, 0x15, 
	0x11, 0x15, 0x11, 0x15, 0x11, 0x15, 0x19, 0x57, 
	0x19, 0x55, 0x19, 0x55, 0x11, 0x15, 0x11, 0x15, 
	0x11, 0x15, 0x11, 0x15, 0x19, 0x55, 0x19, 0x55, 
	0x29, 0xd9, 0x11, 0x15, 0x11, 0x15, 0x11, 0x15, 
	0x21, 0x5d, 0x21, 0x5d, 0x21, 0x5d, 0x21, 0x9d, 
	0x19, 0x5d, 0x21, 0x5d, 0x21, 0x9f, 0x3a, 0x23, 
	0x21, 0x5d, 0x21, 0x5f, 0x21, 0x5d, 0x29, 0xa1, 
	0x21, 0x5f, 0x21, 0x5f, 0x21, 0x5f, 0x42, 0x65, 
	0x21, 0x5d, 0x21, 0x5f, 0x21, 0x5f, 0x21, 0x61, 
	0x29, 0x61, 0x29, 0xa1, 0x31, 0xa3, 0x21, 0x61, 
	0x29, 0xa1, 0x29, 0x61, 0x29, 0x63, 0x29, 0x63, 
	0x39, 0xe7, 0x39, 0xe9, 0x31, 0xa7, 0x31, 0xa7, 
	0x31, 0xa7, 0x39, 0xa7, 0x4a, 0x69, 0x39, 0xa5, 
	0x39, 0xa5, 0x39, 0xa5, 0x39, 0xa7, 0x39, 0xa5, 
	0x39, 0x65, 0x39, 0x65, 0x39, 0x65, 0x41, 0xe9, 
	0x39, 0xa7, 0x39, 0xa7, 0x39, 0xa7, 0x39, 0xa7, 
	0x39, 0xa7, 0x39, 0xa7, 0x39, 0xa9, 0x5a, 0xad, 
	0x41, 0xe9, 0x39, 0xa7, 0x39, 0xa7, 0x39, 0xa7, 
	0x39, 0xa7, 0x39, 0xe7, 0x39, 0xa9, 0x42, 0x2d, 
	0x41, 0xf1, 0x39, 0xf3, 0x39, 0xf1, 0x39, 0xad, 
	0x39, 0xed, 0x31, 0xab, 0x31, 0xa7, 0x31, 0xa5, 
	0x31, 0xa7, 0x39, 0xa9, 0x41, 0xeb, 0x41, 0xed, 
	0x41, 0xed, 0x4a, 0x2f, 0x4a, 0x31, 0x4a, 0x33, 
	0x4a, 0x31, 0x49, 0xef, 0x4a, 0x2f, 0x4a, 0x31, 
	0x4a, 0x31, 0x4a, 0x31, 0x52, 0x71, 0x4a, 0x31, 
	0x4a, 0x31, 0x4a, 0x2f, 0x4a, 0x2f, 0x49, 0xed, 
	0x41, 0xed, 0x41, 0xed, 0x4a, 0x2f, 0x49, 0xef, 
	0x41, 0xed, 0x49, 0xef, 0x49, 0xef, 0x49, 0xef, 
	0x49, 0xef, 0x5a, 0x6f, 0x41, 0xeb, 0x41, 0xed, 
	0x41, 0xab, 0x41, 0xeb, 0x41, 0xab, 0x52, 0x6d, 
	0x41, 0xeb, 0x39, 0xe9, 0x39, 0xa7, 0x31, 0xa7, 
	0x31, 0xa7, 0x29, 0xa5, 0x29, 0xa5, 0x29, 0xa5, 
	0x32, 0x27, 0x29, 0xe5, 0x21, 0xa3, 0x21, 0xe3, 
	0x21, 0x9f, 0x19, 0x9f, 0x19, 0x9f, 0x32, 0x63, 
	0x19, 0x9f, 0x19, 0x9f, 0x19, 0x9f, 0x19, 0xa1, 
	0x21, 0xe1, 0x21, 0xa1, 0x19, 0xa1, 0x19, 0x9f, 
	0x19, 0x9d, 0x19, 0x9d, 0x19, 0x9d, 0x19, 0x9d, 
	0x19, 0x9d, 0x19, 0x9d, 0x19, 0x9f, 0x22, 0x1f, 
	0x19, 0xdf, 0x19, 0x9d, 0x11, 0x9d, 0x11, 0x9d, 
	0x19, 0x9d, 0x11, 0x9b, 0x21, 0xdf, 0x19, 0x9d, 
	0x19, 0x9d, 0x19, 0x9d, 0x19, 0x9d, 0x19, 0x9d, 
	0x11, 0x9d, 0x19, 0x9d, 0x11, 0x9b, 0x11, 0x9b, 
	0x11, 0x9b, 0x11, 0x9b, 0x19, 0x9d, 0x19, 0x9d, 
	0x19, 0x9d, 0x19, 0x9d, 0x19, 0x9b, 0x19, 0x9b, 
	0x11, 0x59, 0x19, 0x59, 0x19, 0x59, 0x19, 0x59, 
	0x19, 0x9b, 0x19, 0x9b, 0x19, 0x9b, 0x19, 0x59, 
	0x19, 0x59, 0x19, 0x59, 0x19, 0x59, 0x19, 0x59, 
	0x11, 0x59, 0x11, 0x59, 0x11, 0x59, 0x19, 0x59, 
	0x21, 0x9b, 0x19, 0x59, 0x19, 0x59, 0x19, 0x19, 
	0x19, 0x19, 0x19, 0x59, 0x19, 0x59, 0x19, 0x59, 
	0x19, 0x59, 0x19, 0x19, 0x19, 0x59, 0x19, 0x57, 
	0x19, 0x17, 0x21, 0x99, 0x21, 0x97, 0x11, 0x15, 
	0x11, 0x15, 0x11, 0x15, 0x11, 0x15, 0x11, 0x15, 
	0x19, 0x55, 0x19, 0x55, 0x19, 0x55, 0x11, 0x15, 
	0x19, 0x15, 0x11, 0x15, 0x11, 0x15, 0x19, 0x55, 
	0x19, 0x55, 0x19, 0x15, 0x21, 0x97, 0x19, 0x15, 
	0x19, 0x55, 0x19, 0x15, 0x19, 0x15, 0x19, 0x15, 
	0x21, 0x97, 0x21, 0x97, 0x19, 0x15, 0x19, 0x15, 
	0x19, 0x15, 0x19, 0x55, 0x19, 0x55, 0x19, 0x55, 
	0x19, 0x55, 0x19, 0x55, 0x19, 0x55, 0x11, 0x15, 
	0x11, 0x15, 0x19, 0x57, 0x19, 0x55, 0x11, 0x15, 
	0x19, 0x55, 0x19, 0x55, 0x19, 0x55, 0x11, 0x15, 
	0x21, 0x99, 0x19, 0x55, 0x11, 0x15, 0x29, 0xd9, 
	0x29, 0x99, 0x19, 0x55, 0x19, 0x57, 0x19, 0x55, 
	0x11, 0x15, 0x19, 0x55, 0x11, 0x15, 0x11, 0x15, 
	0x19, 0x55, 0x11, 0x15, 0x19, 0x55, 0x11, 0x15, 
	0x11, 0x15, 0x19, 0x55, 0x11, 0x15, 0x19, 0x55, 
	0x11, 0x15, 0x11, 0x15, 0x11, 0x15, 0x11, 0x15, 
	0x19, 0x5d, 0x21, 0x5d, 0x4a, 0xa5, 0x6b, 0xa9, 
	0x19, 0x5d, 0x19, 0x5d, 0x19, 0x5d, 0x19, 0x5d, 
	0x21, 0x5f, 0x19, 0x5d, 0x19, 0x5d, 0x21, 0x5f, 
	0x21, 0x5f, 0x21, 0x5f, 0x21, 0x5d, 0x21, 0x5f, 
	0x21, 0x5d, 0x21, 0x5f, 0x21, 0x5f, 0x21, 0x5f, 
	0x29, 0xa1, 0x29, 0x61, 0x21, 0x5f, 0x29, 0xa1, 
	0x21, 0x5f, 0x29, 0x61, 0x29, 0x61, 0x31, 0xa5, 
	0x31, 0xa3, 0x31, 0xa5, 0x31, 0xa5, 0x31, 0xa5, 
	0x31, 0xa5, 0x39, 0xe7, 0x31, 0xa5, 0x39, 0xa7, 
	0x41, 0xe9, 0x39, 0xa7, 0x4a, 0x2b, 0x41, 0xa7, 
	0x41, 0xa7, 0x39, 0xa5, 0x39, 0xa5, 0x39, 0xa7, 
	0x39, 0xa7, 0x39, 0xa7, 0x39, 0xa7, 0x39, 0xa7, 
	0x39, 0xa7, 0x39, 0xa7, 0x39, 0xa7, 0x41, 0xe9, 
	0x41, 0xa7, 0x39, 0xa7, 0x39, 0xa7, 0x39, 0xa7, 
	0x41, 0xe9, 0x39, 0xa7, 0x31, 0x67, 0x42, 0x2b, 
	0x31, 0xab, 0x39, 0xef, 0x39, 0xad, 0x31, 0xab, 
	0x39, 0xeb, 0x31, 0xa7, 0x39, 0xe7, 0x29, 0xa5, 
	0x39, 0xe7, 0x31, 0xa7, 0x39, 0xab, 0x41, 0xed, 
	0x41, 0xed, 0x49, 0xed, 0x4a, 0x2f, 0x4a, 0x2f, 
	0x49, 0xef, 0x49, 0xed, 0x5a, 0x71, 0x49, 0xed, 
	0x49, 0xef, 0x4a, 0x31, 0x4a, 0x31, 0x4a, 0x31, 
	0x4a, 0x31, 0x4a, 0x2f, 0x49, 0xef, 0x4a, 0x2f, 
	0x49, 0xed, 0x41, 0xed, 0x41, 0xed, 0x41, 0xed, 
	0x41, 0xed, 0x49, 0xef, 0x49, 0xef, 0x49, 0xef, 
	0x49, 0xed, 0x49, 0xed, 0x49, 0xed, 0x41, 0xed, 
	0x4a, 0x2f, 0x49, 0xed, 0x41, 0xab, 0x41, 0xeb, 
	0x41, 0xeb, 0x41, 0xab, 0x41, 0xab, 0x39, 0xeb, 
	0x31, 0xa9, 0x31, 0xa7, 0x31, 0xa5, 0x29, 0xa5, 
	0x29, 0xe5, 0x21, 0xa3, 0x21, 0xa3, 0x29, 0xe5, 
	0x21, 0xa1, 0x21, 0xe1, 0x21, 0xa1, 0x19, 0xa1, 
	0x21, 0xe3, 0x19, 0xa1, 0x21, 0xa1, 0x21, 0xa3, 
	0x21, 0xa5, 0x21, 0xa3, 0x21, 0xa3, 0x19, 0xa1, 
	0x19, 0xdf, 0x19, 0x9d, 0x19, 0x9d, 0x19, 0xdf, 
	0x19, 0x9f, 0x19, 0xdf, 0x19, 0xdf, 0x19, 0x9d, 
	0x19, 0x9d, 0x11, 0x9d, 0x11, 0x9d, 0x19, 0xdf, 
	0x19, 0x9d, 0x19, 0x9d, 0x19, 0xdf, 0x19, 0x9d, 
	0x19, 0x9d, 0x19, 0x9d, 0x19, 0x9d, 0x21, 0xdf, 
	0x19, 0x9d, 0x11, 0x9d, 0x19, 0x9d, 0x19, 0xdd, 
	0x11, 0x9b, 0x11, 0x9b, 0x19, 0x9d, 0x11, 0x9b, 
	0x19, 0x9d, 0x19, 0x9b, 0x19, 0x9b, 0x19, 0x9b, 
	0x11, 0x59, 0x11, 0x59, 0x19, 0x59, 0x11, 0x59, 
	0x19, 0x59, 0x19, 0x99, 0x19, 0x9b, 0x19, 0x59, 
	0x19, 0x59, 0x19, 0x59, 0x19, 0x59, 0x19, 0x59, 
	0x19, 0x5b, 0x19, 0x9b, 0x11, 0x59, 0x11, 0x59, 
	0x19, 0x99, 0x19, 0x59, 0x19, 0x59, 0x19, 0x19, 
	0x19, 0x59, 0x19, 0x59, 0x19, 0x59, 0x19, 0x59, 
	0x19, 0x59, 0x19, 0x59, 0x19, 0x59, 0x19, 0x59, 
	0x19, 0x17, 0x19, 0x17, 0x19, 0x55, 0x11, 0x15, 
	0x19, 0x15, 0x11, 0x15, 0x19, 0x55, 0x11, 0x15, 
	0x21, 0x97, 0x19, 0x55, 0x19, 0x55, 0x21, 0x57, 
	0x19, 0x15, 0x19, 0x15, 0x11, 0x15, 0x42, 0x5d, 
	0x21, 0x57, 0x19, 0x15, 0x19, 0x55, 0x19, 0x15, 
	0x19, 0x55, 0x19, 0x15, 0x11, 0x15, 0x19, 0x15, 
	0x19, 0x55, 0x32, 0x1b, 0x19, 0x15, 0x19, 0x15, 
	0x19, 0x15, 0x19, 0x55, 0x19, 0x55, 0x19, 0x55, 
	0x11, 0x15, 0x11, 0x15, 0x11, 0x15, 0x11, 0x15, 
	0x11, 0x15, 0x11, 0x15, 0x19, 0x55, 0x42, 0x9f, 
	0x19, 0x57, 0x19, 0x55, 0x19, 0x57, 0x19, 0x57, 
	0x19, 0x55, 0x11, 0x15, 0x11, 0x15, 0x11, 0x15, 
	0x11, 0x15, 0x11, 0x15, 0x19, 0x55, 0x19, 0x57, 
	0x11, 0x15, 0x19, 0x55, 0x19, 0x55, 0x11, 0x15, 
	0x11, 0x15, 0x19, 0x57, 0x11, 0x15, 0x11, 0x15, 
	0x19, 0x57, 0x21, 0x97, 0x19, 0x55, 0x11, 0x15, 
	0x11, 0x15, 0x11, 0x15, 0x11, 0x15, 0x11, 0x15, 
	0x19, 0x5d, 0x19, 0x5d, 0x19, 0x5d, 0x21, 0x5d, 
	0x21, 0x5d, 0x19, 0x5d, 0x19, 0x5d, 0x19, 0x5d, 
	0x19, 0x5d, 0x19, 0x5d, 0x21, 0x5f, 0x21, 0x5f, 
	0x21, 0x5f, 0x21, 0x5f, 0x21, 0x5d, 0x21, 0x5d, 
	0x21, 0x5d, 0x21, 0x5f, 0x21, 0x5f, 0x29, 0x9f, 
	0x29, 0x5f, 0x21, 0x5f, 0x21, 0x5f, 0x31, 0xe3, 
	0x29, 0x5f, 0x29, 0x61, 0x29, 0x61, 0x29, 0x61, 
	0x29, 0x63, 0x29, 0x63, 0x31, 0xa5, 0x42, 0x27, 
	0x31, 0xa5, 0x31, 0xa3, 0x42, 0x29, 0x41, 0xe9, 
	0x39, 0xa7, 0x41, 0xe9, 0x39, 0xa7, 0x41, 0xa7, 
	0x39, 0xa7, 0x39, 0x65, 0x4a, 0x69, 0x41, 0xe7, 
	0x39, 0xa7, 0x39, 0xa7, 0x39, 0xa7, 0x39, 0xa7, 
	0x39, 0xa7, 0x39, 0xa7, 0x39, 0xa7, 0x41, 0xa7, 
	0x41, 0xe9, 0x39, 0xa7, 0x39, 0xa7, 0x31, 0xa5, 
	0x39, 0xa7, 0x31, 0xa5, 0x31, 0x65, 0x31, 0x65, 
	0x31, 0xa7, 0x31, 0xa7, 0x31, 0xa9, 0x31, 0xa9, 
	0x31, 0xa7, 0x31, 0xa5, 0x29, 0x65, 0x31, 0xa5, 
	0x31, 0xa7, 0x39, 0xa9, 0x39, 0xab, 0x39, 0xeb, 
	0x41, 0xeb, 0x41, 0xed, 0x41, 0xed, 0x49, 0xed, 
	0x49, 0xeb, 0x49, 0xeb, 0x49, 0xed, 0x49, 0xed, 
	0x49, 0xef, 0x49, 0xef, 0x4a, 0x31, 0x4a, 0x31, 
	0x4a, 0x31, 0x4a, 0x31, 0x49, 0xef, 0x49, 0xed, 
	0x49, 0xed, 0x49, 0xed, 0x49, 0xed, 0x41, 0xed, 
	0x41, 0xed, 0x52, 0x71, 0x4a, 0x2f, 0x49, 0xed, 
	0x52, 0x6f, 0x41, 0xed, 0x41, 0xed, 0x41, 0xed, 
	0x41, 0xed, 0x5a, 0x6f, 0x41, 0xeb, 0x49, 0xeb, 
	0x73, 0x71, 0x49, 0xed, 0x41, 0xed, 0x4a, 0x2d, 
	0x4a, 0x2b, 0x39, 0xe9, 0x31, 0xa7, 0x29, 0xa7, 
	0x29, 0xa5, 0x21, 0xa5, 0x31, 0xe5, 0x3a, 0x69, 
	0x29, 0xe3, 0x21, 0xa3, 0x21, 0xe3, 0x19, 0xa1, 
	0x21, 0xa1, 0x19, 0xa1, 0x21, 0xa3, 0x32, 0x27, 
	0x29, 0xe7, 0x21, 0xe5, 0x21, 0xa3, 0x19, 0xa1, 
	0x19, 0x9f, 0x19, 0x9d, 0x19, 0x9d, 0x21, 0xe1, 
	0x19, 0xa1, 0x19, 0xe1, 0x21, 0xe1, 0x19, 0x9d, 
	0x19, 0x9d, 0x11, 0x9d, 0x19, 0x9d, 0x19, 0x9d, 
	0x19, 0xdf, 0x19, 0x9d, 0x19, 0x9d, 0x19, 0xdf, 
	0x19, 0x9d, 0x19, 0xdf, 0x19, 0x9d, 0x32, 0x63, 
	0x19, 0x9d, 0x19, 0x9d, 0x11, 0x9d, 0x11, 0x9d, 
	0x21, 0xdf, 0x11, 0x9d, 0x19, 0x9d, 0x11, 0x9d, 
	0x19, 0x9d, 0x19, 0x9d, 0x2a, 0x1f, 0x21, 0xdd, 
	0x19, 0x59, 0x19, 0x9b, 0x19, 0x9b, 0x19, 0x99, 
	0x19, 0x9b, 0x19, 0x9b, 0x19, 0x9b, 0x19, 0x9b, 
	0x2a, 0x1d, 0x19, 0x59, 0x19, 0x59, 0x19, 0x59, 
	0x19, 0x5b, 0x21, 0x9b, 0x21, 0x9b, 0x29, 0xdd, 
	0x19, 0x9b, 0x19, 0x59, 0x19, 0x59, 0x21, 0x9b, 
	0x19, 0x19, 0x19, 0x19, 0x19, 0x59, 0x19, 0x59, 
	0x19, 0x19, 0x21, 0x9b, 0x19, 0x59, 0x11, 0x17, 
	0x19, 0x17, 0x19, 0x57, 0x19, 0x15, 0x32, 0x1b, 
	0x19, 0x55, 0x11, 0x15, 0x19, 0x55, 0x11, 0x15, 
	0x21, 0x57, 0x19, 0x55, 0x21, 0x97, 0x11, 0x15, 
	0x19, 0x55, 0x21, 0x57, 0x19, 0x55, 0x19, 0x15, 
	0x19, 0x55, 0x19, 0x15, 0x19, 0x15, 0x11, 0x15, 
	0x11, 0x13, 0x19, 0x55, 0x11, 0x15, 0x19, 0x15, 
	0x19, 0x15, 0x29, 0xd9, 0x11, 0x15, 0x19, 0x15, 
	0x19, 0x15, 0x6b, 0xa5, 0x19, 0x15, 0x19, 0x15, 
	0x11, 0x15, 0x19, 0x15, 0x19, 0x55, 0x11, 0x15, 
	0x11, 0x15, 0x11, 0x15, 0x11, 0x15, 0x19, 0x55, 
	0x11, 0x15, 0x11, 0x15, 0x19, 0x55, 0x19, 0x55, 
	0x19, 0x55, 0x42, 0x9f, 0x19, 0x55, 0x19, 0x15, 
	0x11, 0x15, 0x11, 0x15, 0x11, 0x15, 0x11, 0x15, 
	0x19, 0x55, 0x19, 0x55, 0x21, 0x97, 0x11, 0x15, 
	0x11, 0x15, 0x11, 0x15, 0x11, 0x15, 0x11, 0x15, 
	0x19, 0x55, 0x19, 0x55, 0x11, 0x15, 0x19, 0x55, 
	0x11, 0x15, 0x11, 0x15, 0x11, 0x15, 0x29, 0xd9, 
	0x19, 0x5d, 0x19, 0x5d, 0x19, 0x5d, 0x21, 0x9f, 
	0x29, 0x9f, 0x21, 0x5d, 0x21, 0x5d, 0x21, 0x5d, 
	0x21, 0x5f, 0x19, 0x5d, 0x21, 0x5f, 0x21, 0x5f, 
	0x21, 0x5f, 0x31, 0xe1, 0x21, 0x5d, 0x19, 0x1d, 
	0x21, 0x5d, 0x21, 0x5d, 0x21, 0x5d, 0x21, 0x5d, 
	0x21, 0x5d, 0x21, 0x5d, 0x21, 0x5d, 0x21, 0x5f, 
	0x29, 0x5f, 0x29, 0x61, 0x29, 0x61, 0x29, 0x61, 
	0x29, 0xa1, 0x31, 0xa3, 0x31, 0xa3, 0x31, 0xa3, 
	0x31, 0xa3, 0x31, 0xa3, 0x31, 0xa5, 0x41, 0xe9, 
	0x39, 0xa7, 0x39, 0xa7, 0x41, 0xe9, 0x52, 0x6b, 
	0x4a, 0x29, 0x39, 0x65, 0x39, 0xa5, 0x39, 0x65, 
	0x39, 0xa7, 0x39, 0x67, 0x39, 0xa7, 0x39, 0xa7, 
	0x39, 0xa7, 0x52, 0x6b, 0x49, 0xe9, 0x41, 0xa7, 
	0x39, 0xa7, 0x31, 0xa7, 0x39, 0xa7, 0x31, 0xa5, 
	0x31, 0xa5, 0x31, 0xa5, 0x39, 0xa5, 0x29, 0x63, 
	0x31, 0xa3, 0x31, 0xa3, 0x31, 0xa5, 0x31, 0x65, 
	0x31, 0x65, 0x29, 0x63, 0x39, 0xe5, 0x42, 0x29, 
	0x39, 0xa9, 0x39, 0xab, 0x39, 0xab, 0x4a, 0x2d, 
	0x41, 0xab, 0x41, 0xab, 0x41, 0xed, 0x62, 0xb1, 
	0x49, 0xeb, 0x49, 0xeb, 0x41, 0xed, 0x49, 0xef, 
	0x49, 0xef, 0x49, 0xef, 0x4a, 0x31, 0x52, 0x31, 
	0x4a, 0x31, 0x49, 0xef, 0x52, 0x2f, 0x49, 0xed, 
	0x52, 0x2f, 0x49, 0xed, 0x41, 0xed, 0x41, 0xed, 
	0x41, 0xed, 0x4a, 0x2f, 0x49, 0xed, 0x49, 0xed, 
	0x52, 0x6f, 0x49, 0xef, 0x41, 0xed, 0x41, 0xed, 
	0x49, 0xed, 0x49, 0xed, 0x49, 0xed, 0x49, 0xed, 
	0x49, 0xed, 0x49, 0xed, 0x49, 0xed, 0x41, 0xeb, 
	0x41, 0xab, 0x41, 0xeb, 0x39, 0xe9, 0x31, 0xe7, 
	0x29, 0xa7, 0x29, 0xa5, 0x21, 0xa5, 0x21, 0xa5, 
	0x21, 0xa5, 0x21, 0xa5, 0x21, 0xe5, 0x21, 0xa3, 
	0x21, 0xa3, 0x21, 0xe3, 0x2a, 0x25, 0x29, 0xe7, 
	0x21, 0xe5, 0x29, 0xe5, 0x21, 0xe3, 0x19, 0xe1, 
	0x19, 0x9f, 0x19, 0x9f, 0x21, 0xe1, 0x19, 0xa1, 
	0x21, 0xe3, 0x2a, 0x23, 0x19, 0x9f, 0x19, 0x9d, 
	0x21, 0xdf, 0x19, 0x9d, 0x19, 0xdf, 0x21, 0xdf, 
	0x32, 0x61, 0x19, 0x9d, 0x19, 0x9d, 0x19, 0x9d, 
	0x21, 0xdf, 0x11, 0x9d, 0x19, 0x9d, 0x19, 0x9d, 
	0x19, 0x9d, 0x11, 0x9d, 0x19, 0x9d, 0x19, 0xdd, 
	0x11, 0x9d, 0x11, 0x9d, 0x19, 0x9d, 0x19, 0x9d, 
	0x11, 0x9d, 0x32, 0x63, 0x19, 0x9b, 0x19, 0x9b, 
	0x11, 0x59, 0x19, 0x9b, 0x21, 0xdb, 0x19, 0x59, 
	0x19, 0x59, 0x21, 0x9b, 0x2a, 0x1d, 0x21, 0x9b, 
	0x19, 0x59, 0x19, 0x59, 0x19, 0x59, 0x19, 0x59, 
	0x21, 0x9b, 0x19, 0x9b, 0x32, 0x1f, 0x19, 0x59, 
	0x11, 0x59, 0x11, 0x59, 0x19, 0x19, 0x19, 0x59, 
	0x19, 0x59, 0x19, 0x59, 0x19, 0x59, 0x19, 0x19, 
	0x19, 0x59, 0x19, 0x59, 0x19, 0x57, 0x19, 0x17, 
	0x19, 0x57, 0x19, 0x57, 0x19, 0x55, 0x19, 0x55, 
	0x11, 0x15, 0x11, 0x15, 0x19, 0x55, 0x11, 0x15, 
	0x19, 0x55, 0x19, 0x55, 0x11, 0x15, 0x19, 0x55, 
	0x21, 0x97, 0x19, 0x15, 0x19, 0x55, 0x19, 0x15, 
	0x21, 0x57, 0x21, 0x57, 0x11, 0x15, 0x11, 0x13, 
	0x11, 0x13, 0x19, 0x15, 0x11, 0x15, 0x11, 0x15, 
	0x11, 0x15, 0x19, 0x15, 0x19, 0x15, 0x19, 0x15, 
	0x19, 0x15, 0x21, 0x55, 0x19, 0x15, 0x19, 0x15, 
	0x19, 0x15, 0x19, 0x15, 0x19, 0x55, 0x19, 0x15, 
	0x19, 0x15, 0x19, 0x15, 0x11, 0x15, 0x19, 0x15, 
	0x11, 0x15, 0x11, 0x15, 0x19, 0x55, 0x19, 0x55, 
	0x19, 0x55, 0x19, 0x57, 0x21, 0x97, 0x19, 0x55, 
	0x11, 0x15, 0x11, 0x15, 0x19, 0x55, 0x3a, 0x5b, 
	0x19, 0x55, 0x19, 0x57, 0x19, 0x55, 0x11, 0x15, 
	0x11, 0x15, 0x19, 0x55, 0x11, 0x15, 0x11, 0x15, 
	0x11, 0x15, 0x19, 0x57, 0x11, 0x15, 0x19, 0x55, 
	0x19, 0x55, 0x11, 0x15, 0x11, 0x15, 0x11, 0x15, 
	0x19, 0x1b, 0x19, 0x5d, 0x19, 0x5d, 0x21, 0x5d, 
	0x19, 0x5b, 0x21, 0x9d, 0x21, 0x5d, 0x21, 0x5f, 
	0x29, 0x9f, 0x19, 0x5d, 0x19, 0x5d, 0x21, 0x5d, 
	0x21, 0x5f, 0x21, 0x5d, 0x21, 0x5d, 0x21, 0x5d, 
	0x21, 0x5d, 0x21, 0x5b, 0x21, 0x5b, 0x21, 0x5b, 
	0x21, 0x5d, 0x21, 0x5b, 0x21, 0x5d, 0x21, 0x5f, 
	0x29, 0x5f, 0x29, 0x61, 0x29, 0x5f, 0x29, 0x5f, 
	0x29, 0x61, 0x31, 0xe3, 0x29, 0x61, 0x29, 0x61, 
	0x31, 0x63, 0x31, 0xa5, 0x31, 0x65, 0x39, 0xa5, 
	0x39, 0x65, 0x39, 0xa7, 0x39, 0xa7, 0x39, 0xa5, 
	0x39, 0x65, 0x31, 0x65, 0x31, 0x63, 0x31, 0x65, 
	0x39, 0x65, 0x39, 0xa5, 0x41, 0xe9, 0x39, 0xa7, 
	0x39, 0xa7, 0x41, 0xe9, 0x39, 0xa7, 0x39, 0xa7, 
	0x39, 0xa7, 0x39, 0xa7, 0x41, 0xe9, 0x39, 0xa7, 
	0x31, 0x65, 0x31, 0xa5, 0x39, 0xa5, 0x31, 0x63, 
	0x29, 0x61, 0x29, 0x61, 0x42, 0x25, 0x39, 0xe5, 
	0x29, 0x63, 0x29, 0x63, 0x31, 0xa5, 0x31, 0xa5, 
	0x39, 0xa7, 0x39, 0xa9, 0x41, 0xab, 0x41, 0xab, 
	0x41, 0xab, 0x49, 0xed, 0x49, 0xed, 0x49, 0xed, 
	0x49, 0xeb, 0x41, 0xeb, 0x41, 0xed, 0x49, 0xef, 
	0x4a, 0x31, 0x62, 0xf3, 0x49, 0xef, 0x49, 0xef, 
	0x49, 0xef, 0x4a, 0x2f, 0x49, 0xef, 0x52, 0x2f, 
	0x49, 0xed, 0x52, 0x2f, 0x49, 0xed, 0x49, 0xed, 
	0x41, 0xed, 0x49, 0xed, 0x49, 0xef, 0x49, 0xed, 
	0x49, 0xed, 0x41, 0xed, 0x41, 0xed, 0x49, 0xed, 
	0x41, 0xed, 0x49, 0xed, 0x49, 0xed, 0x49, 0xed, 
	0x52, 0x2f, 0x49, 0xef, 0x49, 0xed, 0x41, 0xad, 
	0x41, 0xeb, 0x41, 0xeb, 0x39, 0xeb, 0x42, 0x2b, 
	0x31, 0xa7, 0x29, 0xe7, 0x29, 0xe7, 0x29, 0xa5, 
	0x29, 0xe5, 0x21, 0xa5, 0x21, 0xa5, 0x21, 0xa3, 
	0x21, 0xe3, 0x29, 0xe5, 0x3a, 0x69, 0x29, 0xe5, 
	0x21, 0xe5, 0x19, 0xa3, 0x19, 0xa1, 0x21, 0xe1, 
	0x19, 0x9f, 0x19, 0xe1, 0x19, 0xa1, 0x32, 0x65, 
	0x21, 0xe1, 0x19, 0xa1, 0x19, 0x9f, 0x19, 0x9d, 
	0x32, 0x63, 0x21, 0xdf, 0x19, 0x9d, 0x19, 0x9d, 
	0x21, 0xdf, 0x11, 0x9d, 0x19, 0x9d, 0x19, 0xdf, 
	0x21, 0xdf, 0x19, 0x9d, 0x19, 0x9d, 0x21, 0xdf, 
	0x11, 0x9d, 0x19, 0x9d, 0x19, 0x9d, 0x19, 0x9d, 
	0x19, 0x9d, 0x19, 0x9d, 0x19, 0x9d, 0x19, 0x9d, 
	0x22, 0x1f, 0x21, 0xdd, 0x21, 0xdd, 0x19, 0x9b, 
	0x11, 0x59, 0x19, 0x9b, 0x32, 0x1f, 0x3a, 0x61, 
	0x19, 0x9b, 0x19, 0x59, 0x19, 0x59, 0x21, 0x9b, 
	0x11, 0x59, 0x19, 0x59, 0x19, 0x59, 0x19, 0x59, 
	0x19, 0x59, 0x11, 0x59, 0x19, 0x59, 0x11, 0x59, 
	0x19, 0x59, 0x11, 0x19, 0x19, 0x59, 0x19, 0x19, 
	0x21, 0x9b, 0x19, 0x19, 0x19, 0x19, 0x19, 0x59, 
	0x19, 0x59, 0x19, 0x59, 0x19, 0x57, 0x29, 0xdb, 
	0x29, 0x9b, 0x21, 0x99, 0x19, 0x57, 0x19, 0x55, 
	0x19, 0x15, 0x11, 0x15, 0x11, 0x15, 0x19, 0x55, 
	0x19, 0x57, 0x19, 0x55, 0x11, 0x15, 0x19, 0x55, 
	0x19, 0x57, 0x19, 0x55, 0x19, 0x55, 0x19, 0x15, 
	0x11, 0x15, 0x19, 0x13, 0x11, 0x13, 0x21, 0x55, 
	0x11, 0x13, 0x11, 0x13, 0x11, 0x13, 0x11, 0x13, 
	0x19, 0x13, 0x21, 0x97, 0x19, 0x13, 0x19, 0x15, 
	0x19, 0x15, 0x19, 0x55, 0x19, 0x15, 0x19, 0x15, 
	0x19, 0x15, 0x19, 0x15, 0x29, 0x97, 0x32, 0x1b, 
	0x19, 0x15, 0x19, 0x15, 0x19, 0x15, 0x19, 0x15, 
	0x11, 0x15, 0x11, 0x15, 0x21, 0x97, 0x19, 0x55, 
	0x29, 0xd9, 0x19, 0x55, 0x19, 0x57, 0x21, 0x57, 
	0x19, 0x57, 0x21, 0x97, 0x19, 0x57, 0x29, 0xd9, 
	0x11, 0x15, 0x11, 0x15, 0x11, 0x15, 0x11, 0x15, 
	0x19, 0x55, 0x19, 0x55, 0x19, 0x55, 0x19, 0x55, 
	0x11, 0x15, 0x21, 0x97, 0x19, 0x55, 0x11, 0x15, 
	0x11, 0x15, 0x11, 0x15, 0x11, 0x15, 0x11, 0x15, 
	0x19, 0x5b, 0x19, 0x5b, 0x19, 0x5d, 0x21, 0x9d, 
	0x21, 0x5d, 0x19, 0x5d, 0x19, 0x5d, 0x19, 0x5d, 
	0x19, 0x5d, 0x19, 0x1d, 0x19, 0x1d, 0x3a, 0x63, 
	0x29, 0x9f, 0x29, 0x9f, 0x19, 0x1b, 0x21, 0x9d, 
	0x21, 0x5b, 0x19, 0x5b, 0x19, 0x5b, 0x21, 0x5b, 
	0x21, 0x9b, 0x21, 0x5b, 0x21, 0x5b, 0x21, 0x5d, 
	0x21, 0x5f, 0x29, 0xa1, 0x21, 0x5f, 0x21, 0x5f, 
	0x29, 0x5f, 0x29, 0x5f, 0x29, 0x5f, 0x29, 0x61, 
	0x31, 0x63, 0x31, 0x63, 0x31, 0x63, 0x41, 0xe7, 
	0x39, 0xa5, 0x31, 0x65, 0x52, 0x6b, 0x41, 0xe7, 
	0x31, 0x65, 0x31, 0x63, 0x31, 0x63, 0x31, 0xa3, 
	0x39, 0xa5, 0x39, 0xa5, 0x39, 0xa7, 0x39, 0xa7, 
	0x39, 0xa7, 0x39, 0xa7, 0x39, 0xa7, 0x39, 0xa7, 
	0x39, 0xa7, 0x39, 0xa7, 0x31, 0xa7, 0x39, 0xa7, 
	0x41, 0xe7, 0x31, 0x65, 0x31, 0x65, 0x41, 0xe7, 
	0x29, 0x61, 0x29, 0x61, 0x29, 0x61, 0x29, 0x61, 
	0x29, 0x61, 0x31, 0x63, 0x31, 0xa5, 0x31, 0xa5, 
	0x31, 0xa7, 0x39, 0xa7, 0x41, 0xe9, 0x41, 0xa9, 
	0x41, 0xab, 0x41, 0xad, 0x41, 0xad, 0x49, 0xad, 
	0x49, 0xad, 0x41, 0xeb, 0x41, 0xed, 0x49, 0xed, 
	0x49, 0xef, 0x49, 0xed, 0x41, 0xed, 0x41, 0xed, 
	0x41, 0xed, 0x52, 0x6f, 0x49, 0xef, 0x49, 0xef, 
	0x52, 0x31, 0x49, 0xef, 0x49, 0xef, 0x49, 0xed, 
	0x49, 0xef, 0x49, 0xed, 0x62, 0xb3, 0x52, 0x2f, 
	0x49, 0xed, 0x49, 0xed, 0x49, 0xed, 0x41, 0xed, 
	0x49, 0xed, 0x49, 0xef, 0x49, 0xef, 0x49, 0xef, 
	0x49, 0xef, 0x49, 0xef, 0x52, 0x31, 0x49, 0xed, 
	0x41, 0xed, 0x39, 0xab, 0x39, 0xab, 0x31, 0xe9, 
	0x31, 0xe9, 0x31, 0xe7, 0x31, 0xe7, 0x31, 0xe7, 
	0x3a, 0x29, 0x29, 0xa7, 0x29, 0xe5, 0x21, 0xa5, 
	0x29, 0xe5, 0x29, 0xa3, 0x29, 0xe5, 0x29, 0xe5, 
	0x21, 0xe5, 0x21, 0xe3, 0x19, 0x9f, 0x19, 0x9f, 
	0x19, 0x9f, 0x19, 0xe1, 0x21, 0xe3, 0x22, 0x23, 
	0x19, 0xe1, 0x19, 0x9f, 0x19, 0x9d, 0x11, 0x9d, 
	0x21, 0xdf, 0x19, 0x9d, 0x19, 0x9d, 0x19, 0x9d, 
	0x19, 0x9d, 0x19, 0x9d, 0x19, 0x9d, 0x19, 0x9d, 
	0x19, 0x9d, 0x19, 0x9d, 0x19, 0x9d, 0x19, 0x9d, 
	0x3a, 0xa3, 0x19, 0x9d, 0x19, 0x9d, 0x19, 0x9d, 
	0x21, 0xdf, 0x21, 0xdd, 0x19, 0x9d, 0x19, 0x9d, 
	0x19, 0x9d, 0x11, 0x9b, 0x11, 0x9b, 0x19, 0x9b, 
	0x21, 0xdb, 0x11, 0x59, 0x19, 0x9b, 0x11, 0x59, 
	0x11, 0x59, 0x19, 0x59, 0x19, 0x59, 0x11, 0x59, 
	0x11, 0x59, 0x19, 0x59, 0x11, 0x59, 0x19, 0x9b, 
	0x19, 0x59, 0x19, 0x59, 0x11, 0x59, 0x19, 0x59, 
	0x21, 0x9b, 0x19, 0x59, 0x21, 0x59, 0x19, 0x59, 
	0x11, 0x19, 0x19, 0x19, 0x19, 0x59, 0x19, 0x59, 
	0x19, 0x19, 0x21, 0x99, 0x21, 0x9b, 0x19, 0x57, 
	0x19, 0x57, 0x19, 0x57, 0x19, 0x57, 0x19, 0x57, 
	0x21, 0x97, 0x19, 0x55, 0x19, 0x57, 0x19, 0x57, 
	0x19, 0x55, 0x19, 0x55, 0x11, 0x15, 0x11, 0x13, 
	0x19, 0x55, 0x19, 0x55, 0x19, 0x15, 0x19, 0x55, 
	0x19, 0x15, 0x19, 0x55, 0x19, 0x13, 0x19, 0x55, 
	0x19, 0x13, 0x21, 0x55, 0x11, 0x13, 0x19, 0x15, 
	0x19, 0x13, 0x19, 0x15, 0x19, 0x13, 0x19, 0x13, 
	0x19, 0x55, 0x21, 0x57, 0x21, 0x55, 0x19, 0x15, 
	0x19, 0x15, 0x19, 0x15, 0x19, 0x15, 0x19, 0x55, 
	0x19, 0x15, 0x29, 0x97, 0x19, 0x15, 0x19, 0x15, 
	0x11, 0x15, 0x11, 0x15, 0x29, 0x97, 0x21, 0x97, 
	0x11, 0x15, 0x19, 0x55, 0x21, 0x97, 0x19, 0x57, 
	0x19, 0x57, 0x21, 0x97, 0x19, 0x57, 0x19, 0x57, 
	0x11, 0x15, 0x11, 0x15, 0x11, 0x15, 0x11, 0x15, 
	0x19, 0x55, 0x11, 0x15, 0x11, 0x15, 0x19, 0x55, 
	0x19, 0x55, 0x19, 0x57, 0x19, 0x55, 0x11, 0x15, 
	0x11, 0x15, 0x11, 0x15, 0x19, 0x55, 0x19, 0x55, 
	0x19, 0x5b, 0x21, 0x5d, 0x19, 0x5b, 0x19, 0x5b, 
	0x21, 0x5d, 0x19, 0x1b, 0x19, 0x5d, 0x21, 0x9d, 
	0x19, 0x1b, 0x19, 0x5b, 0x19, 0x5b, 0x19, 0x5b, 
	0x19, 0x1b, 0x21, 0x5b, 0x19, 0x1b, 0x21, 0x5b, 
	0x19, 0x59, 0x19, 0x19, 0x19, 0x19, 0x21, 0x5b, 
	0x29, 0x9b, 0x21, 0x5b, 0x29, 0x9d, 0x29, 0x5d, 
	0x29, 0x5f, 0x29, 0xa1, 0x29, 0x5f, 0x21, 0x5d, 
	0x21, 0x5d, 0x21, 0x5f, 0x29, 0x61, 0x29, 0x61, 
	0x31, 0xa3, 0x39, 0xa3, 0x31, 0x63, 0x31, 0x65, 
	0x39, 0xa5, 0x31, 0x65, 0x31, 0x65, 0x31, 0x65, 
	0x41, 0xe5, 0x31, 0x63, 0x31, 0x63, 0x31, 0x63, 
	0x39, 0x63, 0x39, 0xa5, 0x39, 0xa5, 0x39, 0xa5, 
	0x39, 0xa7, 0x39, 0xa7, 0x39, 0xa7, 0x41, 0xa7, 
	0x39, 0xa7, 0x52, 0x6b, 0x39, 0xa7, 0x39, 0xa5, 
	0x4a, 0x29, 0x39, 0x65, 0x31, 0x65, 0x31, 0x63, 
	0x29, 0x61, 0x29, 0x61, 0x29, 0x61, 0x29, 0x5f, 
	0x31, 0x61, 0x39, 0xa5, 0x39, 0xa5, 0x31, 0x65, 
	0x31, 0xa5, 0x31, 0x65, 0x41, 0xa9, 0x39, 0xa9, 
	0x41, 0xab, 0x41, 0xab, 0x41, 0xab, 0x41, 0xab, 
	0x41, 0xab, 0x41, 0xab, 0x41, 0xab, 0x41, 0xed, 
	0x41, 0xed, 0x41, 0xad, 0x41, 0xab, 0x41, 0xab, 
	0x41, 0xab, 0x49, 0xed, 0x49, 0xed, 0x62, 0x71, 
	0x51, 0xef, 0x52, 0x2f, 0x4a, 0x2f, 0x4a, 0x2f, 
	0x49, 0xef, 0x49, 0xef, 0x49, 0xef, 0x52, 0x2f, 
	0x49, 0xed, 0x4a, 0x2f, 0x49, 0xed, 0x4a, 0x2f, 
	0x49, 0xef, 0x49, 0xef, 0x49, 0xef, 0x49, 0xef, 
	0x51, 0xef, 0x51, 0xef, 0x51, 0xf1, 0x49, 0xed, 
	0x49, 0xed, 0x41, 0xed, 0x39, 0xed, 0x39, 0xed, 
	0x3a, 0x2b, 0x39, 0xe9, 0x39, 0xe9, 0x4a, 0x6b, 
	0x31, 0xe7, 0x29, 0xa5, 0x29, 0xa5, 0x29, 0xa5, 
	0x29, 0xa5, 0x29, 0xa5, 0x29, 0xa5, 0x29, 0xe5, 
	0x29, 0xe5, 0x21, 0xe3, 0x19, 0xe1, 0x19, 0x9f, 
	0x19, 0xa1, 0x19, 0xa1, 0x19, 0xa1, 0x19, 0xa1, 
	0x19, 0x9f, 0x19, 0x9d, 0x19, 0x9d, 0x19, 0x9d, 
	0x19, 0x9d, 0x11, 0x9d, 0x19, 0x9d, 0x19, 0xdf, 
	0x19, 0x9d, 0x19, 0xdf, 0x19, 0xdd, 0x11, 0x9d, 
	0x19, 0x9d, 0x19, 0xdf, 0x21, 0xdf, 0x21, 0xdd, 
	0x19, 0x9d, 0x21, 0xdf, 0x19, 0x9d, 0x19, 0x9d, 
	0x21, 0xdf, 0x32, 0x61, 0x11, 0x9d, 0x21, 0xdf, 
	0x11, 0x9d, 0x19, 0x9d, 0x11, 0x9d, 0x19, 0x9b, 
	0x19, 0x9b, 0x19, 0x9b, 0x11, 0x59, 0x11, 0x59, 
	0x19, 0x99, 0x11, 0x59, 0x19, 0x59, 0x11, 0x59, 
	0x11, 0x59, 0x19, 0x59, 0x19, 0x9b, 0x19, 0x59, 
	0x19, 0x59, 0x19, 0x59, 0x19, 0x59, 0x3a, 0x5f, 
	0x19, 0x9b, 0x19, 0x59, 0x19, 0x59, 0x19, 0x59, 
	0x19, 0x59, 0x19, 0x19, 0x19, 0x59, 0x19, 0x59, 
	0x21, 0x9b, 0x29, 0xdd, 0x21, 0x9b, 0x19, 0x59, 
	0x19, 0x17, 0x19, 0x17, 0x19, 0x55, 0x19, 0x55, 
	0x29, 0xd9, 0x19, 0x55, 0x11, 0x15, 0x21, 0x97, 
	0x19, 0x55, 0x32, 0x1b, 0x19, 0x15, 0x19, 0x55, 
	0x19, 0x55, 0x19, 0x55, 0x11, 0x13, 0x19, 0x15, 
	0x19, 0x15, 0x11, 0x13, 0x19, 0x15, 0x21, 0x97, 
	0x11, 0x13, 0x19, 0x13, 0x19, 0x13, 0x19, 0x15, 
	0x19, 0x13, 0x11, 0x13, 0x19, 0x13, 0x11, 0x13, 
	0x19, 0x55, 0x19, 0x13, 0x19, 0x55, 0x19, 0x55, 
	0x19, 0x13, 0x19, 0x15, 0x19, 0x15, 0x19, 0x15, 
	0x19, 0x15, 0x19, 0x55, 0x11, 0x15, 0x11, 0x15, 
	0x11, 0x15, 0x19, 0x15, 0x19, 0x15, 0x19, 0x15, 
	0x19, 0x15, 0x19, 0x55, 0x19, 0x57, 0x19, 0x57, 
	0x19, 0x57, 0x19, 0x55, 0x19, 0x55, 0x19, 0x55, 
	0x11, 0x15, 0x11, 0x15, 0x11, 0x15, 0x11, 0x15, 
	0x11, 0x15, 0x42, 0x5d, 0x21, 0x57, 0x11, 0x15, 
	0x19, 0x57, 0x19, 0x55, 0x11, 0x15, 0x19, 0x55, 
	0x19, 0x57, 0x19, 0x55, 0x19, 0x55, 0x11, 0x15, 
	0x19, 0x1b, 0x19, 0x1b, 0x19, 0x5b, 0x19, 0x5d, 
	0x19, 0x5b, 0x19, 0x1b, 0x19, 0x5d, 0x19, 0x1b, 
	0x19, 0x1b, 0x42, 0x63, 0x21, 0x9d, 0x19, 0x1b, 
	0x19, 0x1b, 0x19, 0x1b, 0x21, 0x5b, 0x21, 0x5b, 
	0x21, 0x59, 0x19, 0x19, 0x19, 0x19, 0x19, 0x19, 
	0x21, 0x59, 0x19, 0x19, 0x21, 0x5b, 0x5a, 0xe5, 
	0x21, 0x5f, 0x21, 0x5f, 0x21, 0x5f, 0x21, 0x5f, 
	0x21, 0x5f, 0x29, 0x5f, 0x31, 0xa1, 0x31, 0x61, 
	0x31, 0x63, 0x31, 0x63, 0x31, 0x63, 0x39, 0x65, 
	0x31, 0x65, 0x31, 0x65, 0x31, 0xa5, 0x31, 0xa3, 
	0x41, 0xe7, 0x31, 0x63, 0x31, 0x63, 0x39, 0x63, 
	0x39, 0xa3, 0x41, 0xe5, 0x39, 0x63, 0x39, 0x63, 
	0x31, 0x65, 0x31, 0x65, 0x39, 0x65, 0x39, 0xa5, 
	0x39, 0xa7, 0x39, 0xa7, 0x31, 0x65, 0x31, 0x65, 
	0x31, 0x65, 0x31, 0x65, 0x31, 0x65, 0x31, 0x63, 
	0x31, 0x63, 0x31, 0x61, 0x31, 0x61, 0x31, 0x61, 
	0x31, 0x63, 0x39, 0x65, 0x31, 0x63, 0x31, 0xa3, 
	0x31, 0x63, 0x31, 0x65, 0x39, 0xa7, 0x39, 0xa7, 
	0x41, 0xa9, 0x41, 0xab, 0x41, 0xab, 0x41, 0xa9, 
	0x41, 0xa9, 0x41, 0xa9, 0x39, 0xa9, 0x39, 0xa9, 
	0x41, 0xab, 0x41, 0xab, 0x41, 0xed, 0x41, 0xab, 
	0x41, 0xab, 0x41, 0xa9, 0x49, 0xeb, 0x49, 0xed, 
	0x51, 0xef, 0x52, 0x2f, 0x4a, 0x2f, 0x4a, 0x2f, 
	0x4a, 0x2f, 0x52, 0x2f, 0x49, 0xed, 0x49, 0xed, 
	0x41, 0xed, 0x4a, 0x2f, 0x41, 0xed, 0x41, 0xed, 
	0x49, 0xed, 0x4a, 0x2f, 0x49, 0xef, 0x49, 0xef, 
	0x51, 0xef, 0x51, 0xf1, 0x52, 0x31, 0x49, 0xed, 
	0x52, 0x6f, 0x41, 0xed, 0x41, 0xed, 0x42, 0x2f, 
	0x4a, 0x6f, 0x39, 0xed, 0x31, 0xe9, 0x39, 0xe9, 
	0x31, 0xe7, 0x29, 0xa7, 0x29, 0xa7, 0x29, 0xa7, 
	0x31, 0xa7, 0x31, 0xa7, 0x29, 0xa7, 0x4a, 0xab, 
	0x29, 0xe7, 0x29, 0xe5, 0x21, 0xe3, 0x3a, 0xa7, 
	0x19, 0xe1, 0x21, 0xe3, 0x21, 0xe3, 0x19, 0x9f, 
	0x19, 0x9f, 0x19, 0x9f, 0x19, 0x9f, 0x11, 0x9d, 
	0x21, 0xdf, 0x19, 0x9d, 0x19, 0x9d, 0x19, 0xdf, 
	0x19, 0x9d, 0x19, 0xdf, 0x19, 0x9d, 0x11, 0x9d, 
	0x19, 0xdf, 0x19, 0xdf, 0x19, 0xdd, 0x21, 0xdd, 
	0x21, 0xdf, 0x19, 0x9d, 0x19, 0x9d, 0x19, 0x9d, 
	0x19, 0x9d, 0x19, 0x9d, 0x19, 0x9d, 0x11, 0x9d, 
	0x11, 0x9d, 0x11, 0x9b, 0x19, 0x9d, 0x19, 0x9b, 
	0x19, 0x9b, 0x11, 0x59, 0x11, 0x59, 0x19, 0x9b, 
	0x19, 0x99, 0x11, 0x59, 0x19, 0x59, 0x11, 0x59, 
	0x11, 0x59, 0x19, 0x59, 0x19, 0x59, 0x19, 0x59, 
	0x21, 0x9b, 0x21, 0xdd, 0x21, 0x9b, 0x19, 0x59, 
	0x19, 0x59, 0x11, 0x59, 0x19, 0x59, 0x19, 0x19, 
	0x29, 0xdd, 0x29, 0xdd, 0x19, 0x59, 0x19, 0x19, 
	0x19, 0x19, 0x19, 0x59, 0x19, 0x57, 0x19, 0x17, 
	0x19, 0x17, 0x19, 0x15, 0x11, 0x15, 0x19, 0x55, 
	0x42, 0x5d, 0x19, 0x55, 0x19, 0x55, 0x11, 0x15, 
	0x11, 0x15, 0x21, 0x97, 0x19, 0x15, 0x11, 0x13, 
	0x19, 0x15, 0x19, 0x55, 0x19, 0x55, 0x19, 0x55, 
	0x19, 0x15, 0x19, 0x15, 0x3a, 0x1b, 0x19, 0x55, 
	0x19, 0x13, 0x19, 0x13, 0x19, 0x13, 0x21, 0x55, 
	0x21, 0x55, 0x19, 0x13, 0x19, 0x13, 0x11, 0x13, 
	0x19, 0x13, 0x19, 0x13, 0x19, 0x13, 0x19, 0x13, 
	0x21, 0x97, 0x11, 0x13, 0x19, 0x15, 0x19, 0x15, 
	0x19, 0x15, 0x19, 0x15, 0x19, 0x15, 0x21, 0x97, 
	0x19, 0x15, 0x19, 0x15, 0x19, 0x15, 0x19, 0x15, 
	0x19, 0x55, 0x21, 0x97, 0x21, 0x99, 0x21, 0x97, 
	0x11, 0x15, 0x11, 0x15, 0x11, 0x15, 0x11, 0x15, 
	0x11, 0x15, 0x11, 0x15, 0x21, 0x57, 0x19, 0x55, 
	0x11, 0x15, 0x19, 0x55, 0x19, 0x55, 0x11, 0x15, 
	0x11, 0x15, 0x11, 0x15, 0x11, 0x15, 0x11, 0x15, 
	0x19, 0x55, 0x21, 0x97, 0x29, 0xd9, 0x11, 0x15, 
	0x19, 0x1b, 0x19, 0x1b, 0x19, 0x5b, 0x19, 0x1b, 
	0x19, 0x5b, 0x21, 0x9d, 0x19, 0x1b, 0x19, 0x1b, 
	0x19, 0x5b, 0x29, 0xdd, 0x19, 0x19, 0x19, 0x19, 
	0x19, 0x19, 0x21, 0x5b, 0x21, 0x5b, 0x21, 0x59, 
	0x19, 0x19, 0x21, 0x5b, 0x3a, 0x1f, 0x29, 0x9b, 
	0x21, 0x59, 0x19, 0x19, 0x21, 0x5b, 0x52, 0xa5, 
	0x21, 0x5d, 0x21, 0x5f, 0x21, 0x5f, 0x21, 0x5f, 
	0x21, 0x5f, 0x29, 0x5f, 0x31, 0xa1, 0x31, 0x61, 
	0x31, 0xa3, 0x31, 0x63, 0x31, 0xa3, 0x39, 0xa5, 
	0x39, 0x65, 0x39, 0x65, 0x39, 0xa5, 0x39, 0xa5, 
	0x39, 0xa3, 0x39, 0xa3, 0x39, 0xa3, 0x39, 0xa3, 
	0x39, 0xa5, 0x39, 0xa3, 0x39, 0x63, 0x39, 0xa5, 
	0x39, 0x65, 0x39, 0x65, 0x39, 0xa5, 0x41, 0xe7, 
	0x39, 0xa5, 0x39, 0xa5, 0x39, 0xa5, 0x31, 0x65, 
	0x39, 0xa3, 0x39, 0xa5, 0x31, 0x63, 0x31, 0x63, 
	0x31, 0x61, 0x31, 0x61, 0x31, 0x61, 0x31, 0x61, 
	0x31, 0x63, 0x39, 0x65, 0x31, 0x61, 0x29, 0x61, 
	0x29, 0x61, 0x31, 0x63, 0x39, 0x65, 0x41, 0xa7, 
	0x39, 0xa7, 0x41, 0xa9, 0x41, 0xa9, 0x41, 0xa9, 
	0x41, 0xa9, 0x41, 0xa9, 0x39, 0xa9, 0x39, 0xa9, 
	0x39, 0xab, 0x41, 0xab, 0x49, 0xed, 0x49, 0xed, 
	0x41, 0xab, 0x41, 0xa9, 0x41, 0xa9, 0x49, 0xab, 
	0x49, 0xed, 0x5a, 0x71, 0x52, 0x2f, 0x41, 0xed, 
	0x4a, 0x2f, 0x49, 0xed, 0x49, 0xed, 0x49, 0xed, 
	0x4a, 0x2f, 0x4a, 0x2f, 0x4a, 0x2d, 0x41, 0xed, 
	0x41, 0xed, 0x41, 0xed, 0x52, 0x2f, 0x49, 0xed, 
	0x51, 0xef, 0x51, 0xef, 0x51, 0xef, 0x5a, 0x71, 
	0x41, 0xed, 0x41, 0xed, 0x41, 0xef, 0x42, 0x2f, 
	0x5a, 0xf3, 0x41, 0xef, 0x39, 0xeb, 0x39, 0xe9, 
	0x31, 0xa7, 0x31, 0xa7, 0x31, 0xe7, 0x31, 0xa7, 
	0x39, 0xe9, 0x39, 0xe9, 0x42, 0x2b, 0x31, 0xe9, 
	0x3a, 0x2b, 0x29, 0xe7, 0x21, 0xe5, 0x21, 0xe5, 
	0x29, 0xe5, 0x21, 0xe3, 0x19, 0xa1, 0x19, 0xe1, 
	0x19, 0x9f, 0x19, 0x9f, 0x19, 0x9f, 0x11, 0x9d, 
	0x19, 0xdf, 0x21, 0xdf, 0x19, 0x9d, 0x2a, 0x21, 
	0x19, 0xdf, 0x21, 0xdf, 0x19, 0x9d, 0x11, 0x9d, 
	0x19, 0x9d, 0x19, 0x9d, 0x19, 0x9d, 0x19, 0x9d, 
	0x21, 0xdf, 0x19, 0x9d, 0x19, 0x9d, 0x19, 0x9d, 
	0x19, 0x9d, 0x19, 0x9d, 0x19, 0xdd, 0x19, 0x9d, 
	0x11, 0x9d, 0x22, 0x1f, 0x19, 0x9d, 0x19, 0x9d, 
	0x19, 0x9b, 0x11, 0x59, 0x11, 0x59, 0x19, 0x9b, 
	0x19, 0x9b, 0x11, 0x59, 0x19, 0x59, 0x19, 0x9b, 
	0x11, 0x59, 0x19, 0x9b, 0x19, 0x9b, 0x19, 0x59, 
	0x19, 0x9b, 0x21, 0x9b, 0x19, 0x59, 0x29, 0xdd, 
	0x29, 0xdd, 0x19, 0x59, 0x19, 0x19, 0x19, 0x19, 
	0x19, 0x59, 0x29, 0xdb, 0x19, 0x19, 0x19, 0x59, 
	0x21, 0x9b, 0x19, 0x59, 0x19, 0x59, 0x11, 0x17, 
	0x11, 0x17, 0x19, 0x57, 0x19, 0x57, 0x19, 0x55, 
	0x19, 0x55, 0x11, 0x15, 0x11, 0x15, 0x11, 0x15, 
	0x19, 0x55, 0x19, 0x55, 0x19, 0x15, 0x19, 0x55, 
	0x19, 0x55, 0x19, 0x55, 0x29, 0xd9, 0x19, 0x55, 
	0x19, 0x13, 0x19, 0x13, 0x19, 0x15, 0x19, 0x15, 
	0x19, 0x13, 0x19, 0x55, 0x19, 0x13, 0x11, 0x13, 
	0x19, 0x13, 0x21, 0x55, 0x19, 0x13, 0x11, 0x13, 
	0x19, 0x13, 0x11, 0x13, 0x19, 0x13, 0x19, 0x13, 
	0x19, 0x55, 0x11, 0x13, 0x19, 0x15, 0x19, 0x15, 
	0x19, 0x13, 0x11, 0x15, 0x11, 0x15, 0x29, 0xd9, 
	0x19, 0x15, 0x19, 0x15, 0x19, 0x15, 0x19, 0x55, 
	0x11, 0x15, 0x21, 0x97, 0x11, 0x15, 0x53, 0x23, 
	0x19, 0x55, 0x11, 0x15, 0x21, 0x97, 0x19, 0x57, 
	0x11, 0x15, 0x11, 0x15, 0x3a, 0x5d, 0x21, 0x97, 
	0x11, 0x15, 0x11, 0x15, 0x11, 0x15, 0x11, 0x15, 
	0x11, 0x15, 0x11, 0x15, 0x11, 0x15, 0x11, 0x15, 
	0x11, 0x15, 0x11, 0x15, 0x21, 0x99, 0x19, 0x55, 
	0x11, 0x1b, 0x29, 0xdf, 0x19, 0x5b, 0x11, 0x19, 
	0x19, 0x19, 0x19, 0x5b, 0x19, 0x19, 0x19, 0x19, 
	0x19, 0x59, 0x19, 0x59, 0x19, 0x19, 0x19, 0x19, 
	0x19, 0x59, 0x42, 0x61, 0x19, 0x59, 0x19, 0x59, 
	0x19, 0x19, 0x19, 0x19, 0x19, 0x19, 0x19, 0x19, 
	0x19, 0x19, 0x19, 0x1b, 0x21, 0x5b, 0x21, 0x5d, 
	0x21, 0x5f, 0x21, 0x5f, 0x29, 0x61, 0x21, 0x5f, 
	0x21, 0x5f, 0x29, 0x5f, 0x39, 0xe3, 0x39, 0xa3, 
	0x39, 0xa3, 0x39, 0xa3, 0x39, 0xa5, 0x39, 0xa5, 
	0x39, 0xa5, 0x39, 0xa5, 0x39, 0xa5, 0x39, 0xa5, 
	0x39, 0xa5, 0x39, 0xa5, 0x39, 0xa5, 0x39, 0xa5, 
	0x39, 0xa5, 0x39, 0x63, 0x31, 0x63, 0x39, 0xa5, 
	0x39, 0xa7, 0x31, 0x65, 0x39, 0xa5, 0x73, 0x6d, 
	0x39, 0x65, 0x39, 0x63, 0x39, 0x63, 0x39, 0xa5, 
	0x31, 0x63, 0x31, 0x63, 0x39, 0xa3, 0x31, 0xa3, 
	0x31, 0xa3, 0x31, 0xa3, 0x39, 0xe5, 0x31, 0xa3, 
	0x31, 0x65, 0x31, 0x63, 0x31, 0xa1, 0x29, 0x61, 
	0x29, 0x61, 0x31, 0x63, 0x31, 0x63, 0x39, 0x65, 
	0x39, 0x67, 0x41, 0xa9, 0x49, 0xeb, 0x39, 0xa9, 
	0x39, 0xa9, 0x39, 0xab, 0x39, 0xab, 0x41, 0xab, 
	0x39, 0xab, 0x41, 0xab, 0x52, 0x6f, 0x4a, 0x2f, 
	0x4a, 0x2d, 0x41, 0xab, 0x41, 0xa9, 0x49, 0xab, 
	0x49, 0xed, 0x49, 0xed, 0x49, 0xed, 0x41, 0xed, 
	0x49, 0xef, 0x41, 0xed, 0x41, 0xed, 0x41, 0xed, 
	0x49, 0xed, 0x5a, 0x71, 0x41, 0xeb, 0x49, 0xed, 
	0x41, 0xeb, 0x41, 0xed, 0x49, 0xed, 0x49, 0xed, 
	0x49, 0xeb, 0x49, 0xed, 0x5a, 0x6f, 0x49, 0xed, 
	0x49, 0xed, 0x41, 0xed, 0x42, 0x2f, 0x42, 0x31, 
	0x41, 0xef, 0x39, 0xef, 0x39, 0xed, 0x31, 0xe9, 
	0x31, 0xa9, 0x31, 0xa9, 0x31, 0xa7, 0x31, 0xe9, 
	0x39, 0xe9, 0x42, 0x2b, 0x3a, 0x29, 0x42, 0x2b, 
	0x31, 0xe9, 0x31, 0xe9, 0x29, 0xe9, 0x29, 0xe7, 
	0x29, 0xe7, 0x29, 0xe5, 0x19, 0xa1, 0x22, 0x23, 
	0x19, 0xa1, 0x22, 0x21, 0x19, 0x9f, 0x11, 0x9f, 
	0x19, 0x9d, 0x19, 0x9d, 0x19, 0x9d, 0x53, 0x27, 
	0x19, 0xdd, 0x19, 0xdf, 0x19, 0x9d, 0x19, 0x9d, 
	0x11, 0x9d, 0x11, 0x9d, 0x11, 0x9d, 0x19, 0xdf, 
	0x19, 0x9d, 0x19, 0x9d, 0x19, 0x9d, 0x11, 0x9d, 
	0x11, 0x9d, 0x19, 0x9d, 0x19, 0x9d, 0x19, 0x9d, 
	0x19, 0x9d, 0x19, 0x9d, 0x19, 0x9d, 0x19, 0x9d, 
	0x19, 0x9b, 0x19, 0x9b, 0x19, 0x5b, 0x19, 0x5b, 
	0x11, 0x99, 0x11, 0x59, 0x11, 0x59, 0x19, 0x9b, 
	0x19, 0x9b, 0x11, 0x59, 0x11, 0x59, 0x11, 0x59, 
	0x19, 0x59, 0x19, 0x59, 0x19, 0x9b, 0x11, 0x59, 
	0x19, 0x59, 0x19, 0x59, 0x19, 0x59, 0x19, 0x59, 
	0x19, 0x59, 0x19, 0x59, 0x19, 0x59, 0x19, 0x59, 
	0x19, 0x19, 0x19, 0x19, 0x19, 0x57, 0x11, 0x17, 
	0x19, 0x17, 0x19, 0x57, 0x19, 0x15, 0x11, 0x15, 
	0x11, 0x15, 0x19, 0x15, 0x11, 0x15, 0x19, 0x15, 
	0x19, 0x57, 0x19, 0x15, 0x19, 0x55, 0x19, 0x15, 
	0x19, 0x55, 0x19, 0x15, 0x19, 0x55, 0x19, 0x15, 
	0x19, 0x15, 0x19, 0x55, 0x19, 0x15, 0x19, 0x15, 
	0x19, 0x13, 0x11, 0x13, 0x11, 0x13, 0x21, 0x55, 
	0x19, 0x13, 0x19, 0x15, 0x19, 0x15, 0x11, 0x13, 
	0x19, 0x13, 0x19, 0x13, 0x19, 0x13, 0x21, 0x55, 
	0x19, 0x13, 0x11, 0x13, 0x21, 0x55, 0x19, 0x15, 
	0x11, 0x13, 0x11, 0x13, 0x19, 0x15, 0x11, 0x13, 
	0x11, 0x13, 0x11, 0x15, 0x11, 0x15, 0x19, 0x55, 
	0x19, 0x15, 0x19, 0x15, 0x19, 0x15, 0x19, 0x57, 
	0x19, 0x55, 0x11, 0x15, 0x19, 0x55, 0x19, 0x57, 
	0x21, 0x99, 0x19, 0x55, 0x19, 0x55, 0x19, 0x57, 
	0x19, 0x55, 0x11, 0x15, 0x11, 0x15, 0x11, 0x15, 
	0x11, 0x15, 0x19, 0x15, 0x11, 0x15, 0x11, 0x15, 
	0x11, 0x15, 0x11, 0x15, 0x32, 0x1b, 0x29, 0x99, 
	0x19, 0x19, 0x19, 0x19, 0x19, 0x19, 0x19, 0x19, 
	0x19, 0x59, 0x21, 0x9b, 0x21, 0x5b, 0x19, 0x19, 
	0x19, 0x19, 0x19, 0x59, 0x19, 0x59, 0x19, 0x59, 
	0x19, 0x59, 0x21, 0x59, 0x21, 0x5b, 0x19, 0x19, 
	0x19, 0x59, 0x19, 0x59, 0x21, 0x5b, 0x21, 0x5b, 
	0x21, 0x5b, 0x21, 0x5b, 0x21, 0x5d, 0x29, 0x9f, 
	0x29, 0x5f, 0x21, 0x5f, 0x21, 0x5f, 0x21, 0x5f, 
	0x21, 0x5f, 0x29, 0x5f, 0x31, 0xa3, 0x31, 0xa3, 
	0x31, 0x63, 0x39, 0x63, 0x39, 0x63, 0x39, 0xa5, 
	0x39, 0xa5, 0x39, 0xa5, 0x39, 0xa5, 0x39, 0xa5, 
	0x41, 0xa5, 0x39, 0xa5, 0x39, 0xa5, 0x41, 0xa5, 
	0x4a, 0x29, 0x39, 0xa3, 0x39, 0xa3, 0x31, 0xa5, 
	0x31, 0xa3, 0x31, 0x63, 0x31, 0x63, 0x4a, 0x29, 
	0x41, 0xa5, 0x39, 0xa5, 0x39, 0x63, 0x39, 0xa3, 
	0x39, 0xa3, 0x39, 0x63, 0x31, 0x63, 0x31, 0xa3, 
	0x39, 0xa5, 0x41, 0xe7, 0x31, 0xa5, 0x31, 0x65, 
	0x31, 0x65, 0x39, 0x65, 0x31, 0x61, 0x29, 0x61, 
	0x29, 0x61, 0x31, 0x61, 0x31, 0x63, 0x39, 0x65, 
	0x39, 0x65, 0x39, 0xa7, 0x41, 0xe9, 0x49, 0xeb, 
	0x39, 0xa9, 0x39, 0xab, 0x41, 0xab, 0x41, 0xab, 
	0x39, 0xab, 0x41, 0xab, 0x41, 0xab, 0x41, 0xab, 
	0x41, 0xab, 0x52, 0x6f, 0x49, 0xab, 0x49, 0xab, 
	0x49, 0xed, 0x4a, 0x2f, 0x41, 0xed, 0x49, 0xef, 
	0x41, 0xed, 0x4a, 0x2f, 0x41, 0xed, 0x49, 0xed, 
	0x41, 0xeb, 0x41, 0xab, 0x39, 0xa9, 0x41, 0xab, 
	0x41, 0xed, 0x4a, 0x2f, 0x49, 0xed, 0x41, 0xeb, 
	0x49, 0xeb, 0x49, 0xeb, 0x49, 0xeb, 0x41, 0xab, 
	0x41, 0xad, 0x42, 0x2f, 0x42, 0x2f, 0x41, 0xef, 
	0x41, 0xf1, 0x42, 0x2f, 0x39, 0xed, 0x39, 0xeb, 
	0x31, 0xeb, 0x31, 0xa9, 0x39, 0xe9, 0x31, 0xa7, 
	0x31, 0xa7, 0x3a, 0x29, 0x31, 0xe9, 0x31, 0xe9, 
	0x3a, 0x2b, 0x31, 0xeb, 0x29, 0xe9, 0x29, 0xe9, 
	0x29, 0xe5, 0x21, 0xe5, 0x21, 0xe3, 0x19, 0xa1, 
	0x19, 0xa1, 0x19, 0xa1, 0x19, 0xa1, 0x19, 0x9f, 
	0x19, 0x9d, 0x19, 0xdf, 0x19, 0x9d, 0x19, 0x9d, 
	0x19, 0xdf, 0x11, 0x9d, 0x19, 0x9d, 0x19, 0xdf, 
	0x11, 0x9d, 0x11, 0x9d, 0x19, 0xdf, 0x19, 0x9d, 
	0x21, 0xdf, 0x19, 0x9d, 0x11, 0x9d, 0x19, 0x9d, 
	0x11, 0x9d, 0x19, 0x9d, 0x21, 0xdf, 0x19, 0x9d, 
	0x19, 0x9d, 0x19, 0x9d, 0x19, 0x9d, 0x19, 0x9d, 
	0x11, 0x9d, 0x11, 0x9d, 0x19, 0x9b, 0x19, 0x9b, 
	0x19, 0x9b, 0x19, 0x9b, 0x11, 0x5b, 0x11, 0x5b, 
	0x19, 0x5b, 0x11, 0x5b, 0x11, 0x5b, 0x11, 0x59, 
	0x19, 0x59, 0x19, 0x59, 0x21, 0x9b, 0x11, 0x59, 
	0x11, 0x59, 0x19, 0x59, 0x19, 0x19, 0x19, 0x59, 
	0x19, 0x59, 0x19, 0x59, 0x19, 0x59, 0x19, 0x59, 
	0x19, 0x19, 0x29, 0xdb, 0x19, 0x59, 0x19, 0x57, 
	0x11, 0x17, 0x19, 0x15, 0x19, 0x15, 0x21, 0x97, 
	0x21, 0x97, 0x19, 0x15, 0x19, 0x15, 0x19, 0x55, 
	0x19, 0x55, 0x19, 0x15, 0x19, 0x57, 0x19, 0x55, 
	0x19, 0x15, 0x19, 0x15, 0x19, 0x13, 0x19, 0x15, 
	0x19, 0x15, 0x19, 0x13, 0x21, 0x55, 0x29, 0x97, 
	0x19, 0x15, 0x11, 0x13, 0x19, 0x13, 0x19, 0x13, 
	0x19, 0x13, 0x11, 0x13, 0x11, 0x13, 0x11, 0x13, 
	0x11, 0x13, 0x11, 0x13, 0x11, 0x13, 0x11, 0x13, 
	0x19, 0x13, 0x19, 0x13, 0x3a, 0x1b, 0x21, 0x55, 
	0x19, 0x13, 0x11, 0x13, 0x19, 0x15, 0x19, 0x15, 
	0x11, 0x15, 0x11, 0x15, 0x11, 0x15, 0x19, 0x15, 
	0x19, 0x55, 0x21, 0x57, 0x19, 0x15, 0x19, 0x15, 
	0x11, 0x15, 0x11, 0x15, 0x11, 0x15, 0x11, 0x15, 
	0x19, 0x57, 0x19, 0x55, 0x11, 0x15, 0x21, 0x97, 
	0x21, 0x97, 0x11, 0x15, 0x11, 0x15, 0x19, 0x15, 
	0x19, 0x15, 0x19, 0x15, 0x19, 0x55, 0x19, 0x55, 
	0x21, 0x97, 0x11, 0x15, 0x21, 0x97, 0x19, 0x55, 
	0x11, 0x17, 0x11, 0x17, 0x19, 0x19, 0x19, 0x19, 
	0x19, 0x19, 0x19, 0x59, 0x11, 0x17, 0x29, 0xdb, 
	0x19, 0x17, 0x19, 0x17, 0x19, 0x17, 0x19, 0x59, 
	0x21, 0x5b, 0x19, 0x59, 0x42, 0x61, 0x19, 0x19, 
	0x19, 0x19, 0x21, 0x59, 0x21, 0x5b, 0x19, 0x19, 
	0x19, 0x1b, 0x21, 0x1b, 0x21, 0x5d, 0x21, 0x5d, 
	0x4a, 0x65, 0x21, 0x5d, 0x21, 0x5f, 0x21, 0x5f, 
	0x42, 0x65, 0x29, 0x5f, 0x39, 0xa3, 0x31, 0x61, 
	0x31, 0x61, 0x31, 0x63, 0x31, 0x63, 0x31, 0x63, 
	0x39, 0x63, 0x39, 0x63, 0x41, 0xe5, 0x39, 0xa3, 
	0x39, 0xa3, 0x39, 0xa3, 0x39, 0xa3, 0x39, 0xa3, 
	0x39, 0xa3, 0x39, 0x63, 0x39, 0xa3, 0x31, 0xa3, 
	0x31, 0x63, 0x31, 0x63, 0x31, 0x61, 0x31, 0x63, 
	0x39, 0xa3, 0x31, 0x61, 0x31, 0x61, 0x31, 0x61, 
	0x39, 0x63, 0x39, 0x63, 0x39, 0xa3, 0x39, 0xa5, 
	0x31, 0x65, 0x31, 0x65, 0x31, 0x65, 0x31, 0x65, 
	0x41, 0xe7, 0x31, 0x65, 0x31, 0x63, 0x31, 0x61, 
	0x31, 0x61, 0x4a, 0x27, 0x31, 0x63, 0x31, 0x65, 
	0x39, 0x65, 0x39, 0xa7, 0x39, 0xa9, 0x41, 0xa9, 
	0x39, 0xa9, 0x39, 0xab, 0x41, 0xeb, 0x41, 0xeb, 
	0x39, 0xa9, 0x39, 0xab, 0x39, 0xab, 0x39, 0xab, 
	0x39, 0xab, 0x41, 0xeb, 0x49, 0xed, 0x49, 0xed, 
	0x41, 0xed, 0x49, 0xed, 0x4a, 0x2f, 0x49, 0xed, 
	0x4a, 0x2f, 0x49, 0xed, 0x4a, 0x2f, 0x49, 0xed, 
	0x41, 0xab, 0x41, 0xab, 0x39, 0xa9, 0x41, 0xab, 
	0x41, 0xed, 0x49, 0xef, 0x4a, 0x2f, 0x49, 0xeb, 
	0x49, 0xeb, 0x49, 0xed, 0x41, 0xeb, 0x41, 0xed, 
	0x41, 0xad, 0x39, 0xed, 0x39, 0xef, 0x41, 0xef, 
	0x42, 0x31, 0x42, 0x2f, 0x39, 0xed, 0x39, 0xed, 
	0x42, 0x2d, 0x31, 0xe9, 0x31, 0xe9, 0x31, 0xa7, 
	0x29, 0xa7, 0x31, 0xe9, 0x3a, 0x2b, 0x31, 0xeb, 
	0x39, 0xeb, 0x3a, 0x2d, 0x52, 0xef, 0x29, 0xe7, 
	0x3a, 0x69, 0x21, 0xe3, 0x21, 0xa3, 0x21, 0xe3, 
	0x21, 0xa3, 0x21, 0xe3, 0x19, 0xa1, 0x19, 0x9f, 
	0x19, 0x9d, 0x19, 0xdf, 0x19, 0xdd, 0x21, 0xdf, 
	0x19, 0xdd, 0x19, 0x9d, 0x11, 0x9d, 0x11, 0x9d, 
	0x19, 0x9d, 0x19, 0xdf, 0x19, 0x9d, 0x19, 0x9d, 
	0x19, 0x9d, 0x11, 0x9d, 0x32, 0x63, 0x19, 0x9d, 
	0x19, 0x9d, 0x19, 0xdf, 0x19, 0xdd, 0x19, 0x9d, 
	0x19, 0x9d, 0x19, 0x9d, 0x11, 0x9d, 0x19, 0x9d, 
	0x19, 0xdd, 0x19, 0x9d, 0x11, 0x9d, 0x19, 0x9d, 
	0x19, 0x9b, 0x19, 0x9d, 0x19, 0x9d, 0x19, 0x9b, 
	0x19, 0x9b, 0x11, 0x5b, 0x11, 0x5b, 0x19, 0x9b, 
	0x19, 0x59, 0x19, 0x9b, 0x11, 0x59, 0x11, 0x59, 
	0x11, 0x59, 0x19, 0x59, 0x21, 0x9b, 0x3a, 0x5f, 
	0x11, 0x17, 0x19, 0x57, 0x19, 0x59, 0x19, 0x59, 
	0x19, 0x59, 0x19, 0x59, 0x19, 0x59, 0x11, 0x17, 
	0x21, 0x99, 0x19, 0x15, 0x19, 0x15, 0x19, 0x15, 
	0x19, 0x55, 0x19, 0x55, 0x19, 0x15, 0x19, 0x15, 
	0x19, 0x55, 0x19, 0x55, 0x19, 0x55, 0x19, 0x15, 
	0x19, 0x15, 0x19, 0x15, 0x19, 0x15, 0x21, 0x55, 
	0x29, 0x99, 0x19, 0x13, 0x21, 0x97, 0x31, 0xd9, 
	0x19, 0x15, 0x11, 0x13, 0x19, 0x15, 0x19, 0x13, 
	0x19, 0x15, 0x11, 0x13, 0x11, 0x13, 0x11, 0x13, 
	0x19, 0x15, 0x19, 0x13, 0x21, 0x57, 0x21, 0x55, 
	0x3a, 0x5d, 0x21, 0x55, 0x19, 0x13, 0x19, 0x55, 
	0x11, 0x13, 0x19, 0x55, 0x19, 0x15, 0x19, 0x55, 
	0x21, 0x97, 0x19, 0x15, 0x19, 0x55, 0x19, 0x55, 
	0x19, 0x15, 0x21, 0x97, 0x19, 0x15, 0x19, 0x55, 
	0x19, 0x55, 0x11, 0x15, 0x11, 0x15, 0x11, 0x15, 
	0x19, 0x55, 0x11, 0x15, 0x19, 0x55, 0x11, 0x15, 
	0x11, 0x15, 0x11, 0x15, 0x19, 0x55, 0x19, 0x15, 
	0x19, 0x15, 0x19, 0x15, 0x19, 0x15, 0x21, 0x57, 
	0x19, 0x55, 0x11, 0x15, 0x11, 0x15, 0x11, 0x15, 
	0x11, 0x17, 0x19, 0x57, 0x19, 0x59, 0x3a, 0x1f, 
	0x19, 0x19, 0x19, 0x19, 0x19, 0x19, 0x19, 0x17, 
	0x11, 0x17, 0x11, 0x17, 0x31, 0xdd, 0x19, 0x19, 
	0x21, 0x59, 0x19, 0x19, 0x21, 0x59, 0x19, 0x19, 
	0x19, 0x19, 0x19, 0x59, 0x19, 0x19, 0x19, 0x19, 
	0x19, 0x1b, 0x21, 0x5b, 0x21, 0x5d, 0x31, 0xdf, 
	0x29, 0x9d, 0x21, 0x5d, 0x21, 0x5d, 0x29, 0x5f, 
	0x21, 0x5d, 0x29, 0x5f, 0x31, 0x5f, 0x29, 0x5f, 
	0x31, 0x61, 0x31, 0x61, 0x31, 0x61, 0x31, 0x61, 
	0x31, 0x61, 0x31, 0x63, 0x39, 0x63, 0x39, 0xa3, 
	0x39, 0xa3, 0x39, 0xa3, 0x41, 0xa5, 0x39, 0xa3, 
	0x39, 0xa3, 0x31, 0x63, 0x31, 0x63, 0x31, 0x63, 
	0x31, 0x63, 0x31, 0x63, 0x31, 0x61, 0x31, 0xa3, 
	0x31, 0x63, 0x39, 0x61, 0x31, 0x61, 0x31, 0x61, 
	0x31, 0x61, 0x39, 0x63, 0x39, 0xa3, 0x41, 0xe5, 
	0x39, 0xa5, 0x31, 0x65, 0x31, 0x65, 0x39, 0xa5, 
	0x4a, 0x29, 0x31, 0x65, 0x31, 0x63, 0x31, 0x63, 
	0x31, 0x63, 0x31, 0x65, 0x31, 0x65, 0x39, 0x67, 
	0x39, 0xa7, 0x41, 0xeb, 0x39, 0xa9, 0x39, 0xa9, 
	0x39, 0xa9, 0x41, 0xeb, 0x41, 0xeb, 0x41, 0xab, 
	0x41, 0xab, 0x39, 0xa9, 0x39, 0xa9, 0x39, 0xa9, 
	0x39, 0xab, 0x39, 0xab, 0x41, 0xed, 0x41, 0xed, 
	0x49, 0xed, 0x41, 0xed, 0x5a, 0x6f, 0x41, 0xed, 
	0x41, 0xed, 0x4a, 0x2f, 0x5a, 0x2f, 0x51, 0xed, 
	0x49, 0xeb, 0x49, 0xed, 0x5a, 0xaf, 0x41, 0xa9, 
	0x41, 0xab, 0x51, 0xef, 0x52, 0x2f, 0x62, 0xb1, 
	0x49, 0xab, 0x49, 0xed, 0x49, 0xed, 0x49, 0xab, 
	0x41, 0xeb, 0x41, 0xed, 0x39, 0xed, 0x39, 0xed, 
	0x39, 0xed, 0x39, 0xed, 0x39, 0xed, 0x39, 0xeb, 
	0x31, 0xeb, 0x39, 0xeb, 0x31, 0xe9, 0x31, 0xa7, 
	0x31, 0xe9, 0x39, 0xeb, 0x31, 0xeb, 0x39, 0xeb, 
	0x39, 0xeb, 0x39, 0xeb, 0x31, 0xeb, 0x32, 0x29, 
	0x29, 0xe5, 0x21, 0xa3, 0x21, 0xe3, 0x21, 0xe5, 
	0x32, 0x27, 0x21, 0xa3, 0x32, 0x67, 0x22, 0x23, 
	0x19, 0x9f, 0x11, 0x9d, 0x11, 0x9d, 0x19, 0xdd, 
	0x19, 0x9d, 0x19, 0x9d, 0x11, 0x9d, 0x11, 0x9d, 
	0x21, 0xdf, 0x19, 0x9d, 0x11, 0x9d, 0x19, 0x9d, 
	0x19, 0x9d, 0x11, 0x9d, 0x19, 0x9d, 0x11, 0x9d, 
	0x19, 0x9d, 0x19, 0x9d, 0x19, 0x9d, 0x11, 0x9d, 
	0x11, 0x9d, 0x19, 0x9d, 0x11, 0x9d, 0x19, 0x9d, 
	0x2a, 0x61, 0x21, 0xdf, 0x19, 0x9b, 0x19, 0x9b, 
	0x11, 0x9b, 0x19, 0x9d, 0x19, 0x9d, 0x19, 0x9b, 
	0x19, 0x9d, 0x11, 0x9b, 0x19, 0x9b, 0x19, 0x9d, 
	0x11, 0x59, 0x19, 0x59, 0x11, 0x59, 0x11, 0x59, 
	0x11, 0x59, 0x19, 0x57, 0x19, 0x57, 0x19, 0x59, 
	0x11, 0x17, 0x21, 0x99, 0x32, 0x1d, 0x19, 0x57, 
	0x19, 0x57, 0x11, 0x17, 0x11, 0x17, 0x11, 0x17, 
	0x19, 0x57, 0x11, 0x15, 0x19, 0x15, 0x19, 0x15, 
	0x19, 0x15, 0x11, 0x15, 0x11, 0x55, 0x5b, 0x63, 
	0x29, 0xd7, 0x19, 0x57, 0x21, 0x97, 0x19, 0x15, 
	0x19, 0x15, 0x21, 0x55, 0x19, 0x15, 0x19, 0x15, 
	0x21, 0x55, 0x11, 0x13, 0x19, 0x55, 0x19, 0x15, 
	0x29, 0x97, 0x19, 0x15, 0x11, 0x13, 0x19, 0x15, 
	0x19, 0x15, 0x3a, 0x1b, 0x31, 0xd7, 0x11, 0x13, 
	0x19, 0x55, 0x19, 0x13, 0x11, 0x13, 0x21, 0x55, 
	0x19, 0x13, 0x21, 0x57, 0x19, 0x55, 0x11, 0x13, 
	0x11, 0x13, 0x19, 0x55, 0x19, 0x55, 0x21, 0x97, 
	0x21, 0x97, 0x19, 0x15, 0x19, 0x15, 0x19, 0x15, 
	0x21, 0x97, 0x21, 0x57, 0x21, 0x57, 0x21, 0x97, 
	0x32, 0x1b, 0x19, 0x55, 0x19, 0x55, 0x11, 0x15, 
	0x11, 0x15, 0x11, 0x15, 0x19, 0x57, 0x19, 0x55, 
	0x21, 0x97, 0x19, 0x55, 0x11, 0x15, 0x19, 0x15, 
	0x29, 0x99, 0x21, 0x97, 0x19, 0x15, 0x11, 0x15, 
	0x11, 0x15, 0x11, 0x15, 0x11, 0x15, 0x11, 0x15, 
	0x19, 0x57, 0x19, 0x59, 0x21, 0x9b, 0x3a, 0x5f, 
	0x21, 0x9b, 0x19, 0x17, 0x19, 0x59, 0x11, 0x17, 
	0x11, 0x17, 0x11, 0x17, 0x19, 0x57, 0x19, 0x17, 
	0x21, 0x59, 0x19, 0x19, 0x19, 0x19, 0x19, 0x19, 
	0x29, 0x9b, 0x21, 0x59, 0x19, 0x59, 0x19, 0x19, 
	0x21, 0x1b, 0x29, 0x9d, 0x21, 0x1b, 0x21, 0x5d, 
	0x21, 0x5d, 0x21, 0x5d, 0x21, 0x5d, 0x29, 0x9d, 
	0x21, 0x5d, 0x21, 0x5d, 0x29, 0x5d, 0x29, 0x5f, 
	0x31, 0xe1, 0x29, 0x61, 0x42, 0x23, 0x29, 0x5f, 
	0x31, 0x61, 0x39, 0xa3, 0x31, 0x63, 0x31, 0x63, 
	0x39, 0xa3, 0x39, 0xa3, 0x39, 0xa3, 0x39, 0x61, 
	0x39, 0x63, 0x39, 0xa3, 0x39, 0xa3, 0x31, 0x63, 
	0x31, 0x63, 0x39, 0x63, 0x39, 0x63, 0x39, 0x63, 
	0x39, 0x63, 0x39, 0x63, 0x39, 0x63, 0x52, 0x27, 
	0x39, 0xa3, 0x39, 0xa3, 0x39, 0xa3, 0x39, 0xa5, 
	0x52, 0x6b, 0x41, 0xe7, 0x39, 0x65, 0x39, 0xa7, 
	0x39, 0xa7, 0x39, 0xa5, 0x31, 0x63, 0x39, 0x63, 
	0x39, 0x65, 0x39, 0x65, 0x39, 0x67, 0x39, 0x67, 
	0x39, 0x67, 0x39, 0xa9, 0x39, 0xa9, 0x39, 0xa9, 
	0x39, 0xa9, 0x39, 0xa9, 0x41, 0xa9, 0x41, 0xa9, 
	0x41, 0xeb, 0x39, 0xa9, 0x39, 0xa9, 0x39, 0xa9, 
	0x41, 0xeb, 0x41, 0xab, 0x49, 0xed, 0x41, 0xab, 
	0x39, 0xa9, 0x39, 0xab, 0x4a, 0x2d, 0x41, 0xed, 
	0x49, 0xed, 0x52, 0x2f, 0x52, 0x2f, 0x51, 0xef, 
	0x51, 0xed, 0x52, 0x2d, 0x49, 0xab, 0x4a, 0x2d, 
	0x41, 0xab, 0x41, 0xab, 0x49, 0xab, 0x49, 0xeb, 
	0x49, 0xed, 0x49, 0xed, 0x49, 0xed, 0x52, 0x2d, 
	0x41, 0xa9, 0x41, 0xeb, 0x39, 0xab, 0x39, 0xad, 
	0x39, 0xed, 0x39, 0xed, 0x39, 0xed, 0x39, 0xed, 
	0x31, 0xeb, 0x31, 0xeb, 0x31, 0xa9, 0x31, 0xe9, 
	0x31, 0xe9, 0x39, 0xeb, 0x39, 0xeb, 0x39, 0xeb, 
	0x39, 0xeb, 0x52, 0xaf, 0x31, 0xe9, 0x31, 0xe9, 
	0x21, 0xe5, 0x21, 0xa3, 0x21, 0xa3, 0x21, 0xe5, 
	0x32, 0x27, 0x21, 0xe5, 0x19, 0xa1, 0x19, 0xa1, 
	0x19, 0xdf, 0x19, 0x9f, 0x21, 0xdf, 0x2a, 0x21, 
	0x19, 0x9d, 0x11, 0x9d, 0x19, 0x9d, 0x19, 0x9d, 
	0x19, 0xdf, 0x19, 0x9d, 0x19, 0xdf, 0x11, 0x9d, 
	0x19, 0x9d, 0x11, 0x9d, 0x11, 0x9d, 0x19, 0xdf, 
	0x19, 0xdd, 0x19, 0x9d, 0x19, 0x9d, 0x19, 0x9d, 
	0x19, 0xdd, 0x19, 0x9d, 0x19, 0x9d, 0x11, 0x9d, 
	0x11, 0x9d, 0x19, 0x9d, 0x19, 0x9d, 0x11, 0x9b, 
	0x19, 0xdd, 0x19, 0xdd, 0x11, 0x9b, 0x19, 0x9b, 
	0x19, 0x9d, 0x19, 0x5b, 0x11, 0x5b, 0x11, 0x5b, 
	0x19, 0x5b, 0x11, 0x5b, 0x19, 0x9b, 0x11, 0x59, 
	0x19, 0x59, 0x19, 0x59, 0x3a, 0x5f, 0x11, 0x17, 
	0x19, 0x57, 0x19, 0x57, 0x11, 0x17, 0x11, 0x17, 
	0x19, 0x57, 0x19, 0x59, 0x19, 0x57, 0x19, 0x57, 
	0x19, 0x57, 0x11, 0x15, 0x11, 0x15, 0x19, 0x55, 
	0x19, 0x55, 0x19, 0x55, 0x11, 0x15, 0x11, 0x15, 
	0x21, 0x97, 0x11, 0x15, 0x19, 0x55, 0x19, 0x15, 
	0x19, 0x15, 0x19, 0x15, 0x19, 0x13, 0x19, 0x13, 
	0x19, 0x15, 0x11, 0x13, 0x19, 0x55, 0x21, 0x55, 
	0x19, 0x55, 0x11, 0x13, 0x19, 0x13, 0x11, 0x13, 
	0x11, 0x13, 0x19, 0x13, 0x21, 0x97, 0x11, 0x13, 
	0x11, 0x13, 0x29, 0x97, 0x11, 0x13, 0x19, 0x15, 
	0x19, 0x13, 0x19, 0x13, 0x11, 0x13, 0x19, 0x15, 
	0x21, 0x57, 0x19, 0x55, 0x19, 0x55, 0x21, 0x97, 
	0x4a, 0x9f, 0x19, 0x15, 0x19, 0x55, 0x19, 0x15, 
	0x19, 0x15, 0x29, 0x97, 0x31, 0xd9, 0x19, 0x15, 
	0x19, 0x15, 0x19, 0x55, 0x19, 0x55, 0x19, 0x55, 
	0x11, 0x15, 0x11, 0x15, 0x19, 0x55, 0x19, 0x55, 
	0x21, 0x97, 0x19, 0x55, 0x19, 0x55, 0x21, 0x97, 
	0x19, 0x55, 0x19, 0x55, 0x19, 0x55, 0x11, 0x15, 
	0x19, 0x55, 0x11, 0x15, 0x11, 0x15, 0x19, 0x55, 
	0x19, 0x59, 0x19, 0x57, 0x11, 0x17, 0x19, 0x17, 
	0x19, 0x17, 0x11, 0x17, 0x21, 0x99, 0x19, 0x17, 
	0x19, 0x57, 0x19, 0x57, 0x19, 0x17, 0x19, 0x17, 
	0x19, 0x17, 0x19, 0x59, 0x19, 0x19, 0x19, 0x19, 
	0x3a, 0x1d, 0x21, 0x9b, 0x21, 0x5b, 0x21, 0x59, 
	0x19, 0x19, 0x21, 0x19, 0x29, 0x9d, 0x21, 0x5b, 
	0x21, 0x5d, 0x21, 0x5b, 0x21, 0x5d, 0x21, 0x5b, 
	0x21, 0x5b, 0x29, 0x5d, 0x21, 0x5d, 0x21, 0x5d, 
	0x29, 0x5d, 0x29, 0x5f, 0x29, 0x5d, 0x29, 0x5d, 
	0x31, 0x9f, 0x31, 0x61, 0x31, 0x61, 0x31, 0x61, 
	0x31, 0x63, 0x31, 0x63, 0x31, 0x61, 0x31, 0x61, 
	0x31, 0x63, 0x52, 0x69, 0x39, 0xa3, 0x31, 0x63, 
	0x31, 0x63, 0x39, 0x63, 0x39, 0x63, 0x39, 0xa3, 
	0x39, 0xa5, 0x39, 0xa3, 0x39, 0xa3, 0x39, 0xa3, 
	0x39, 0xa3, 0x39, 0xa3, 0x39, 0xa5, 0x39, 0xa5, 
	0x41, 0xa7, 0x39, 0xa7, 0x39, 0xa7, 0x41, 0xe7, 
	0x39, 0xa5, 0x39, 0x65, 0x39, 0x63, 0x52, 0x29, 
	0x41, 0xa7, 0x39, 0x65, 0x39, 0x67, 0x39, 0x67, 
	0x39, 0xa9, 0x39, 0x69, 0x39, 0xa9, 0x39, 0xa9, 
	0x39, 0xa9, 0x39, 0xa9, 0x39, 0xa9, 0x39, 0xa7, 
	0x41, 0xa9, 0x39, 0xa9, 0x52, 0x6d, 0x39, 0xa9, 
	0x39, 0xa7, 0x41, 0xa9, 0x5a, 0x6f, 0x49, 0xed, 
	0x41, 0xa9, 0x41, 0xa9, 0x49, 0xed, 0x49, 0xed, 
	0x49, 0xed, 0x49, 0xed, 0x51, 0xed, 0x51, 0xef, 
	0x5a, 0x71, 0x49, 0xed, 0x52, 0x2d, 0x49, 0xed, 
	0x41, 0xab, 0x49, 0xeb, 0x49, 0xeb, 0x49, 0xab, 
	0x49, 0xed, 0x49, 0xed, 0x49, 0xed, 0x49, 0xeb, 
	0x41, 0xa9, 0x39, 0xa9, 0x39, 0xa9, 0x39, 0xab, 
	0x41, 0xed, 0x39, 0xed, 0x42, 0x2f, 0x42, 0x2d, 
	0x39, 0xed, 0x31, 0xeb, 0x31, 0xa9, 0x39, 0xe9, 
	0x39, 0xeb, 0x39, 0xeb, 0x3a, 0x2b, 0x39, 0xeb, 
	0x39, 0xeb, 0x39, 0xeb, 0x3a, 0x2b, 0x32, 0x29, 
	0x21, 0xe5, 0x21, 0xa5, 0x21, 0xa5, 0x29, 0xe7, 
	0x29, 0xe5, 0x32, 0x69, 0x21, 0xe3, 0x19, 0x9f, 
	0x19, 0x9f, 0x19, 0x9f, 0x21, 0xe1, 0x19, 0xdd, 
	0x19, 0x9d, 0x11, 0x9d, 0x19, 0x9d, 0x19, 0xdf, 
	0x19, 0xdd, 0x19, 0x9d, 0x19, 0x9d, 0x11, 0x9d, 
	0x11, 0x9d, 0x11, 0x9d, 0x11, 0x9d, 0x21, 0xdf, 
	0x11, 0x9d, 0x19, 0x9d, 0x11, 0x9d, 0x19, 0x9d, 
	0x19, 0x9d, 0x19, 0x9d, 0x19, 0x9d, 0x32, 0x63, 
	0x19, 0x9d, 0x19, 0x9d, 0x11, 0x9b, 0x11, 0x9b, 
	0x19, 0xdd, 0x19, 0x9d, 0x19, 0x9d, 0x11, 0x9b, 
	0x19, 0x9b, 0x2a, 0x1f, 0x19, 0x9b, 0x19, 0x9b, 
	0x19, 0x9b, 0x21, 0x9b, 0x11, 0x59, 0x19, 0x9b, 
	0x11, 0x59, 0x11, 0x59, 0x11, 0x57, 0x11, 0x57, 
	0x19, 0x59, 0x11, 0x17, 0x19, 0x57, 0x11, 0x17, 
	0x19, 0x57, 0x19, 0x57, 0x32, 0x1d, 0x19, 0x17, 
	0x19, 0x17, 0x32, 0x1b, 0x11, 0x15, 0x11, 0x15, 
	0x19, 0x55, 0x19, 0x55, 0x19, 0x55, 0x19, 0x57, 
	0x19, 0x55, 0x11, 0x15, 0x19, 0x15, 0x11, 0x15, 
	0x19, 0x55, 0x19, 0x15, 0x19, 0x13, 0x19, 0x13, 
	0x19, 0x13, 0x19, 0x15, 0x19, 0x15, 0x21, 0x57, 
	0x11, 0x13, 0x19, 0x55, 0x19, 0x15, 0x19, 0x13, 
	0x11, 0x13, 0x11, 0x13, 0x11, 0x13, 0x19, 0x13, 
	0x19, 0x13, 0x11, 0x13, 0x11, 0x13, 0x19, 0x13, 
	0x19, 0x13, 0x11, 0x13, 0x11, 0x13, 0x21, 0x55, 
	0x19, 0x15, 0x21, 0x57, 0x19, 0x15, 0x21, 0x97, 
	0x19, 0x15, 0x19, 0x15, 0x19, 0x15, 0x19, 0x15, 
	0x19, 0x55, 0x19, 0x55, 0x21, 0x97, 0x19, 0x15, 
	0x19, 0x15, 0x19, 0x15, 0x11, 0x15, 0x11, 0x15, 
	0x11, 0x15, 0x19, 0x55, 0x21, 0x97, 0x19, 0x55, 
	0x19, 0x57, 0x42, 0x9d, 0x21, 0x97, 0x29, 0xd9, 
	0x21, 0x97, 0x21, 0x97, 0x11, 0x15, 0x19, 0x55, 
	0x19, 0x55, 0x19, 0x55, 0x11, 0x15, 0x11, 0x15, 
	0x11, 0x17, 0x11, 0x17, 0x11, 0x17, 0x19, 0x59, 
	0x19, 0x17, 0x19, 0x17, 0x19, 0x57, 0x19, 0x17, 
	0x19, 0x57, 0x19, 0x57, 0x19, 0x57, 0x21, 0x59, 
	0x21, 0x59, 0x21, 0x59, 0x21, 0x5b, 0x19, 0x19, 
	0x19, 0x19, 0x19, 0x59, 0x21, 0x59, 0x19, 0x57, 
	0x19, 0x59, 0x19, 0x19, 0x21, 0x9b, 0x21, 0x5b, 
	0x19, 0x1b, 0x21, 0x1b, 0x21, 0x5b, 0x29, 0x9d, 
	0x21, 0x5d, 0x21, 0x5d, 0x29, 0x5d, 0x21, 0x5d, 
	0x21, 0x5d, 0x29, 0x5f, 0x29, 0x5d, 0x31, 0x9f, 
	0x29, 0x5f, 0x29, 0x5f, 0x31, 0x61, 0x31, 0x61, 
	0x31, 0x63, 0x31, 0x63, 0x31, 0x61, 0x31, 0x61, 
	0x31, 0x61, 0x31, 0x63, 0x31, 0x61, 0x31, 0x63, 
	0x31, 0x63, 0x31, 0x63, 0x39, 0xa5, 0x39, 0xa5, 
	0x39, 0xa5, 0x39, 0xa3, 0x39, 0xa3, 0x41, 0xa3, 
	0x4a, 0x27, 0x39, 0x63, 0x39, 0xa5, 0x41, 0xa7, 
	0x49, 0xe9, 0x39, 0xa7, 0x41, 0xe9, 0x39, 0xa7, 
	0x39, 0x65, 0x41, 0xa5, 0x39, 0x65, 0x39, 0x65, 
	0x41, 0xa7, 0x39, 0xa7, 0x39, 0x65, 0x39, 0xa7, 
	0x41, 0xeb, 0x31, 0xa9, 0x39, 0xab, 0x39, 0xab, 
	0x39, 0xa9, 0x39, 0xa9, 0x39, 0xa7, 0x39, 0xa7, 
	0x39, 0xa7, 0x39, 0xa9, 0x31, 0x67, 0x39, 0x67, 
	0x39, 0x67, 0x39, 0x67, 0x52, 0x2b, 0x49, 0xa9, 
	0x41, 0xa9, 0x41, 0xab, 0x49, 0xed, 0x49, 0xed, 
	0x49, 0xed, 0x49, 0xeb, 0x49, 0xeb, 0x51, 0xed, 
	0x51, 0xed, 0x49, 0xed, 0x49, 0xed, 0x49, 0xeb, 
	0x49, 0xed, 0x41, 0xab, 0x41, 0xab, 0x49, 0xab, 
	0x49, 0xeb, 0x49, 0xed, 0x49, 0xed, 0x49, 0xab, 
	0x49, 0xe9, 0x39, 0xa7, 0x39, 0xa9, 0x39, 0xab, 
	0x39, 0xed, 0x39, 0xed, 0x39, 0xed, 0x39, 0xed, 
	0x39, 0xed, 0x3a, 0x2d, 0x31, 0xe9, 0x31, 0xe9, 
	0x3a, 0x2b, 0x3a, 0x2b, 0x3a, 0x2d, 0x3a, 0x2d, 
	0x31, 0xeb, 0x31, 0xeb, 0x3a, 0x2d, 0x29, 0xe9, 
	0x21, 0xe7, 0x21, 0xe5, 0x21, 0xe5, 0x21, 0xa5, 
	0x29, 0xa7, 0x29, 0xe7, 0x21, 0xe3, 0x19, 0x9f, 
	0x19, 0x9f, 0x19, 0x9f, 0x21, 0xe1, 0x19, 0xdf, 
	0x21, 0xdf, 0x2a, 0x21, 0x11, 0x9d, 0x11, 0x9d, 
	0x19, 0x9d, 0x11, 0x9d, 0x11, 0x9d, 0x11, 0x9d, 
	0x11, 0x9d, 0x11, 0x9d, 0x11, 0x9d, 0x11, 0x9d, 
	0x11, 0x9d, 0x19, 0x9d, 0x11, 0x9d, 0x19, 0xdf, 
	0x11, 0x9d, 0x19, 0x9d, 0x19, 0x9d, 0x19, 0x9d, 
	0x11, 0x9b, 0x19, 0x9d, 0x19, 0x9d, 0x11, 0x9b, 
	0x19, 0xdd, 0x19, 0xdd, 0x19, 0x9b, 0x32, 0x21, 
	0x21, 0xdd, 0x11, 0x5b, 0x19, 0x9d, 0x19, 0x9b, 
	0x19, 0x9b, 0x11, 0x5b, 0x11, 0x59, 0x11, 0x59, 
	0x11, 0x59, 0x11, 0x59, 0x11, 0x57, 0x21, 0x99, 
	0x19, 0x57, 0x11, 0x17, 0x19, 0x57, 0x19, 0x57, 
	0x19, 0x57, 0x19, 0x57, 0x21, 0x99, 0x19, 0x57, 
	0x19, 0x57, 0x19, 0x57, 0x19, 0x57, 0x11, 0x15, 
	0x11, 0x15, 0x11, 0x15, 0x19, 0x55, 0x19, 0x57, 
	0x19, 0x55, 0x19, 0x55, 0x19, 0x15, 0x11, 0x15, 
	0x19, 0x55, 0x11, 0x13, 0x19, 0x13, 0x19, 0x15, 
	0x19, 0x55, 0x19, 0x13, 0x19, 0x13, 0x19, 0x13, 
	0x19, 0x13, 0x11, 0x13, 0x11, 0x13, 0x11, 0x13, 
	0x19, 0x13, 0x19, 0x15, 0x11, 0x13, 0x19, 0x55, 
	0x19, 0x13, 0x11, 0x13, 0x11, 0x13, 0x19, 0x15, 
	0x11, 0x13, 0x19, 0x13, 0x11, 0x13, 0x19, 0x15, 
	0x19, 0x55, 0x19, 0x15, 0x19, 0x15, 0x19, 0x15, 
	0x19, 0x15, 0x19, 0x15, 0x19, 0x15, 0x19, 0x15, 
	0x19, 0x15, 0x19, 0x15, 0x11, 0x15, 0x19, 0x15, 
	0x19, 0x15, 0x19, 0x55, 0x19, 0x55, 0x11, 0x15, 
	0x21, 0x57, 0x19, 0x55, 0x11, 0x15, 0x11, 0x15, 
	0x19, 0x55, 0x19, 0x55, 0x19, 0x55, 0x19, 0x55, 
	0x19, 0x55, 0x11, 0x15, 0x11, 0x15, 0x19, 0x55, 
	0x21, 0x97, 0x21, 0x97, 0x11, 0x15, 0x11, 0x15, 
	0x29, 0xdb, 0x21, 0x9b, 0x11, 0x17, 0x19, 0x57, 
	0x11, 0x17, 0x19, 0x57, 0x29, 0x99, 0x19, 0x17, 
	0x19, 0x17, 0x19, 0x57, 0x19, 0x57, 0x19, 0x17, 
	0x3a, 0x5f, 0x31, 0xdd, 0x19, 0x19, 0x19, 0x19, 
	0x21, 0x59, 0x21, 0x59, 0x21, 0x59, 0x19, 0x17, 
	0x21, 0x59, 0x19, 0x19, 0x19, 0x19, 0x19, 0x19, 
	0x19, 0x19, 0x19, 0x1b, 0x21, 0x5b, 0x21, 0x5d, 
	0x29, 0x5f, 0x29, 0x5f, 0x42, 0x23, 0x29, 0x5d, 
	0x29, 0x5f, 0x29, 0x5f, 0x29, 0x5f, 0x42, 0x23, 
	0x29, 0x5f, 0x29, 0x61, 0x31, 0x61, 0x31, 0x61, 
	0x31, 0x61, 0x31, 0x63, 0x31, 0x61, 0x39, 0xa3, 
	0x31, 0x61, 0x31, 0x63, 0x31, 0x63, 0x39, 0x63, 
	0x39, 0x63, 0x39, 0x63, 0x39, 0xa5, 0x39, 0xa5, 
	0x39, 0xa5, 0x39, 0xa3, 0x39, 0x63, 0x31, 0x61, 
	0x39, 0x63, 0x39, 0x63, 0x39, 0xa5, 0x52, 0x6b, 
	0x39, 0xa7, 0x41, 0xa9, 0x41, 0xe9, 0x39, 0xa7, 
	0x39, 0xa5, 0x41, 0xa7, 0x41, 0xa7, 0x39, 0x65, 
	0x39, 0x65, 0x39, 0x65, 0x31, 0x65, 0x39, 0x65, 
	0x39, 0xa9, 0x31, 0x69, 0x39, 0xa9, 0x31, 0xa9, 
	0x41, 0xeb, 0x31, 0x67, 0x39, 0xa7, 0x39, 0x65, 
	0x39, 0xa7, 0x52, 0x6d, 0x39, 0xa7, 0x39, 0x65, 
	0x39, 0x67, 0x39, 0xa7, 0x41, 0xa9, 0x39, 0xa7, 
	0x41, 0xa9, 0x49, 0xab, 0x49, 0xab, 0x49, 0xed, 
	0x49, 0xab, 0x49, 0xab, 0x49, 0xeb, 0x49, 0xab, 
	0x49, 0xab, 0x49, 0xed, 0x52, 0x2f, 0x49, 0xed, 
	0x49, 0xed, 0x41, 0xab, 0x41, 0xab, 0x41, 0xab, 
	0x4a, 0x2d, 0x41, 0xeb, 0x49, 0xeb, 0x49, 0xeb, 
	0x41, 0xa9, 0x41, 0xa7, 0x52, 0x6d, 0x41, 0xed, 
	0x41, 0xed, 0x42, 0x2f, 0x42, 0x2f, 0x39, 0xed, 
	0x39, 0xed, 0x39, 0xed, 0x4a, 0x6f, 0x39, 0xeb, 
	0x39, 0xeb, 0x39, 0xeb, 0x3a, 0x2b, 0x3a, 0x2d, 
	0x39, 0xeb, 0x31, 0xeb, 0x3a, 0x2b, 0x29, 0xe9, 
	0x29, 0xe7, 0x29, 0xe7, 0x29, 0xe7, 0x29, 0xe7, 
	0x29, 0xa7, 0x21, 0xa7, 0x21, 0xa5, 0x19, 0xa1, 
	0x19, 0x9f, 0x19, 0xe1, 0x11, 0x9f, 0x19, 0x9f, 
	0x19, 0x9d, 0x11, 0x9d, 0x19, 0x9d, 0x11, 0x9d, 
	0x19, 0x9d, 0x19, 0xdd, 0x19, 0xdf, 0x11, 0x9d, 
	0x11, 0x9d, 0x19, 0x9d, 0x11, 0x9d, 0x11, 0x9d, 
	0x11, 0x9d, 0x11, 0x9d, 0x11, 0x9d, 0x19, 0xdf, 
	0x11, 0x9d, 0x19, 0x9d, 0x19, 0x9d, 0x19, 0x9d, 
	0x11, 0x9d, 0x11, 0x9b, 0x11, 0x9b, 0x19, 0x9d, 
	0x11, 0x9b, 0x19, 0x9b, 0x11, 0x9b, 0x19, 0x9b, 
	0x11, 0x9b, 0x11, 0x9b, 0x11, 0x9b, 0x19, 0x9b, 
	0x11, 0x9b, 0x11, 0x5b, 0x11, 0x59, 0x11, 0x59, 
	0x19, 0x59, 0x19, 0x59, 0x19, 0x59, 0x21, 0xdb, 
	0x11, 0x57, 0x11, 0x57, 0x11, 0x17, 0x11, 0x17, 
	0x19, 0x59, 0x19, 0x59, 0x19, 0x57, 0x29, 0xdb, 
	0x19, 0x57, 0x19, 0x55, 0x19, 0x55, 0x19, 0x55, 
	0x11, 0x15, 0x19, 0x57, 0x19, 0x57, 0x21, 0x97, 
	0x19, 0x15, 0x19, 0x55, 0x11, 0x15, 0x11, 0x15, 
	0x11, 0x15, 0x19, 0x55, 0x21, 0x55, 0x19, 0x55, 
	0x19, 0x15, 0x19, 0x13, 0x19, 0x13, 0x21, 0x97, 
	0x11, 0x13, 0x19, 0x13, 0x11, 0x13, 0x11, 0x13, 
	0x11, 0x13, 0x11, 0x13, 0x11, 0x13, 0x19, 0x15, 
	0x19, 0x13, 0x19, 0x13, 0x11, 0x13, 0x29, 0x99, 
	0x11, 0x13, 0x19, 0x15, 0x19, 0x13, 0x21, 0x55, 
	0x11, 0x13, 0x11, 0x15, 0x19, 0x15, 0x19, 0x55, 
	0x19, 0x55, 0x19, 0x55, 0x19, 0x15, 0x19, 0x15, 
	0x19, 0x15, 0x19, 0x15, 0x19, 0x15, 0x19, 0x15, 
	0x11, 0x15, 0x19, 0x15, 0x11, 0x15, 0x11, 0x15, 
	0x19, 0x55, 0x19, 0x55, 0x11, 0x15, 0x19, 0x55, 
	0x11, 0x15, 0x11, 0x15, 0x11, 0x15, 0x19, 0x55, 
	0x19, 0x55, 0x11, 0x15, 0x11, 0x15, 0x11, 0x15, 
	0x11, 0x15, 0x19, 0x55, 0x19, 0x57, 0x19, 0x57, 
	0x11, 0x17, 0x11, 0x17, 0x3a, 0x5d, 0x11, 0x17, 
	0x11, 0x17, 0x19, 0x57, 0x3a, 0x5d, 0x19, 0x57, 
	0x19, 0x57, 0x19, 0x17, 0x19, 0x17, 0x19, 0x17, 
	0x19, 0x57, 0x19, 0x59, 0x19, 0x19, 0x21, 0x5b, 
	0x21, 0x5b, 0x19, 0x19, 0x19, 0x19, 0x19, 0x17, 
	0x21, 0x59, 0x21, 0x59, 0x19, 0x19, 0x21, 0x59, 
	0x21, 0x5b, 0x21, 0x5b, 0x21, 0x5b, 0x21, 0x5d, 
	0x21, 0x5d, 0x29, 0x5d, 0x42, 0x23, 0x31, 0x9f, 
	0x29, 0x5f, 0x31, 0x61, 0x31, 0x61, 0x29, 0x5f, 
	0x29, 0x5f, 0x29, 0x61, 0x31, 0x61, 0x39, 0xa3, 
	0x31, 0x61, 0x31, 0x61, 0x31, 0x61, 0x31, 0x61, 
	0x31, 0x61, 0x31, 0x63, 0x31, 0x63, 0x39, 0x65, 
	0x39, 0x65, 0x39, 0x65, 0x41, 0xa5, 0x39, 0xa5, 
	0x39, 0xa3, 0x39, 0x63, 0x39, 0x63, 0x39, 0x61, 
	0x39, 0x63, 0x39, 0x63, 0x39, 0xa5, 0x41, 0xa7, 
	0x39, 0xa7, 0x41, 0xa7, 0x49, 0xe9, 0x62, 0xef, 
	0x39, 0xa5, 0x39, 0x63, 0x39, 0xa5, 0x39, 0x65, 
	0x39, 0xa5, 0x39, 0xa5, 0x39, 0xa5, 0x41, 0xe7, 
	0x31, 0xa5, 0x31, 0x67, 0x31, 0x67, 0x31, 0x67, 
	0x31, 0x67, 0x31, 0x65, 0x31, 0xa5, 0x39, 0xa5, 
	0x41, 0xe7, 0x39, 0x65, 0x31, 0x65, 0x39, 0x65, 
	0x39, 0x67, 0x41, 0xa7, 0x39, 0xa7, 0x39, 0xa7, 
	0x41, 0xa9, 0x41, 0xa9, 0x41, 0xab, 0x49, 0xed, 
	0x49, 0xeb, 0x49, 0xa9, 0x49, 0xa9, 0x49, 0xa9, 
	0x49, 0xab, 0x49, 0xab, 0x51, 0xed, 0x52, 0x2f, 
	0x49, 0xed, 0x41, 0xeb, 0x41, 0xa9, 0x49, 0xeb, 
	0x41, 0xa9, 0x49, 0xeb, 0x49, 0xeb, 0x49, 0xed, 
	0x41, 0xeb, 0x41, 0xe9, 0x41, 0xeb, 0x4a, 0x2f, 
	0x41, 0xed, 0x41, 0xed, 0x42, 0x2f, 0x42, 0x2f, 
	0x42, 0x2f, 0x42, 0x2f, 0x39, 0xeb, 0x42, 0x2b, 
	0x39, 0xeb, 0x39, 0xeb, 0x39, 0xeb, 0x39, 0xed, 
	0x39, 0xeb, 0x31, 0xeb, 0x31, 0xeb, 0x31, 0xe9, 
	0x29, 0xe9, 0x29, 0xe9, 0x31, 0xe9, 0x29, 0xe7, 
	0x29, 0xa7, 0x21, 0xa7, 0x29, 0xe7, 0x19, 0xa3, 
	0x21, 0xe1, 0x19, 0xe1, 0x19, 0x9f, 0x19, 0xe1, 
	0x19, 0x9f, 0x11, 0x9d, 0x11, 0x9d, 0x19, 0x9d, 
	0x19, 0x9d, 0x19, 0xdd, 0x22, 0x21, 0x11, 0x9d, 
	0x19, 0x9d, 0x22, 0x21, 0x19, 0x9d, 0x11, 0x9d, 
	0x11, 0x9d, 0x11, 0x9d, 0x11, 0x9d, 0x11, 0x9d, 
	0x11, 0x9d, 0x19, 0x9d, 0x11, 0x9d, 0x19, 0x9d, 
	0x19, 0xdf, 0x11, 0x9d, 0x19, 0xdd, 0x19, 0x9d, 
	0x11, 0x9b, 0x19, 0x9d, 0x19, 0x9d, 0x11, 0x9b, 
	0x11, 0x9b, 0x11, 0x9b, 0x11, 0x9b, 0x11, 0x9b, 
	0x11, 0x5b, 0x19, 0x9b, 0x19, 0x59, 0x19, 0x59, 
	0x19, 0x59, 0x11, 0x59, 0x11, 0x59, 0x11, 0x59, 
	0x11, 0x57, 0x11, 0x57, 0x19, 0x57, 0x19, 0x57, 
	0x11, 0x17, 0x11, 0x17, 0x11, 0x17, 0x21, 0x99, 
	0x21, 0x59, 0x19, 0x55, 0x11, 0x15, 0x11, 0x15, 
	0x19, 0x55, 0x19, 0x57, 0x19, 0x55, 0x21, 0x99, 
	0x19, 0x55, 0x11, 0x15, 0x11, 0x15, 0x19, 0x55, 
	0x11, 0x15, 0x21, 0x97, 0x19, 0x13, 0x19, 0x13, 
	0x19, 0x13, 0x19, 0x15, 0x19, 0x13, 0x19, 0x15, 
	0x19, 0x13, 0x19, 0x15, 0x21, 0x55, 0x11, 0x13, 
	0x11, 0x13, 0x11, 0x13, 0x21, 0x55, 0x19, 0x13, 
	0x11, 0x13, 0x19, 0x55, 0x11, 0x13, 0x11, 0x13, 
	0x19, 0x55, 0x11, 0x13, 0x21, 0x57, 0x19, 0x15, 
	0x11, 0x15, 0x11, 0x15, 0x19, 0x15, 0x19, 0x15, 
	0x21, 0x97, 0x19, 0x55, 0x19, 0x15, 0x19, 0x15, 
	0x19, 0x15, 0x19, 0x15, 0x19, 0x15, 0x11, 0x15, 
	0x11, 0x15, 0x11, 0x15, 0x21, 0x97, 0x11, 0x15, 
	0x11, 0x15, 0x19, 0x55, 0x19, 0x15, 0x19, 0x55, 
	0x11, 0x15, 0x11, 0x15, 0x11, 0x15, 0x11, 0x15, 
	0x29, 0xd9, 0x11, 0x15, 0x11, 0x15, 0x19, 0x55, 
	0x21, 0x97, 0x11, 0x15, 0x19, 0x55, 0x21, 0x99, 
	0x19, 0x57, 0x19, 0x57, 0x3a, 0x5d, 0x11, 0x17, 
	0x11, 0x17, 0x11, 0x17, 0x11, 0x17, 0x19, 0x17, 
	0x19, 0x57, 0x19, 0x17, 0x19, 0x17, 0x21, 0x99, 
	0x19, 0x57, 0x19, 0x59, 0x19, 0x19, 0x19, 0x59, 
	0x19, 0x59, 0x19, 0x17, 0x19, 0x17, 0x19, 0x59, 
	0x21, 0x99, 0x19, 0x17, 0x19, 0x19, 0x19, 0x19, 
	0x19, 0x19, 0x19, 0x19, 0x31, 0xdf, 0x21, 0x5b, 
	0x21, 0x5d, 0x21, 0x5d, 0x29, 0x5d, 0x29, 0x5d, 
	0x29, 0x5f, 0x29, 0x5f, 0x29, 0x5f, 0x31, 0x5f, 
	0x29, 0x5f, 0x31, 0x61, 0x31, 0x61, 0x39, 0xa3, 
	0x31, 0x61, 0x31, 0x61, 0x31, 0x61, 0x31, 0x61, 
	0x31, 0x63, 0x31, 0x63, 0x39, 0x65, 0x52, 0x6b, 
	0x39, 0xa5, 0x41, 0xa5, 0x41, 0xa5, 0x39, 0xa5, 
	0x39, 0xa5, 0x39, 0xa3, 0x39, 0x63, 0x39, 0x63, 
	0x39, 0x63, 0x39, 0x63, 0x39, 0xa5, 0x39, 0xa7, 
	0x39, 0xa7, 0x49, 0xe9, 0x39, 0xa7, 0x41, 0xa7, 
	0x39, 0xa5, 0x39, 0x63, 0x39, 0x63, 0x39, 0x63, 
	0x39, 0x63, 0x39, 0xa3, 0x4a, 0x29, 0x31, 0xa5, 
	0x31, 0x65, 0x31, 0x65, 0x31, 0xa7, 0x39, 0xa7, 
	0x31, 0x65, 0x31, 0x63, 0x31, 0x63, 0x31, 0x63, 
	0x31, 0x63, 0x39, 0x63, 0x31, 0x65, 0x39, 0x65, 
	0x39, 0xa7, 0x39, 0xa7, 0x4a, 0x29, 0x41, 0xe9, 
	0x41, 0xa9, 0x5a, 0x6b, 0x6a, 0xed, 0x49, 0xeb, 
	0x49, 0xeb, 0x41, 0xab, 0x49, 0xa9, 0x41, 0xa9, 
	0x49, 0xab, 0x49, 0xed, 0x51, 0xed, 0x51, 0xef, 
	0x49, 0xed, 0x62, 0xaf, 0x41, 0xab, 0x41, 0xab, 
	0x41, 0xeb, 0x49, 0xeb, 0x49, 0xeb, 0x41, 0xeb, 
	0x41, 0xeb, 0x52, 0x6d, 0x41, 0xed, 0x42, 0x2f, 
	0x41, 0xed, 0x41, 0xed, 0x4a, 0x2f, 0x42, 0x2f, 
	0x52, 0x71, 0x39, 0xeb, 0x39, 0xeb, 0x39, 0xe9, 
	0x39, 0xe9, 0x42, 0x2b, 0x39, 0xe9, 0x39, 0xeb, 
	0x39, 0xeb, 0x31, 0xeb, 0x31, 0xeb, 0x31, 0xeb, 
	0x31, 0xeb, 0x31, 0xeb, 0x31, 0xeb, 0x31, 0xe9, 
	0x29, 0xe7, 0x29, 0xe7, 0x29, 0xe7, 0x21, 0xe5, 
	0x19, 0xa3, 0x19, 0xa1, 0x21, 0xe1, 0x19, 0xe1, 
	0x19, 0xdf, 0x19, 0x9f, 0x19, 0xdd, 0x19, 0xdf, 
	0x11, 0x9d, 0x19, 0x9d, 0x11, 0x9d, 0x19, 0x9d, 
	0x19, 0xdf, 0x19, 0x9f, 0x19, 0x9d, 0x19, 0x9d, 
	0x11, 0x9d, 0x19, 0xdf, 0x2a, 0x21, 0x19, 0x9d, 
	0x19, 0x9d, 0x19, 0xdf, 0x11, 0x9d, 0x19, 0x9d, 
	0x21, 0xdf, 0x2a, 0x21, 0x2a, 0x1f, 0x11, 0x9b, 
	0x11, 0x9b, 0x19, 0x9d, 0x19, 0xdd, 0x11, 0x9b, 
	0x11, 0x9b, 0x11, 0x9b, 0x11, 0x9b, 0x11, 0x9b, 
	0x11, 0x9b, 0x29, 0xdd, 0x19, 0x59, 0x11, 0x59, 
	0x21, 0xdb, 0x19, 0x59, 0x19, 0x59, 0x19, 0x59, 
	0x11, 0x59, 0x11, 0x57, 0x11, 0x17, 0x11, 0x17, 
	0x11, 0x17, 0x19, 0x57, 0x11, 0x17, 0x11, 0x17, 
	0x19, 0x17, 0x11, 0x15, 0x11, 0x15, 0x19, 0x57, 
	0x19, 0x55, 0x19, 0x57, 0x21, 0x57, 0x19, 0x57, 
	0x19, 0x57, 0x21, 0x57, 0x11, 0x15, 0x19, 0x55, 
	0x19, 0x57, 0x19, 0x55, 0x19, 0x15, 0x19, 0x13, 
	0x21, 0x55, 0x11, 0x13, 0x19, 0x55, 0x11, 0x13, 
	0x11, 0x13, 0x21, 0x55, 0x31, 0xd9, 0x11, 0x13, 
	0x11, 0x13, 0x21, 0x55, 0x19, 0x15, 0x19, 0x13, 
	0x19, 0x13, 0x11, 0x13, 0x11, 0x13, 0x11, 0x13, 
	0x19, 0x13, 0x21, 0x55, 0x11, 0x13, 0x11, 0x13, 
	0x11, 0x15, 0x11, 0x15, 0x19, 0x15, 0x19, 0x15, 
	0x19, 0x15, 0x19, 0x15, 0x19, 0x15, 0x19, 0x15, 
	0x11, 0x15, 0x19, 0x15, 0x21, 0x57, 0x11, 0x15, 
	0x11, 0x15, 0x19, 0x55, 0x19, 0x55, 0x11, 0x15, 
	0x11, 0x15, 0x19, 0x55, 0x21, 0x97, 0x19, 0x55, 
	0x19, 0x55, 0x21, 0x57, 0x31, 0xd9, 0x42, 0x9d, 
	0x11, 0x15, 0x11, 0x15, 0x19, 0x55, 0x11, 0x15, 
	0x19, 0x55, 0x11, 0x15, 0x11, 0x15, 0x11, 0x15, 
	0x11, 0x17, 0x11, 0x17, 0x11, 0x17, 0x11, 0x17, 
	0x11, 0x17, 0x11, 0x17, 0x11, 0x17, 0x19, 0x57, 
	0x19, 0x17, 0x19, 0x17, 0x19, 0x17, 0x19, 0x57, 
	0x19, 0x17, 0x19, 0x59, 0x19, 0x19, 0x19, 0x19, 
	0x21, 0x59, 0x21, 0x99, 0x19, 0x17, 0x19, 0x59, 
	0x21, 0x57, 0x19, 0x17, 0x19, 0x19, 0x19, 0x19, 
	0x19, 0x19, 0x19, 0x19, 0x21, 0x5b, 0x21, 0x1b, 
	0x21, 0x5d, 0x29, 0x9f, 0x29, 0x5d, 0x21, 0x5d, 
	0x29, 0x5d, 0x29, 0x5f, 0x29, 0x5f, 0x29, 0x5f, 
	0x31, 0x5f, 0x31, 0x61, 0x39, 0xa3, 0x31, 0x61, 
	0x31, 0x61, 0x29, 0x5f, 0x29, 0x61, 0x31, 0x63, 
	0x31, 0x63, 0x31, 0x63, 0x39, 0x65, 0x39, 0x65, 
	0x39, 0xa5, 0x41, 0xa5, 0x39, 0xa5, 0x39, 0xa5, 
	0x39, 0xa5, 0x52, 0x69, 0x39, 0xa3, 0x41, 0xe5, 
	0x39, 0x63, 0x39, 0x65, 0x39, 0xa5, 0x41, 0xa7, 
	0x41, 0xa7, 0x39, 0xa7, 0x39, 0xa5, 0x39, 0xa5, 
	0x39, 0xa5, 0x39, 0xa3, 0x39, 0x63, 0x39, 0x63, 
	0x41, 0xa5, 0x31, 0x63, 0x31, 0x63, 0x31, 0x63, 
	0x39, 0xa5, 0x39, 0xa7, 0x31, 0xa5, 0x31, 0x65, 
	0x39, 0xa5, 0x39, 0xa5, 0x31, 0x61, 0x39, 0xe5, 
	0x31, 0x63, 0x39, 0x63, 0x39, 0x63, 0x39, 0x65, 
	0x39, 0x65, 0x39, 0xa7, 0x39, 0xa7, 0x39, 0xa7, 
	0x41, 0xa7, 0x41, 0xa9, 0x49, 0xeb, 0x49, 0xad, 
	0x49, 0xed, 0x49, 0xab, 0x49, 0xab, 0x49, 0xeb, 
	0x49, 0xab, 0x49, 0xed, 0x49, 0xed, 0x49, 0xed, 
	0x49, 0xed, 0x49, 0xed, 0x52, 0x2d, 0x49, 0xed, 
	0x49, 0xed, 0x49, 0xed, 0x49, 0xeb, 0x41, 0xa9, 
	0x41, 0xe9, 0x4a, 0x2d, 0x41, 0xeb, 0x41, 0xed, 
	0x42, 0x2f, 0x41, 0xed, 0x41, 0xef, 0x41, 0xef, 
	0x41, 0xed, 0x39, 0xeb, 0x39, 0xe9, 0x39, 0xe9, 
	0x39, 0xe9, 0x4a, 0x6b, 0x39, 0xe9, 0x39, 0xe9, 
	0x42, 0x2d, 0x39, 0xeb, 0x31, 0xeb, 0x31, 0xeb, 
	0x31, 0xeb, 0x39, 0xeb, 0x39, 0xeb, 0x3a, 0x2b, 
	0x31, 0xe9, 0x31, 0xe9, 0x29, 0xa7, 0x21, 0xa7, 
	0x21, 0xa3, 0x19, 0xa1, 0x32, 0x65, 0x19, 0x9f, 
	0x21, 0xe1, 0x19, 0xdf, 0x19, 0x9d, 0x32, 0x63, 
	0x19, 0x9d, 0x11, 0x9d, 0x11, 0x9d, 0x19, 0xdf, 
	0x19, 0x9d, 0x11, 0x9d, 0x19, 0x9f, 0x19, 0x9f, 
	0x19, 0xdf, 0x19, 0x9f, 0x19, 0x9f, 0x19, 0x9f, 
	0x19, 0x9f, 0x19, 0xdf, 0x19, 0x9d, 0x22, 0x1f, 
	0x11, 0x9d, 0x19, 0xdd, 0x19, 0x9d, 0x19, 0x9d, 
	0x32, 0x61, 0x11, 0x9b, 0x19, 0x9d, 0x19, 0xdd, 
	0x11, 0x9b, 0x19, 0x9d, 0x19, 0x9d, 0x11, 0x9b, 
	0x19, 0x9b, 0x11, 0x5b, 0x19, 0x59, 0x19, 0x59, 
	0x19, 0x59, 0x19, 0x59, 0x19, 0x59, 0x19, 0x59, 
	0x11, 0x59, 0x11, 0x57, 0x19, 0x57, 0x11, 0x17, 
	0x11, 0x57, 0x11, 0x17, 0x11, 0x17, 0x11, 0x17, 
	0x19, 0x57, 0x19, 0x55, 0x11, 0x15, 0x11, 0x15, 
	0x19, 0x57, 0x11, 0x15, 0x19, 0x55, 0x19, 0x55, 
	0x19, 0x57, 0x29, 0xd9, 0x11, 0x15, 0x11, 0x15, 
	0x19, 0x55, 0x11, 0x15, 0x11, 0x13, 0x19, 0x15, 
	0x11, 0x13, 0x11, 0x13, 0x11, 0x13, 0x11, 0x13, 
	0x11, 0x13, 0x11, 0x13, 0x11, 0x13, 0x19, 0x13, 
	0x19, 0x13, 0x19, 0x15, 0x11, 0x13, 0x19, 0x15, 
	0x19, 0x13, 0x19, 0x13, 0x19, 0x13, 0x19, 0x13, 
	0x19, 0x13, 0x19, 0x13, 0x19, 0x13, 0x19, 0x15, 
	0x11, 0x15, 0x11, 0x15, 0x19, 0x15, 0x19, 0x15, 
	0x19, 0x15, 0x19, 0x15, 0x19, 0x55, 0x19, 0x15, 
	0x11, 0x15, 0x11, 0x15, 0x21, 0x97, 0x19, 0x55, 
	0x11, 0x15, 0x19, 0x55, 0x19, 0x55, 0x11, 0x15, 
	0x19, 0x55, 0x19, 0x57, 0x29, 0xd9, 0x19, 0x15, 
	0x19, 0x55, 0x19, 0x55, 0x11, 0x15, 0x19, 0x55, 
	0x11, 0x15, 0x11, 0x15, 0x19, 0x55, 0x19, 0x55, 
	0x11, 0x15, 0x19, 0x57, 0x11, 0x15, 0x11, 0x15, 
	0x19, 0x17, 0x11, 0x17, 0x11, 0x57, 0x11, 0x17, 
	0x11, 0x17, 0x11, 0x17, 0x11, 0x17, 0x11, 0x17, 
	0x11, 0x17, 0x19, 0x57, 0x19, 0x17, 0x19, 0x17, 
	0x19, 0x17, 0x19, 0x19, 0x19, 0x19, 0x19, 0x17, 
	0x19, 0x17, 0x29, 0x9b, 0x21, 0x9b, 0x42, 0x61, 
	0x21, 0x99, 0x19, 0x17, 0x19, 0x17, 0x19, 0x19, 
	0x21, 0x19, 0x21, 0x19, 0x21, 0x5b, 0x21, 0x1b, 
	0x21, 0x1b, 0x29, 0x9f, 0x29, 0x5d, 0x31, 0x9f, 
	0x29, 0x5d, 0x29, 0x5d, 0x31, 0x5f, 0x29, 0x5f, 
	0x29, 0x5f, 0x31, 0x5f, 0x52, 0x67, 0x29, 0x5f, 
	0x4a, 0x67, 0x31, 0x61, 0x31, 0x63, 0x41, 0xa5, 
	0x41, 0xe7, 0x31, 0x65, 0x39, 0x65, 0x39, 0x65, 
	0x62, 0xeb, 0x5a, 0xa9, 0x41, 0xa5, 0x41, 0xa5, 
	0x39, 0xa5, 0x39, 0xa5, 0x39, 0xa3, 0x39, 0xa3, 
	0x39, 0x63, 0x49, 0xe7, 0x39, 0xa5, 0x39, 0xa7, 
	0x41, 0xa7, 0x41, 0xa7, 0x41, 0xe7, 0x39, 0xa5, 
	0x52, 0x29, 0x39, 0xa5, 0x39, 0xa5, 0x39, 0x63, 
	0x39, 0x63, 0x39, 0x63, 0x31, 0x63, 0x31, 0x63, 
	0x41, 0xe7, 0x31, 0x65, 0x31, 0x65, 0x31, 0xa5, 
	0x31, 0xa5, 0x4a, 0x67, 0x31, 0x61, 0x31, 0x61, 
	0x31, 0x61, 0x39, 0xa3, 0x39, 0x63, 0x41, 0xa5, 
	0x39, 0xa5, 0x39, 0x65, 0x39, 0xa7, 0x41, 0xa9, 
	0x41, 0xa7, 0x41, 0xa7, 0x49, 0xeb, 0x49, 0xad, 
	0x49, 0xed, 0x49, 0xed, 0x49, 0xeb, 0x49, 0xeb, 
	0x49, 0xab, 0x51, 0xed, 0x49, 0xed, 0x49, 0xed, 
	0x49, 0xad, 0x49, 0xed, 0x52, 0x2f, 0x49, 0xed, 
	0x41, 0xed, 0x49, 0xed, 0x41, 0xa9, 0x41, 0xa9, 
	0x41, 0xa9, 0x41, 0xeb, 0x41, 0xeb, 0x41, 0xed, 
	0x4a, 0x31, 0x42, 0x2f, 0x4a, 0x2f, 0x4a, 0x31, 
	0x42, 0x2d, 0x41, 0xeb, 0x39, 0xe9, 0x39, 0xe9, 
	0x39, 0xe9, 0x39, 0xe9, 0x39, 0xe9, 0x39, 0xeb, 
	0x39, 0xeb, 0x39, 0xeb, 0x31, 0xeb, 0x31, 0xeb, 
	0x39, 0xeb, 0x39, 0xed, 0x39, 0xed, 0x39, 0xeb, 
	0x39, 0xeb, 0x31, 0xeb, 0x31, 0xa9, 0x21, 0xa7, 
	0x21, 0xa5, 0x19, 0xe3, 0x19, 0xa1, 0x19, 0x9f, 
	0x19, 0x9f, 0x19, 0x9f, 0x19, 0x9f, 0x19, 0x9f, 
	0x19, 0xdf, 0x11, 0x9d, 0x19, 0x9f, 0x2a, 0x63, 
	0x19, 0x9d, 0x19, 0x9d, 0x19, 0x9f, 0x19, 0x9f, 
	0x19, 0x9f, 0x19, 0x9f, 0x19, 0x9f, 0x19, 0x9f, 
	0x19, 0x9f, 0x19, 0x9f, 0x19, 0x9d, 0x21, 0xdf, 
	0x19, 0x9d, 0x19, 0x9d, 0x19, 0x9d, 0x11, 0x9d, 
	0x11, 0x9b, 0x11, 0x9b, 0x19, 0x9b, 0x19, 0x9d, 
	0x11, 0x9b, 0x19, 0x9b, 0x32, 0x63, 0x11, 0x9b, 
	0x11, 0x9b, 0x11, 0x5b, 0x19, 0x9b, 0x11, 0x59, 
	0x11, 0x59, 0x11, 0x59, 0x11, 0x59, 0x19, 0x59, 
	0x19, 0x59, 0x19, 0x59, 0x19, 0x59, 0x19, 0x59, 
	0x19, 0x57, 0x19, 0x57, 0x11, 0x17, 0x19, 0x57, 
	0x19, 0x57, 0x19, 0x57, 0x19, 0x55, 0x21, 0x97, 
	0x19, 0x55, 0x11, 0x15, 0x19, 0x55, 0x19, 0x55, 
	0x11, 0x15, 0x11, 0x15, 0x19, 0x55, 0x19, 0x55, 
	0x11, 0x15, 0x11, 0x55, 0x11, 0x15, 0x11, 0x15, 
	0x19, 0x15, 0x11, 0x15, 0x11, 0x13, 0x11, 0x13, 
	0x11, 0x13, 0x11, 0x13, 0x19, 0x15, 0x21, 0x97, 
	0x19, 0x15, 0x19, 0x15, 0x19, 0x15, 0x19, 0x15, 
	0x11, 0x15, 0x11, 0x15, 0x19, 0x15, 0x11, 0x13, 
	0x11, 0x13, 0x19, 0x15, 0x11, 0x15, 0x31, 0xd9, 
	0x21, 0x57, 0x19, 0x15, 0x19, 0x15, 0x19, 0x55, 
	0x19, 0x15, 0x19, 0x15, 0x19, 0x15, 0x19, 0x15, 
	0x19, 0x15, 0x19, 0x15, 0x19, 0x55, 0x19, 0x55, 
	0x19, 0x55, 0x11, 0x15, 0x11, 0x15, 0x11, 0x15, 
	0x11, 0x15, 0x19, 0x55, 0x21, 0x97, 0x21, 0x57, 
	0x21, 0x57, 0x29, 0xd9, 0x19, 0x57, 0x21, 0x97, 
	0x21, 0x97, 0x11, 0x15, 0x11, 0x15, 0x21, 0x57, 
	0x11, 0x15, 0x21, 0x97, 0x19, 0x57, 0x19, 0x55, 
	0x19, 0x17, 0x19, 0x17, 0x11, 0x17, 0x11, 0x17, 
	0x11, 0x17, 0x11, 0x17, 0x11, 0x17, 0x11, 0x17, 
	0x19, 0x57, 0x21, 0x99, 0x19, 0x17, 0x19, 0x17, 
	0x19, 0x17, 0x19, 0x17, 0x19, 0x17, 0x19, 0x17, 
	0x19, 0x57, 0x19, 0x57, 0x19, 0x19, 0x19, 0x59, 
	0x19, 0x57, 0x19, 0x57, 0x19, 0x17, 0x19, 0x19, 
	0x21, 0x59, 0x21, 0x19, 0x21, 0x19, 0x21, 0x19, 
	0x21, 0x1b, 0x29, 0x5d, 0x21, 0x5d, 0x29, 0x5d, 
	0x29, 0x5d, 0x29, 0x5d, 0x29, 0x5f, 0x31, 0x9f, 
	0x29, 0x5f, 0x31, 0x5f, 0x31, 0x5f, 0x29, 0x5f, 
	0x39, 0xa1, 0x31, 0xa1, 0x31, 0x61, 0x31, 0x63, 
	0x39, 0x65, 0x4a, 0x29, 0x39, 0x65, 0x39, 0x65, 
	0x41, 0xa5, 0x41, 0xa5, 0x41, 0xa5, 0x39, 0xa5, 
	0x39, 0xa5, 0x39, 0xa5, 0x39, 0x63, 0x39, 0x63, 
	0x39, 0x63, 0x41, 0xa5, 0x39, 0xa5, 0x39, 0xa5, 
	0x39, 0xa7, 0x41, 0xa7, 0x41, 0xe7, 0x39, 0xa5, 
	0x39, 0xa5, 0x39, 0xa5, 0x39, 0xa3, 0x39, 0xa3, 
	0x41, 0xa5, 0x39, 0x63, 0x31, 0x61, 0x31, 0x63, 
	0x4a, 0x27, 0x31, 0xa5, 0x29, 0x61, 0x31, 0x61, 
	0x31, 0x61, 0x29, 0x61, 0x31, 0x61, 0x31, 0x61, 
	0x31, 0x61, 0x39, 0xa3, 0x39, 0xa3, 0x39, 0x63, 
	0x39, 0x65, 0x39, 0x65, 0x39, 0xa7, 0x41, 0xa9, 
	0x41, 0xa9, 0x49, 0xeb, 0x41, 0xa9, 0x49, 0xed, 
	0x49, 0xed, 0x49, 0xed, 0x49, 0xeb, 0x49, 0xeb, 
	0x49, 0xa9, 0x49, 0xab, 0x49, 0xab, 0x49, 0xab, 
	0x41, 0xab, 0x49, 0xeb, 0x49, 0xeb, 0x41, 0xeb, 
	0x41, 0xab, 0x49, 0xed, 0x39, 0xa9, 0x39, 0xa9, 
	0x41, 0xa9, 0x41, 0xed, 0x49, 0xed, 0x41, 0xed, 
	0x41, 0xed, 0x42, 0x2f, 0x42, 0x2f, 0x4a, 0x2f, 
	0x42, 0x2d, 0x42, 0x2b, 0x42, 0x2b, 0x41, 0xe9, 
	0x39, 0xe9, 0x39, 0xe9, 0x39, 0xeb, 0x39, 0xeb, 
	0x39, 0xeb, 0x39, 0xeb, 0x39, 0xeb, 0x31, 0xeb, 
	0x39, 0xeb, 0x39, 0xed, 0x39, 0xed, 0x39, 0xeb, 
	0x31, 0xeb, 0x39, 0xe9, 0x31, 0xe7, 0x29, 0xe5, 
	0x21, 0xe3, 0x19, 0xa3, 0x21, 0xe3, 0x19, 0xa1, 
	0x19, 0xe1, 0x19, 0x9f, 0x19, 0xe1, 0x19, 0xdf, 
	0x19, 0x9f, 0x19, 0xdf, 0x19, 0xdf, 0x19, 0x9d, 
	0x19, 0x9f, 0x19, 0x9f, 0x19, 0x9f, 0x21, 0xe1, 
	0x19, 0xa1, 0x19, 0xa1, 0x19, 0x9f, 0x19, 0x9f, 
	0x19, 0x9f, 0x19, 0x9f, 0x19, 0x9f, 0x19, 0x9d, 
	0x11, 0x9d, 0x11, 0x9d, 0x11, 0x9d, 0x11, 0x9d, 
	0x19, 0x9d, 0x11, 0x9b, 0x19, 0x9d, 0x11, 0x9b, 
	0x11, 0x9b, 0x11, 0x9b, 0x19, 0x9d, 0x11, 0x9b, 
	0x11, 0x9b, 0x29, 0xdd, 0x21, 0xdb, 0x11, 0x59, 
	0x11, 0x59, 0x11, 0x59, 0x11, 0x59, 0x19, 0x59, 
	0x19, 0x59, 0x19, 0x59, 0x19, 0x59, 0x19, 0x59, 
	0x19, 0x57, 0x21, 0x99, 0x11, 0x17, 0x19, 0x57, 
	0x19, 0x17, 0x19, 0x57, 0x11, 0x15, 0x19, 0x55, 
	0x11, 0x15, 0x19, 0x55, 0x19, 0x55, 0x21, 0x99, 
	0x19, 0x55, 0x11, 0x15, 0x11, 0x15, 0x19, 0x55, 
	0x11, 0x15, 0x19, 0x55, 0x21, 0x97, 0x19, 0x55, 
	0x19, 0x55, 0x11, 0x15, 0x11, 0x15, 0x11, 0x13, 
	0x11, 0x13, 0x11, 0x13, 0x11, 0x15, 0x21, 0x57, 
	0x11, 0x15, 0x19, 0x15, 0x19, 0x15, 0x19, 0x15, 
	0x19, 0x15, 0x19, 0x55, 0x19, 0x55, 0x11, 0x13, 
	0x11, 0x13, 0x19, 0x55, 0x11, 0x15, 0x21, 0x55, 
	0x21, 0x97, 0x19, 0x55, 0x19, 0x15, 0x19, 0x15, 
	0x19, 0x15, 0x19, 0x15, 0x21, 0x57, 0x21, 0x57, 
	0x19, 0x55, 0x19, 0x15, 0x19, 0x15, 0x19, 0x15, 
	0x11, 0x15, 0x11, 0x15, 0x11, 0x15, 0x11, 0x15, 
	0x11, 0x15, 0x11, 0x15, 0x11, 0x15, 0x19, 0x57, 
	0x19, 0x55, 0x19, 0x55, 0x19, 0x55, 0x21, 0x97, 
	0x11, 0x15, 0x11, 0x15, 0x11, 0x15, 0x11, 0x15, 
	0x11, 0x15, 0x19, 0x55, 0x29, 0xd9, 0x42, 0x9d, 
	0x19, 0x15, 0x19, 0x15, 0x11, 0x17, 0x11, 0x17, 
	0x11, 0x17, 0x11, 0x17, 0x19, 0x57, 0x11, 0x17, 
	0x11, 0x17, 0x19, 0x57, 0x19, 0x17, 0x19, 0x17, 
	0x19, 0x57, 0x19, 0x17, 0x19, 0x17, 0x19, 0x17, 
	0x19, 0x17, 0x19, 0x17, 0x19, 0x19, 0x19, 0x59, 
	0x19, 0x57, 0x19, 0x17, 0x19, 0x17, 0x19, 0x19, 
	0x21, 0x19, 0x21, 0x59, 0x21, 0x19, 0x21, 0x19, 
	0x21, 0x19, 0x21, 0x5b, 0x31, 0x9f, 0x29, 0x5d, 
	0x31, 0x5f, 0x29, 0x5d, 0x29, 0x5d, 0x29, 0x5d, 
	0x29, 0x5f, 0x29, 0x5f, 0x29, 0x1d, 0x29, 0x5f, 
	0x31, 0x5f, 0x31, 0x5f, 0x29, 0x61, 0x31, 0x63, 
	0x39, 0xa5, 0x4a, 0x29, 0x39, 0x65, 0x39, 0x65, 
	0x41, 0xa5, 0x49, 0xe7, 0x41, 0xa5, 0x39, 0xa5, 
	0x39, 0xa5, 0x39, 0xa5, 0x39, 0xa3, 0x39, 0x63, 
	0x39, 0x63, 0x39, 0xa3, 0x39, 0xa5, 0x39, 0xa5, 
	0x41, 0xa7, 0x41, 0xe7, 0x41, 0xa5, 0x5a, 0x69, 
	0x39, 0xa3, 0x39, 0xa5, 0x39, 0xa5, 0x39, 0x63, 
	0x39, 0x63, 0x39, 0x63, 0x31, 0x61, 0x39, 0xa3, 
	0x39, 0x63, 0x39, 0xa5, 0x29, 0x61, 0x31, 0x61, 
	0x31, 0x61, 0x31, 0x61, 0x31, 0x61, 0x31, 0x61, 
	0x39, 0xa3, 0x31, 0x61, 0x31, 0x63, 0x31, 0x63, 
	0x39, 0x65, 0x39, 0xa5, 0x39, 0x67, 0x39, 0xa7, 
	0x41, 0xa9, 0x49, 0xeb, 0x49, 0xa9, 0x41, 0xab, 
	0x41, 0xab, 0x49, 0xeb, 0x49, 0xeb, 0x41, 0xa9, 
	0x49, 0xa9, 0x41, 0xa9, 0x41, 0xab, 0x41, 0xa9, 
	0x41, 0xa9, 0x41, 0xa9, 0x41, 0xa9, 0x41, 0xab, 
	0x41, 0xab, 0x41, 0xa9, 0x39, 0xa9, 0x39, 0xa9, 
	0x41, 0xeb, 0x41, 0xed, 0x4a, 0x2f, 0x5a, 0xb1, 
	0x4a, 0x2d, 0x5a, 0xb1, 0x42, 0x2d, 0x42, 0x2d, 
	0x52, 0x71, 0x42, 0x2d, 0x42, 0x2b, 0x52, 0xad, 
	0x39, 0xe9, 0x39, 0xe9, 0x4a, 0x6f, 0x39, 0xeb, 
	0x39, 0xeb, 0x39, 0xeb, 0x39, 0xed, 0x39, 0xeb, 
	0x39, 0xed, 0x39, 0xed, 0x39, 0xeb, 0x42, 0x6d, 
	0x39, 0xeb, 0x39, 0xe9, 0x31, 0xe9, 0x29, 0xe5, 
	0x21, 0xe3, 0x21, 0xe3, 0x21, 0xe3, 0x19, 0xe3, 
	0x19, 0xa1, 0x19, 0xe1, 0x21, 0xe1, 0x19, 0xe1, 
	0x19, 0xdf, 0x19, 0x9f, 0x19, 0xdf, 0x11, 0x9d, 
	0x19, 0x9f, 0x19, 0xa1, 0x19, 0xa1, 0x19, 0xa1, 
	0x19, 0xa1, 0x19, 0xa1, 0x2a, 0x23, 0x21, 0xdf, 
	0x19, 0x9f, 0x19, 0xa1, 0x19, 0x9f, 0x19, 0x9d, 
	0x11, 0x9d, 0x19, 0x9d, 0x11, 0x9d, 0x11, 0x9d, 
	0x19, 0x9d, 0x19, 0x9d, 0x19, 0x9d, 0x11, 0x9b, 
	0x19, 0x9b, 0x11, 0x9b, 0x11, 0x9b, 0x19, 0x9d, 
	0x19, 0x9d, 0x11, 0x5b, 0x11, 0x59, 0x11, 0x59, 
	0x11, 0x59, 0x11, 0x59, 0x19, 0x9b, 0x19, 0x59, 
	0x19, 0x59, 0x19, 0x59, 0x19, 0x59, 0x19, 0x59, 
	0x19, 0x59, 0x19, 0x59, 0x19, 0x57, 0x11, 0x17, 
	0x19, 0x17, 0x11, 0x15, 0x11, 0x15, 0x11, 0x15, 
	0x19, 0x55, 0x42, 0x5d, 0x11, 0x15, 0x19, 0x55, 
	0x19, 0x55, 0x11, 0x15, 0x19, 0x55, 0x19, 0x55, 
	0x11, 0x15, 0x11, 0x15, 0x11, 0x55, 0x21, 0x97, 
	0x21, 0x57, 0x11, 0x15, 0x11, 0x15, 0x11, 0x15, 
	0x11, 0x15, 0x11, 0x15, 0x11, 0x15, 0x11, 0x15, 
	0x19, 0x15, 0x19, 0x15, 0x19, 0x15, 0x19, 0x15, 
	0x19, 0x55, 0x19, 0x15, 0x11, 0x15, 0x11, 0x15, 
	0x11, 0x15, 0x31, 0xd9, 0x19, 0x15, 0x11, 0x15, 
	0x19, 0x15, 0x19, 0x55, 0x19, 0x15, 0x19, 0x15, 
	0x19, 0x55, 0x19, 0x15, 0x19, 0x55, 0x19, 0x55, 
	0x19, 0x55, 0x19, 0x15, 0x19, 0x55, 0x19, 0x15, 
	0x11, 0x15, 0x11, 0x15, 0x11, 0x15, 0x11, 0x15, 
	0x11, 0x15, 0x19, 0x55, 0x19, 0x55, 0x19, 0x55, 
	0x21, 0x97, 0x19, 0x55, 0x11, 0x15, 0x11, 0x15, 
	0x19, 0x55, 0x21, 0x97, 0x19, 0x55, 0x11, 0x15, 
	0x11, 0x15, 0x19, 0x15, 0x19, 0x15, 0x21, 0x97, 
	0x19, 0x15, 0x19, 0x15, 0x11, 0x17, 0x11, 0x17, 
	0x11, 0x17, 0x11, 0x17, 0x11, 0x17, 0x11, 0x17, 
	0x11, 0x17, 0x11, 0x17, 0x11, 0x17, 0x19, 0x17, 
	0x21, 0x59, 0x21, 0x99, 0x19, 0x17, 0x19, 0x17, 
	0x19, 0x57, 0x19, 0x17, 0x19, 0x17, 0x19, 0x57, 
	0x19, 0x57, 0x19, 0x17, 0x19, 0x17, 0x21, 0x59, 
	0x21, 0x59, 0x21, 0x5b, 0x21, 0x19, 0x21, 0x19, 
	0x21, 0x19, 0x21, 0x5b, 0x21, 0x5d, 0x29, 0x5d, 
	0x29, 0x5d, 0x29, 0x1d, 0x29, 0x5d, 0x42, 0x23, 
	0x29, 0x1d, 0x29, 0x5d, 0x4a, 0x65, 0x29, 0x5f, 
	0x31, 0x5f, 0x29, 0x1f, 0x31, 0x61, 0x31, 0x61, 
	0x31, 0x63, 0x39, 0x63, 0x39, 0x65, 0x41, 0xa5, 
	0x41, 0xa5, 0x41, 0xa5, 0x41, 0xa5, 0x41, 0xa5, 
	0x41, 0xa5, 0x39, 0xa5, 0x39, 0xa3, 0x39, 0x63, 
	0x39, 0x63, 0x39, 0xa3, 0x39, 0xa5, 0x39, 0xa5, 
	0x39, 0x65, 0x39, 0xa5, 0x39, 0xa5, 0x41, 0xa5, 
	0x39, 0x63, 0x39, 0x63, 0x41, 0xa5, 0x39, 0x63, 
	0x39, 0x63, 0x41, 0xe5, 0x39, 0xa3, 0x39, 0xa3, 
	0x39, 0xa3, 0x31, 0x61, 0x31, 0xa1, 0x29, 0x61, 
	0x29, 0x61, 0x29, 0x61, 0x31, 0x61, 0x31, 0x61, 
	0x31, 0x61, 0x31, 0x63, 0x31, 0x63, 0x31, 0x63, 
	0x39, 0xa5, 0x52, 0x29, 0x41, 0xa7, 0x39, 0xa7, 
	0x41, 0xab, 0x41, 0xab, 0x49, 0xeb, 0x41, 0xa9, 
	0x41, 0xa9, 0x41, 0xa9, 0x41, 0xa9, 0x41, 0xa9, 
	0x41, 0xa9, 0x41, 0xa9, 0x41, 0xa9, 0x41, 0xa9, 
	0x41, 0xa9, 0x41, 0xa9, 0x41, 0xa9, 0x41, 0xab, 
	0x41, 0xeb, 0x41, 0xa9, 0x41, 0xa9, 0x41, 0xe9, 
	0x41, 0xe9, 0x41, 0xeb, 0x41, 0xeb, 0x41, 0xed, 
	0x41, 0xed, 0x41, 0xed, 0x41, 0xed, 0x41, 0xed, 
	0x4a, 0x2d, 0x4a, 0x2d, 0x41, 0xeb, 0x41, 0xe9, 
	0x41, 0xe9, 0x42, 0x2b, 0x39, 0xeb, 0x39, 0xeb, 
	0x39, 0xeb, 0x3a, 0x2d, 0x3a, 0x2d, 0x39, 0xeb, 
	0x39, 0xeb, 0x4a, 0x6d, 0x31, 0xeb, 0x42, 0x2b, 
	0x39, 0xeb, 0x31, 0xeb, 0x31, 0xe9, 0x29, 0xe5, 
	0x21, 0xe3, 0x21, 0xe3, 0x21, 0xe5, 0x21, 0xe3, 
	0x19, 0xe3, 0x19, 0xa1, 0x21, 0xe1, 0x19, 0x9f, 
	0x19, 0xa1, 0x19, 0x9f, 0x19, 0x9f, 0x19, 0x9f, 
	0x19, 0x9f, 0x21, 0xe3, 0x21, 0xe3, 0x19, 0xa1, 
	0x19, 0xa3, 0x19, 0xa3, 0x19, 0xe1, 0x19, 0x9f, 
	0x3a, 0xa5, 0x19, 0x9f, 0x19, 0x9f, 0x19, 0x9d, 
	0x19, 0x9d, 0x19, 0x9d, 0x19, 0x9d, 0x19, 0xdd, 
	0x19, 0x9d, 0x11, 0x9b, 0x11, 0x9b, 0x11, 0x9b, 
	0x11, 0x9b, 0x11, 0x9b, 0x19, 0xdd, 0x11, 0x9b, 
	0x19, 0x9b, 0x19, 0x9b, 0x11, 0x59, 0x11, 0x59, 
	0x11, 0x59, 0x19, 0x99, 0x19, 0x9b, 0x11, 0x59, 
	0x19, 0x59, 0x11, 0x59, 0x19, 0x59, 0x19, 0x59, 
	0x19, 0x57, 0x19, 0x57, 0x19, 0x57, 0x19, 0x57, 
	0x19, 0x17, 0x11, 0x15, 0x19, 0x55, 0x19, 0x55, 
	0x19, 0x15, 0x19, 0x55, 0x19, 0x55, 0x11, 0x15, 
	0x29, 0xd9, 0x19, 0x55, 0x11, 0x15, 0x19, 0x57, 
	0x21, 0x57, 0x11, 0x15, 0x19, 0x55, 0x19, 0x15, 
	0x19, 0x15, 0x19, 0x15, 0x11, 0x15, 0x21, 0x97, 
	0x21, 0x57, 0x11, 0x15, 0x11, 0x15, 0x19, 0x15, 
	0x19, 0x15, 0x19, 0x15, 0x19, 0x15, 0x21, 0x97, 
	0x19, 0x55, 0x11, 0x15, 0x11, 0x15, 0x11, 0x15, 
	0x11, 0x15, 0x29, 0xd9, 0x21, 0x97, 0x19, 0x55, 
	0x19, 0x55, 0x19, 0x55, 0x19, 0x15, 0x19, 0x15, 
	0x21, 0x55, 0x19, 0x55, 0x21, 0x97, 0x19, 0x15, 
	0x19, 0x15, 0x19, 0x55, 0x19, 0x15, 0x21, 0x97, 
	0x11, 0x15, 0x11, 0x15, 0x19, 0x55, 0x21, 0x57, 
	0x19, 0x55, 0x19, 0x55, 0x19, 0x57, 0x11, 0x15, 
	0x11, 0x15, 0x11, 0x15, 0x11, 0x15, 0x11, 0x55, 
	0x19, 0x55, 0x11, 0x15, 0x11, 0x15, 0x11, 0x15, 
	0x11, 0x15, 0x19, 0x55, 0x19, 0x15, 0x19, 0x15, 
	0x11, 0x15, 0x11, 0x15, 0x11, 0x17, 0x19, 0x17, 
	0x19, 0x17, 0x11, 0x57, 0x11, 0x57, 0x11, 0x17, 
	0x21, 0x99, 0x29, 0x9b, 0x19, 0x57, 0x19, 0x17, 
	0x19, 0x17, 0x19, 0x57, 0x19, 0x57, 0x19, 0x15, 
	0x19, 0x15, 0x19, 0x59, 0x19, 0x17, 0x21, 0x99, 
	0x19, 0x17, 0x21, 0x59, 0x19, 0x17, 0x19, 0x17, 
	0x21, 0x59, 0x21, 0x19, 0x29, 0x5b, 0x21, 0x19, 
	0x21, 0x19, 0x21, 0x1b, 0x29, 0x5d, 0x21, 0x1d, 
	0x21, 0x1b, 0x21, 0x1b, 0x31, 0x9f, 0x31, 0x9f, 
	0x29, 0x1d, 0x29, 0x1d, 0x29, 0x5d, 0x31, 0x9f, 
	0x31, 0x5f, 0x31, 0x5d, 0x31, 0x61, 0x31, 0x61, 
	0x39, 0x61, 0x39, 0x63, 0x41, 0xe5, 0x39, 0x63, 
	0x41, 0xa5, 0x39, 0xa3, 0x39, 0xa3, 0x41, 0xa3, 
	0x41, 0xa5, 0x39, 0x63, 0x4a, 0x27, 0x39, 0xa3, 
	0x39, 0x63, 0x39, 0xa5, 0x4a, 0x27, 0x52, 0x69, 
	0x39, 0xa5, 0x39, 0xa5, 0x39, 0xa5, 0x39, 0x63, 
	0x39, 0x63, 0x39, 0x63, 0x39, 0x63, 0x39, 0x61, 
	0x39, 0x61, 0x39, 0xa3, 0x39, 0xa3, 0x31, 0x61, 
	0x29, 0x5f, 0x31, 0x61, 0x29, 0x61, 0x39, 0xe5, 
	0x4a, 0x67, 0x29, 0x61, 0x4a, 0x27, 0x31, 0x61, 
	0x31, 0x63, 0x31, 0x63, 0x52, 0x69, 0x39, 0x63, 
	0x31, 0x63, 0x39, 0x65, 0x39, 0xa5, 0x39, 0xa7, 
	0x41, 0xe9, 0x41, 0xa9, 0x41, 0xa9, 0x52, 0x2d, 
	0x41, 0xa7, 0x41, 0xa9, 0x41, 0xa9, 0x49, 0xe9, 
	0x41, 0xa9, 0x49, 0xeb, 0x41, 0xa9, 0x49, 0xeb, 
	0x41, 0xe9, 0x41, 0xa9, 0x41, 0xa9, 0x41, 0xab, 
	0x4a, 0x2d, 0x49, 0xeb, 0x41, 0xa9, 0x41, 0xe9, 
	0x41, 0xa9, 0x52, 0x6d, 0x41, 0xeb, 0x41, 0xed, 
	0x42, 0x2d, 0x41, 0xed, 0x4a, 0x2d, 0x49, 0xed, 
	0x41, 0xeb, 0x41, 0xeb, 0x41, 0xeb, 0x41, 0xeb, 
	0x41, 0xeb, 0x42, 0x2d, 0x3a, 0x2d, 0x3a, 0x2d, 
	0x3a, 0x2d, 0x39, 0xed, 0x39, 0xeb, 0x39, 0xeb, 
	0x42, 0x2d, 0x42, 0x2d, 0x39, 0xeb, 0x39, 0xeb, 
	0x31, 0xe9, 0x31, 0xe9, 0x31, 0xe9, 0x29, 0xa5, 
	0x29, 0xa5, 0x21, 0xa3, 0x21, 0xe3, 0x21, 0xe3, 
	0x21, 0xe3, 0x19, 0xe3, 0x22, 0x23, 0x19, 0xe1, 
	0x19, 0x9f, 0x19, 0xdf, 0x19, 0x9f, 0x19, 0xdf, 
	0x21, 0xe1, 0x21, 0xe3, 0x21, 0xe3, 0x19, 0xa3, 
	0x19, 0xa1, 0x19, 0xa1, 0x19, 0xa1, 0x19, 0x9f, 
	0x19, 0x9d, 0x19, 0x9f, 0x11, 0x9d, 0x11, 0x9d, 
	0x11, 0x9d, 0x19, 0x9d, 0x19, 0x9d, 0x11, 0x9d, 
	0x11, 0x9b, 0x11, 0x9b, 0x11, 0x9b, 0x11, 0x9b, 
	0x11, 0x9b, 0x11, 0x9b, 0x11, 0x9b, 0x11, 0x9b, 
	0x11, 0x9b, 0x19, 0x9b, 0x11, 0x59, 0x11, 0x59, 
	0x19, 0x9b, 0x11, 0x99, 0x11, 0x59, 0x11, 0x59, 
	0x11, 0x59, 0x19, 0x59, 0x29, 0xdb, 0x19, 0x59, 
	0x19, 0x59, 0x3a, 0x5f, 0x19, 0x57, 0x19, 0x57, 
	0x19, 0x17, 0x11, 0x15, 0x11, 0x15, 0x11, 0x15, 
	0x19, 0x55, 0x19, 0x55, 0x11, 0x15, 0x11, 0x15, 
	0x19, 0x55, 0x11, 0x15, 0x11, 0x15, 0x19, 0x57, 
	0x32, 0x1b, 0x19, 0x55, 0x11, 0x15, 0x19, 0x15, 
	0x19, 0x15, 0x21, 0x57, 0x21, 0x57, 0x19, 0x55, 
	0x11, 0x15, 0x11, 0x15, 0x11, 0x15, 0x19, 0x15, 
	0x19, 0x15, 0x19, 0x15, 0x19, 0x15, 0x11, 0x15, 
	0x11, 0x15, 0x11, 0x15, 0x11, 0x15, 0x19, 0x55, 
	0x19, 0x55, 0x11, 0x15, 0x11, 0x15, 0x11, 0x15, 
	0x19, 0x55, 0x19, 0x15, 0x19, 0x15, 0x19, 0x15, 
	0x21, 0x57, 0x21, 0x97, 0x19, 0x55, 0x19, 0x15, 
	0x19, 0x15, 0x19, 0x15, 0x19, 0x15, 0x19, 0x15, 
	0x11, 0x15, 0x11, 0x15, 0x11, 0x15, 0x21, 0x57, 
	0x11, 0x15, 0x11, 0x15, 0x11, 0x15, 0x11, 0x15, 
	0x11, 0x15, 0x11, 0x15, 0x11, 0x15, 0x11, 0x15, 
	0x11, 0x15, 0x11, 0x15, 0x29, 0x99, 0x32, 0x1b, 
	0x29, 0xd9, 0x19, 0x15, 0x19, 0x15, 0x19, 0x15, 
	0x11, 0x15, 0x11, 0x15, 0x11, 0x17, 0x19, 0x17, 
	0x19, 0x17, 0x11, 0x57, 0x11, 0x57, 0x11, 0x17, 
	0x21, 0x59, 0x19, 0x57, 0x11, 0x17, 0x19, 0x57, 
	0x19, 0x17, 0x19, 0x17, 0x19, 0x17, 0x19, 0x15, 
	0x19, 0x15, 0x19, 0x17, 0x21, 0x59, 0x19, 0x17, 
	0x19, 0x57, 0x19, 0x17, 0x19, 0x17, 0x19, 0x17, 
	0x19, 0x19, 0x21, 0x59, 0x21, 0x19, 0x21, 0x19, 
	0x21, 0x5b, 0x21, 0x1b, 0x21, 0x5d, 0x21, 0x1b, 
	0x21, 0x1b, 0x21, 0x1b, 0x21, 0x1b, 0x29, 0x1d, 
	0x29, 0x5d, 0x29, 0x1d, 0x29, 0x5d, 0x29, 0x5d, 
	0x29, 0x5d, 0x29, 0x5d, 0x31, 0x5f, 0x31, 0x5f, 
	0x31, 0x5f, 0x39, 0x61, 0x39, 0x61, 0x39, 0x61, 
	0x39, 0x61, 0x39, 0x61, 0x39, 0x61, 0x41, 0xa3, 
	0x39, 0xa3, 0x39, 0x61, 0x41, 0xe5, 0x39, 0xa3, 
	0x39, 0xa3, 0x39, 0xa5, 0x41, 0xe5, 0x4a, 0x27, 
	0x39, 0x65, 0x31, 0x65, 0x31, 0x63, 0x31, 0x63, 
	0x31, 0x63, 0x31, 0x61, 0x39, 0xa3, 0x31, 0x61, 
	0x31, 0x61, 0x31, 0x61, 0x31, 0x61, 0x31, 0xa1, 
	0x29, 0x5f, 0x29, 0x61, 0x29, 0x61, 0x29, 0x61, 
	0x29, 0x61, 0x31, 0xa3, 0x29, 0x61, 0x31, 0x61, 
	0x31, 0x63, 0x31, 0x63, 0x31, 0x63, 0x39, 0xa5, 
	0x39, 0xa3, 0x39, 0x63, 0x31, 0x65, 0x39, 0xa7, 
	0x39, 0xa7, 0x41, 0xe9, 0x39, 0xa9, 0x39, 0xa7, 
	0x41, 0xa7, 0x41, 0xa7, 0x41, 0xa7, 0x41, 0xa7, 
	0x41, 0xa7, 0x51, 0xeb, 0x41, 0xa9, 0x49, 0xe9, 
	0x41, 0xa7, 0x41, 0xa7, 0x41, 0xa9, 0x41, 0xe9, 
	0x41, 0xa9, 0x41, 0xab, 0x41, 0xe9, 0x39, 0xa9, 
	0x41, 0xe9, 0x41, 0xeb, 0x41, 0xeb, 0x41, 0xed, 
	0x49, 0xed, 0x41, 0xed, 0x49, 0xed, 0x49, 0xeb, 
	0x41, 0xeb, 0x41, 0xeb, 0x41, 0xeb, 0x4a, 0x2d, 
	0x42, 0x2d, 0x42, 0x2d, 0x42, 0x2d, 0x42, 0x2d, 
	0x42, 0x2d, 0x3a, 0x2d, 0x39, 0xed, 0x39, 0xeb, 
	0x39, 0xed, 0x39, 0xeb, 0x39, 0xeb, 0x31, 0xeb, 
	0x31, 0xe9, 0x31, 0xe9, 0x31, 0xa9, 0x29, 0xa7, 
	0x29, 0xa5, 0x21, 0xa5, 0x21, 0xa5, 0x21, 0xe5, 
	0x21, 0xe5, 0x21, 0xe3, 0x42, 0xa9, 0x19, 0xa1, 
	0x19, 0xe1, 0x19, 0xa1, 0x11, 0x9f, 0x19, 0x9f, 
	0x3a, 0xa7, 0x21, 0xe3, 0x21, 0xe3, 0x21, 0xa3, 
	0x19, 0xa3, 0x19, 0xa1, 0x19, 0x9f, 0x19, 0x9f, 
	0x19, 0x9f, 0x11, 0x9d, 0x19, 0xdf, 0x11, 0x9d, 
	0x11, 0x9d, 0x11, 0x9d, 0x2a, 0x21, 0x11, 0x9d, 
	0x11, 0x9b, 0x19, 0x9b, 0x19, 0x9d, 0x19, 0x9b, 
	0x11, 0x9b, 0x11, 0x9b, 0x19, 0x9d, 0x11, 0x9b, 
	0x19, 0x9b, 0x19, 0x5b, 0x19, 0x9b, 0x11, 0x59, 
	0x19, 0x9b, 0x11, 0x59, 0x11, 0x59, 0x11, 0x59, 
	0x21, 0x9b, 0x11, 0x59, 0x32, 0x1d, 0x19, 0x59, 
	0x19, 0x59, 0x19, 0x59, 0x11, 0x17, 0x19, 0x57, 
	0x19, 0x57, 0x19, 0x57, 0x19, 0x55, 0x19, 0x55, 
	0x19, 0x55, 0x21, 0x97, 0x19, 0x55, 0x19, 0x55, 
	0x19, 0x55, 0x11, 0x15, 0x19, 0x57, 0x11, 0x15, 
	0x11, 0x15, 0x11, 0x55, 0x11, 0x15, 0x19, 0x15, 
	0x32, 0x1b, 0x19, 0x15, 0x19, 0x15, 0x19, 0x15, 
	0x19, 0x15, 0x19, 0x15, 0x19, 0x15, 0x19, 0x15, 
	0x19, 0x15, 0x21, 0x57, 0x29, 0x97, 0x11, 0x15, 
	0x11, 0x15, 0x11, 0x15, 0x11, 0x15, 0x11, 0x15, 
	0x11, 0x15, 0x19, 0x55, 0x19, 0x55, 0x11, 0x15, 
	0x11, 0x15, 0x11, 0x15, 0x19, 0x55, 0x11, 0x15, 
	0x19, 0x55, 0x21, 0x97, 0x21, 0x57, 0x19, 0x15, 
	0x19, 0x55, 0x19, 0x15, 0x19, 0x55, 0x21, 0x97, 
	0x3a, 0x1b, 0x11, 0x15, 0x11, 0x15, 0x11, 0x15, 
	0x21, 0x57, 0x19, 0x55, 0x11, 0x15, 0x19, 0x55, 
	0x19, 0x55, 0x11, 0x15, 0x19, 0x55, 0x11, 0x15, 
	0x11, 0x15, 0x11, 0x15, 0x19, 0x15, 0x29, 0xd9, 
	0x29, 0x97, 0x19, 0x15, 0x19, 0x15, 0x19, 0x15, 
	0x11, 0x15, 0x21, 0x99, 0x19, 0x17, 0x19, 0x17, 
	0x19, 0x17, 0x11, 0x57, 0x11, 0x57, 0x11, 0x17, 
	0x11, 0x17, 0x19, 0x57, 0x11, 0x17, 0x19, 0x17, 
	0x19, 0x17, 0x19, 0x57, 0x19, 0x57, 0x19, 0x15, 
	0x19, 0x57, 0x19, 0x17, 0x21, 0x57, 0x21, 0x57, 
	0x19, 0x17, 0x19, 0x17, 0x19, 0x17, 0x19, 0x17, 
	0x19, 0x19, 0x21, 0x19, 0x21, 0x19, 0x21, 0x19, 
	0x29, 0x9d, 0x21, 0x1b, 0x21, 0x5d, 0x29, 0x5d, 
	0x21, 0x1b, 0x21, 0x1b, 0x21, 0x1b, 0x29, 0x1d, 
	0x4a, 0x65, 0x39, 0xa1, 0x29, 0x5d, 0x29, 0x5d, 
	0x29, 0x1d, 0x29, 0x1d, 0x31, 0x5f, 0x39, 0x61, 
	0x39, 0x61, 0x39, 0x61, 0x31, 0x5f, 0x31, 0x5f, 
	0x31, 0x5f, 0x31, 0x5f, 0x39, 0x61, 0x39, 0x61, 
	0x41, 0xa3, 0x41, 0xe3, 0x39, 0xa3, 0x39, 0x61, 
	0x39, 0xa3, 0x39, 0xa3, 0x39, 0xa3, 0x39, 0x63, 
	0x39, 0xa5, 0x39, 0x65, 0x31, 0x63, 0x31, 0x61, 
	0x39, 0x63, 0x31, 0x61, 0x31, 0x61, 0x31, 0x5f, 
	0x29, 0x5f, 0x31, 0x5f, 0x31, 0xa1, 0x29, 0x5f, 
	0x29, 0x5f, 0x29, 0x61, 0x29, 0x61, 0x4a, 0x25, 
	0x29, 0x61, 0x31, 0x61, 0x29, 0x61, 0x29, 0x63, 
	0x31, 0x63, 0x39, 0xa5, 0x31, 0x63, 0x41, 0xe5, 
	0x39, 0x63, 0x31, 0x63, 0x31, 0x63, 0x39, 0xa7, 
	0x31, 0xa7, 0x39, 0xa9, 0x39, 0xa9, 0x39, 0xa7, 
	0x39, 0xa7, 0x41, 0xa7, 0x41, 0xa7, 0x41, 0xa7, 
	0x41, 0xa7, 0x41, 0xa7, 0x49, 0xa9, 0x49, 0xe9, 
	0x41, 0xe7, 0x41, 0xa7, 0x41, 0xa7, 0x39, 0xa9, 
	0x41, 0xe9, 0x41, 0xeb, 0x41, 0xa9, 0x41, 0xe9, 
	0x41, 0xe9, 0x41, 0xeb, 0x41, 0xeb, 0x4a, 0x2d, 
	0x49, 0xed, 0x4a, 0x2d, 0x49, 0xeb, 0x49, 0xeb, 
	0x41, 0xeb, 0x41, 0xeb, 0x41, 0xeb, 0x4a, 0x2d, 
	0x42, 0x2d, 0x42, 0x2f, 0x42, 0x2d, 0x42, 0x2d, 
	0x42, 0x2d, 0x42, 0x2f, 0x39, 0xed, 0x39, 0xed, 
	0x39, 0xeb, 0x39, 0xeb, 0x39, 0xeb, 0x31, 0xeb, 
	0x31, 0xe9, 0x39, 0xe9, 0x31, 0xa9, 0x31, 0xe7, 
	0x31, 0xe7, 0x29, 0xa5, 0x29, 0xe5, 0x29, 0xe5, 
	0x21, 0xe5, 0x21, 0xa5, 0x2a, 0x27, 0x21, 0xa1, 
	0x19, 0xa1, 0x21, 0xe3, 0x19, 0xa1, 0x21, 0xa1, 
	0x21, 0xe3, 0x21, 0xe3, 0x3a, 0xa9, 0x21, 0xa3, 
	0x21, 0xa3, 0x19, 0xa1, 0x19, 0x9f, 0x19, 0x9f, 
	0x19, 0x9f, 0x19, 0x9f, 0x19, 0x9f, 0x11, 0x9f, 
	0x11, 0x9f, 0x19, 0xdf, 0x19, 0xdf, 0x19, 0x9d, 
	0x19, 0x9b, 0x19, 0x9b, 0x21, 0xdd, 0x19, 0x9b, 
	0x21, 0xdd, 0x19, 0x9b, 0x11, 0x9b, 0x11, 0x9b, 
	0x11, 0x9b, 0x19, 0x5b, 0x11, 0x59, 0x3a, 0x61, 
	0x19, 0x59, 0x19, 0x99, 0x19, 0x59, 0x19, 0x59, 
	0x19, 0x59, 0x19, 0x59, 0x19, 0x59, 0x19, 0x57, 
	0x19, 0x57, 0x11, 0x17, 0x11, 0x17, 0x11, 0x17, 
	0x19, 0x57, 0x19, 0x57, 0x19, 0x55, 0x19, 0x55, 
	0x19, 0x57, 0x19, 0x55, 0x19, 0x55, 0x11, 0x15, 
	0x11, 0x15, 0x19, 0x57, 0x19, 0x57, 0x19, 0x57, 
	0x11, 0x15, 0x19, 0x57, 0x19, 0x57, 0x19, 0x55, 
	0x19, 0x15, 0x19, 0x15, 0x19, 0x15, 0x19, 0x15, 
	0x19, 0x15, 0x19, 0x15, 0x19, 0x15, 0x19, 0x15, 
	0x19, 0x55, 0x19, 0x15, 0x21, 0x57, 0x11, 0x15, 
	0x11, 0x15, 0x19, 0x55, 0x19, 0x55, 0x11, 0x15, 
	0x11, 0x15, 0x11, 0x15, 0x21, 0x97, 0x11, 0x15, 
	0x11, 0x15, 0x11, 0x55, 0x21, 0xd9, 0x19, 0x55, 
	0x11, 0x15, 0x19, 0x55, 0x19, 0x55, 0x11, 0x15, 
	0x29, 0xd9, 0x31, 0xd9, 0x21, 0x97, 0x11, 0x15, 
	0x11, 0x15, 0x21, 0x97, 0x19, 0x15, 0x11, 0x15, 
	0x19, 0x55, 0x11, 0x15, 0x21, 0x97, 0x11, 0x15, 
	0x19, 0x55, 0x19, 0x55, 0x19, 0x15, 0x19, 0x15, 
	0x19, 0x15, 0x4a, 0xdf, 0x19, 0x55, 0x19, 0x15, 
	0x19, 0x15, 0x19, 0x15, 0x19, 0x15, 0x42, 0x5d, 
	0x21, 0x97, 0x19, 0x55, 0x11, 0x17, 0x19, 0x17, 
	0x11, 0x15, 0x11, 0x15, 0x19, 0x57, 0x21, 0x57, 
	0x19, 0x17, 0x19, 0x57, 0x19, 0x15, 0x19, 0x17, 
	0x19, 0x17, 0x31, 0xdb, 0x21, 0x57, 0x19, 0x17, 
	0x19, 0x17, 0x19, 0x17, 0x19, 0x57, 0x19, 0x17, 
	0x19, 0x17, 0x21, 0x59, 0x19, 0x19, 0x19, 0x19, 
	0x21, 0x59, 0x21, 0x59, 0x21, 0x19, 0x21, 0x19, 
	0x21, 0x19, 0x21, 0x5b, 0x29, 0x5d, 0x21, 0x1b, 
	0x21, 0x1b, 0x21, 0x1b, 0x21, 0x1b, 0x29, 0x1d, 
	0x29, 0x1d, 0x31, 0x5f, 0x39, 0x9f, 0x29, 0x5d, 
	0x31, 0x9f, 0x29, 0x5d, 0x31, 0x5f, 0x39, 0x5f, 
	0x39, 0x5f, 0x41, 0xa1, 0x39, 0x5f, 0x41, 0xa1, 
	0x31, 0x5f, 0x39, 0x61, 0x39, 0x5f, 0x39, 0x61, 
	0x4a, 0x25, 0x39, 0x61, 0x39, 0xa3, 0x39, 0x63, 
	0x39, 0xa3, 0x39, 0xa3, 0x31, 0x63, 0x39, 0xa5, 
	0x31, 0x65, 0x31, 0x65, 0x31, 0x63, 0x31, 0x63, 
	0x39, 0xa3, 0x31, 0xa3, 0x29, 0x61, 0x29, 0x61, 
	0x29, 0x5f, 0x29, 0x5f, 0x29, 0x5f, 0x29, 0x5f, 
	0x29, 0x5f, 0x29, 0x5f, 0x29, 0x61, 0x29, 0x61, 
	0x31, 0xa3, 0x31, 0x61, 0x29, 0x61, 0x29, 0x61, 
	0x31, 0x63, 0x31, 0x63, 0x31, 0x63, 0x31, 0x61, 
	0x31, 0x61, 0x31, 0x63, 0x31, 0x63, 0x39, 0xe7, 
	0x31, 0xa7, 0x39, 0xa9, 0x39, 0xe9, 0x39, 0xa7, 
	0x39, 0xa5, 0x39, 0xa5, 0x52, 0x69, 0x41, 0x65, 
	0x39, 0x65, 0x41, 0xa7, 0x49, 0xe9, 0x41, 0xe7, 
	0x41, 0xe7, 0x41, 0xe7, 0x41, 0xe7, 0x39, 0xa7, 
	0x41, 0xa9, 0x41, 0xeb, 0x41, 0xeb, 0x41, 0xeb, 
	0x41, 0xeb, 0x41, 0xeb, 0x41, 0xeb, 0x41, 0xed, 
	0x49, 0xed, 0x49, 0xeb, 0x49, 0xeb, 0x4a, 0x2d, 
	0x49, 0xeb, 0x41, 0xeb, 0x41, 0xeb, 0x4a, 0x2d, 
	0x42, 0x2d, 0x42, 0x2d, 0x42, 0x2d, 0x42, 0x6d, 
	0x4a, 0xaf, 0x3a, 0x2f, 0x39, 0xef, 0x39, 0xed, 
	0x39, 0xed, 0x39, 0xeb, 0x3a, 0x2b, 0x31, 0xe9, 
	0x31, 0xeb, 0x31, 0xe9, 0x31, 0xe9, 0x29, 0xa7, 
	0x31, 0xe7, 0x4a, 0x6b, 0x29, 0xe7, 0x29, 0xa7, 
	0x29, 0xe7, 0x3a, 0x69, 0x21, 0xe5, 0x21, 0xe3, 
	0x3a, 0x67, 0x21, 0xe5, 0x32, 0x25, 0x21, 0xa3, 
	0x21, 0xa3, 0x21, 0xa3, 0x2a, 0x25, 0x21, 0xe3, 
	0x21, 0xe5, 0x21, 0xe3, 0x11, 0x9f, 0x19, 0xe1, 
	0x19, 0x9f, 0x19, 0xdf, 0x19, 0x9f, 0x11, 0x9f, 
	0x11, 0x9f, 0x11, 0x9d, 0x19, 0x9f, 0x19, 0x9f, 
	0x19, 0x9d, 0x19, 0x9d, 0x19, 0x9d, 0x2a, 0x1f, 
	0x19, 0x9d, 0x19, 0x9b, 0x19, 0x9b, 0x19, 0x9b, 
	0x19, 0x9b, 0x11, 0x9b, 0x19, 0x9b, 0x11, 0x59, 
	0x19, 0x59, 0x29, 0xdd, 0x11, 0x59, 0x19, 0x59, 
	0x19, 0x59, 0x11, 0x59, 0x19, 0x59, 0x19, 0x59, 
	0x19, 0x57, 0x11, 0x17, 0x19, 0x57, 0x19, 0x57, 
	0x19, 0x57, 0x11, 0x15, 0x11, 0x15, 0x11, 0x15, 
	0x19, 0x55, 0x19, 0x55, 0x19, 0x57, 0x11, 0x15, 
	0x11, 0x15, 0x19, 0x55, 0x19, 0x57, 0x19, 0x55, 
	0x21, 0x97, 0x11, 0x15, 0x19, 0x55, 0x19, 0x55, 
	0x11, 0x15, 0x19, 0x15, 0x19, 0x15, 0x19, 0x15, 
	0x19, 0x15, 0x19, 0x55, 0x19, 0x15, 0x19, 0x15, 
	0x19, 0x15, 0x19, 0x15, 0x19, 0x15, 0x11, 0x15, 
	0x19, 0x15, 0x11, 0x15, 0x21, 0x57, 0x11, 0x15, 
	0x11, 0x15, 0x19, 0x55, 0x19, 0x55, 0x29, 0xd9, 
	0x19, 0x55, 0x19, 0x55, 0x19, 0x55, 0x11, 0x15, 
	0x11, 0x15, 0x19, 0x55, 0x11, 0x15, 0x11, 0x15, 
	0x11, 0x15, 0x11, 0x15, 0x11, 0x15, 0x11, 0x15, 
	0x11, 0x15, 0x19, 0x55, 0x19, 0x55, 0x19, 0x55, 
	0x19, 0x55, 0x19, 0x55, 0x11, 0x15, 0x11, 0x15, 
	0x11, 0x15, 0x11, 0x15, 0x11, 0x15, 0x11, 0x15, 
	0x11, 0x15, 0x11, 0x15, 0x11, 0x15, 0x11, 0x15, 
	0x11, 0x15, 0x19, 0x55, 0x19, 0x55, 0x19, 0x15, 
	0x21, 0x57, 0x11, 0x15, 0x11, 0x15, 0x19, 0x15, 
	0x11, 0x15, 0x11, 0x15, 0x11, 0x15, 0x11, 0x15, 
	0x19, 0x15, 0x11, 0x15, 0x19, 0x55, 0x19, 0x17, 
	0x19, 0x17, 0x19, 0x17, 0x19, 0x17, 0x19, 0x17, 
	0x19, 0x17, 0x19, 0x17, 0x19, 0x17, 0x19, 0x17, 
	0x19, 0x17, 0x19, 0x17, 0x19, 0x17, 0x19, 0x19, 
	0x21, 0x19, 0x21, 0x19, 0x19, 0x19, 0x21, 0x19, 
	0x31, 0x9d, 0x21, 0x1b, 0x31, 0x9f, 0x29, 0x5d, 
	0x29, 0x5b, 0x21, 0x1b, 0x29, 0x1d, 0x31, 0x5d, 
	0x29, 0x1d, 0x29, 0x1d, 0x31, 0x5d, 0x29, 0x5d, 
	0x31, 0x5f, 0x31, 0x9f, 0x31, 0x5d, 0x31, 0x5f, 
	0x31, 0x5f, 0x31, 0x5f, 0x31, 0x5f, 0x39, 0x61, 
	0x31, 0x5f, 0x39, 0x5f, 0x31, 0x5f, 0x39, 0xa1, 
	0x39, 0xa1, 0x31, 0x5f, 0x31, 0x5f, 0x31, 0x61, 
	0x39, 0x61, 0x31, 0x61, 0x31, 0x61, 0x39, 0xa3, 
	0x39, 0xa5, 0x31, 0x65, 0x31, 0x63, 0x31, 0x63, 
	0x31, 0x61, 0x29, 0x61, 0x29, 0x61, 0x29, 0x61, 
	0x31, 0xa1, 0x29, 0x5f, 0x29, 0x5f, 0x29, 0x5f, 
	0x29, 0x5f, 0x29, 0x5f, 0x29, 0x61, 0x29, 0x61, 
	0x39, 0xa3, 0x29, 0x61, 0x29, 0x61, 0x29, 0x61, 
	0x31, 0x61, 0x29, 0x61, 0x31, 0x61, 0x29, 0x5f, 
	0x31, 0x61, 0x31, 0xa3, 0x31, 0xa3, 0x31, 0xa5, 
	0x4a, 0x29, 0x39, 0xa7, 0x31, 0xa7, 0x41, 0xe9, 
	0x39, 0xa5, 0x39, 0xa3, 0x41, 0xa5, 0x41, 0xa5, 
	0x41, 0xa5, 0x39, 0xa5, 0x41, 0xa5, 0x41, 0xa7, 
	0x41, 0xe7, 0x41, 0xe9, 0x41, 0xa7, 0x39, 0xa7, 
	0x39, 0xa7, 0x52, 0x6d, 0x5a, 0x6f, 0x41, 0xeb, 
	0x41, 0xeb, 0x41, 0xeb, 0x41, 0xeb, 0x4a, 0x2d, 
	0x4a, 0x2d, 0x49, 0xed, 0x49, 0xed, 0x4a, 0x2d, 
	0x4a, 0x2d, 0x4a, 0x2d, 0x41, 0xeb, 0x41, 0xeb, 
	0x42, 0x2d, 0x42, 0x2d, 0x42, 0x2d, 0x42, 0x2d, 
	0x42, 0x2d, 0x52, 0xb3, 0x39, 0xed, 0x3a, 0x2d, 
	0x39, 0xeb, 0x39, 0xed, 0x4a, 0x6f, 0x39, 0xeb, 
	0x3a, 0x2d, 0x31, 0xeb, 0x31, 0xa9, 0x31, 0xa7, 
	0x29, 0xa7, 0x31, 0xe7, 0x3a, 0x29, 0x29, 0xa5, 
	0x29, 0xa7, 0x29, 0xe7, 0x21, 0xa5, 0x21, 0xe3, 
	0x21, 0xe5, 0x2a, 0x27, 0x21, 0xe5, 0x21, 0xa3, 
	0x3a, 0x67, 0x21, 0xa3, 0x21, 0xe5, 0x21, 0xa5, 
	0x21, 0xa3, 0x2a, 0x25, 0x19, 0xa1, 0x19, 0xa1, 
	0x19, 0xa1, 0x19, 0xe1, 0x19, 0xa1, 0x19, 0x9f, 
	0x11, 0x9f, 0x19, 0x9f, 0x19, 0x9d, 0x19, 0x9f, 
	0x19, 0x9d, 0x11, 0x9d, 0x19, 0x9d, 0x21, 0xdd, 
	0x19, 0x9b, 0x19, 0x9b, 0x21, 0xdd, 0x32, 0x1f, 
	0x19, 0x9b, 0x11, 0x9b, 0x11, 0x9b, 0x19, 0x99, 
	0x19, 0x59, 0x32, 0x1f, 0x11, 0x59, 0x19, 0x59, 
	0x19, 0x59, 0x19, 0x59, 0x19, 0x59, 0x19, 0x59, 
	0x11, 0x57, 0x11, 0x17, 0x19, 0x59, 0x19, 0x17, 
	0x19, 0x57, 0x19, 0x17, 0x11, 0x15, 0x19, 0x55, 
	0x11, 0x15, 0x19, 0x55, 0x19, 0x55, 0x11, 0x15, 
	0x19, 0x55, 0x11, 0x15, 0x21, 0x97, 0x11, 0x15, 
	0x19, 0x55, 0x11, 0x15, 0x11, 0x15, 0x19, 0x57, 
	0x19, 0x55, 0x19, 0x15, 0x19, 0x15, 0x11, 0x15, 
	0x19, 0x55, 0x19, 0x55, 0x19, 0x55, 0x19, 0x15, 
	0x19, 0x15, 0x19, 0x15, 0x19, 0x15, 0x11, 0x15, 
	0x19, 0x55, 0x11, 0x15, 0x19, 0x55, 0x19, 0x55, 
	0x11, 0x15, 0x32, 0x1b, 0x19, 0x15, 0x19, 0x15, 
	0x3a, 0x1b, 0x29, 0xd9, 0x11, 0x15, 0x19, 0x55, 
	0x11, 0x15, 0x19, 0x55, 0x21, 0x97, 0x19, 0x55, 
	0x11, 0x15, 0x11, 0x15, 0x11, 0x15, 0x19, 0x55, 
	0x11, 0x15, 0x11, 0x15, 0x11, 0x15, 0x19, 0x55, 
	0x19, 0x55, 0x11, 0x15, 0x11, 0x15, 0x11, 0x15, 
	0x11, 0x15, 0x11, 0x15, 0x11, 0x15, 0x11, 0x15, 
	0x11, 0x15, 0x11, 0x15, 0x11, 0x15, 0x29, 0xd9, 
	0x19, 0x55, 0x21, 0x97, 0x19, 0x15, 0x19, 0x15, 
	0x19, 0x57, 0x11, 0x15, 0x11, 0x15, 0x19, 0x55, 
	0x19, 0x15, 0x19, 0x55, 0x11, 0x15, 0x11, 0x15, 
	0x11, 0x15, 0x11, 0x15, 0x4a, 0x9f, 0x19, 0x15, 
	0x19, 0x17, 0x19, 0x17, 0x19, 0x17, 0x19, 0x17, 
	0x19, 0x17, 0x19, 0x17, 0x29, 0x99, 0x3a, 0x1d, 
	0x19, 0x17, 0x19, 0x17, 0x19, 0x17, 0x19, 0x17, 
	0x39, 0xdd, 0x21, 0x59, 0x21, 0x59, 0x31, 0x9d, 
	0x21, 0x1b, 0x29, 0x5d, 0x29, 0x9d, 0x21, 0x5b, 
	0x29, 0x5d, 0x21, 0x1b, 0x29, 0x5b, 0x29, 0x5d, 
	0x29, 0x5d, 0x29, 0x5d, 0x29, 0x1d, 0x31, 0x5f, 
	0x31, 0x5d, 0x39, 0x9f, 0x31, 0x5d, 0x39, 0x5f, 
	0x31, 0x5d, 0x39, 0x9f, 0x31, 0x5f, 0x31, 0x5f, 
	0x31, 0x5f, 0x39, 0x5f, 0x31, 0x5f, 0x29, 0x5d, 
	0x31, 0x5f, 0x31, 0x5f, 0x31, 0x5d, 0x31, 0x5f, 
	0x31, 0x5f, 0x31, 0x5f, 0x31, 0x61, 0x31, 0x61, 
	0x31, 0x63, 0x31, 0x63, 0x31, 0x63, 0x31, 0x63, 
	0x31, 0x61, 0x31, 0x61, 0x29, 0x61, 0x29, 0x61, 
	0x29, 0x5f, 0x31, 0x5f, 0x29, 0x5f, 0x29, 0x9f, 
	0x29, 0x5f, 0x29, 0x5f, 0x29, 0x61, 0x29, 0x61, 
	0x29, 0x61, 0x29, 0x61, 0x29, 0x61, 0x29, 0x61, 
	0x29, 0x61, 0x29, 0x61, 0x29, 0x61, 0x29, 0x5f, 
	0x29, 0x61, 0x31, 0xa5, 0x31, 0xa5, 0x31, 0xa5, 
	0x39, 0xe7, 0x31, 0xa5, 0x31, 0xa5, 0x39, 0xa5, 
	0x39, 0x63, 0x41, 0xa3, 0x41, 0xa3, 0x41, 0xa5, 
	0x39, 0xa3, 0x39, 0x63, 0x39, 0xa5, 0x41, 0xa5, 
	0x41, 0xa7, 0x41, 0xa7, 0x41, 0xa7, 0x41, 0xa7, 
	0x39, 0xa5, 0x41, 0xa7, 0x49, 0xeb, 0x41, 0xeb, 
	0x41, 0xeb, 0x41, 0xeb, 0x41, 0xeb, 0x49, 0xed, 
	0x5a, 0x71, 0x49, 0xed, 0x4a, 0x2d, 0x4a, 0x2f, 
	0x4a, 0x6d, 0x4a, 0x2d, 0x4a, 0x2d, 0x41, 0xeb, 
	0x52, 0x6f, 0x42, 0x2d, 0x41, 0xed, 0x42, 0x2d, 
	0x42, 0x2d, 0x42, 0x2f, 0x39, 0xed, 0x42, 0x2d, 
	0x42, 0x2f, 0x39, 0xed, 0x39, 0xed, 0x3a, 0x2d, 
	0x39, 0xed, 0x31, 0xed, 0x31, 0xeb, 0x31, 0xe9, 
	0x31, 0xa9, 0x29, 0xa7, 0x29, 0xe7, 0x21, 0xa5, 
	0x29, 0xe7, 0x29, 0xe7, 0x21, 0xe5, 0x21, 0xe5, 
	0x21, 0xe5, 0x21, 0xa5, 0x21, 0xa5, 0x21, 0xa3, 
	0x21, 0xa3, 0x29, 0xe5, 0x29, 0xe7, 0x21, 0xe5, 
	0x21, 0xe5, 0x32, 0x67, 0x19, 0xe3, 0x19, 0xa1, 
	0x19, 0xa1, 0x19, 0xa3, 0x19, 0xa3, 0x19, 0xa1, 
	0x19, 0x9f, 0x19, 0x9f, 0x19, 0x9d, 0x19, 0x9d, 
	0x19, 0x9d, 0x19, 0x9d, 0x19, 0xdd, 0x11, 0x9b, 
	0x21, 0xdd, 0x21, 0xdd, 0x21, 0xdd, 0x19, 0x9b, 
	0x19, 0x9d, 0x11, 0x9b, 0x11, 0x59, 0x29, 0xdd, 
	0x19, 0x59, 0x19, 0x9b, 0x19, 0x59, 0x21, 0x9b, 
	0x19, 0x59, 0x11, 0x59, 0x19, 0x59, 0x32, 0x1d, 
	0x19, 0x57, 0x19, 0x57, 0x19, 0x57, 0x11, 0x17, 
	0x19, 0x57, 0x19, 0x57, 0x19, 0x57, 0x19, 0x15, 
	0x19, 0x57, 0x19, 0x15, 0x19, 0x57, 0x11, 0x15, 
	0x19, 0x55, 0x21, 0x99, 0x32, 0x1b, 0x19, 0x55, 
	0x19, 0x57, 0x19, 0x55, 0x19, 0x57, 0x11, 0x15, 
	0x19, 0x55, 0x19, 0x55, 0x19, 0x15, 0x21, 0x97, 
	0x11, 0x15, 0x11, 0x15, 0x11, 0x15, 0x11, 0x15, 
	0x11, 0x15, 0x11, 0x15, 0x19, 0x15, 0x19, 0x55, 
	0x11, 0x15, 0x11, 0x15, 0x19, 0x55, 0x19, 0x15, 
	0x11, 0x15, 0x21, 0x97, 0x19, 0x15, 0x19, 0x15, 
	0x19, 0x15, 0x11, 0x15, 0x11, 0x15, 0x42, 0x5d, 
	0x29, 0xd9, 0x11, 0x15, 0x19, 0x55, 0x19, 0x55, 
	0x11, 0x15, 0x11, 0x15, 0x11, 0x15, 0x11, 0x15, 
	0x11, 0x15, 0x11, 0x15, 0x11, 0x15, 0x11, 0x15, 
	0x11, 0x15, 0x19, 0x57, 0x11, 0x15, 0x11, 0x15, 
	0x11, 0x15, 0x11, 0x15, 0x11, 0x15, 0x11, 0x15, 
	0x11, 0x15, 0x11, 0x15, 0x21, 0x97, 0x21, 0x97, 
	0x19, 0x15, 0x19, 0x15, 0x19, 0x15, 0x19, 0x15, 
	0x19, 0x15, 0x11, 0x15, 0x11, 0x15, 0x19, 0x15, 
	0x21, 0x97, 0x19, 0x55, 0x11, 0x15, 0x19, 0x15, 
	0x19, 0x15, 0x11, 0x15, 0x19, 0x15, 0x19, 0x15, 
	0x19, 0x15, 0x19, 0x15, 0x19, 0x15, 0x19, 0x17, 
	0x19, 0x57, 0x19, 0x17, 0x19, 0x17, 0x21, 0x57, 
	0x19, 0x17, 0x19, 0x17, 0x19, 0x17, 0x19, 0x17, 
	0x19, 0x17, 0x19, 0x17, 0x21, 0x59, 0x29, 0x5b, 
	0x21, 0x1b, 0x21, 0x5b, 0x29, 0x5b, 0x31, 0x9d, 
	0x21, 0x1b, 0x29, 0x5b, 0x29, 0x5d, 0x29, 0x5b, 
	0x29, 0x5b, 0x29, 0x5d, 0x29, 0x1d, 0x29, 0x5d, 
	0x4a, 0x23, 0x31, 0x5d, 0x29, 0x1d, 0x31, 0x1d, 
	0x31, 0x1d, 0x31, 0x5d, 0x31, 0x5f, 0x31, 0x5f, 
	0x31, 0x5f, 0x31, 0x5f, 0x31, 0x5f, 0x39, 0xdf, 
	0x29, 0x5d, 0x29, 0x5d, 0x31, 0x5f, 0x31, 0x5f, 
	0x31, 0x5f, 0x31, 0x5f, 0x31, 0x5f, 0x31, 0x61, 
	0x31, 0x61, 0x31, 0x61, 0x31, 0x63, 0x31, 0xa3, 
	0x31, 0x61, 0x31, 0x61, 0x31, 0x61, 0x29, 0x61, 
	0x29, 0x5f, 0x29, 0x5f, 0x29, 0x5d, 0x21, 0x5d, 
	0x21, 0x5f, 0x29, 0x5f, 0x29, 0x5f, 0x29, 0x61, 
	0x29, 0x61, 0x29, 0x61, 0x29, 0x61, 0x29, 0x5f, 
	0x29, 0x5f, 0x29, 0x5f, 0x29, 0x61, 0x29, 0x61, 
	0x29, 0x63, 0x31, 0xa5, 0x31, 0xa5, 0x31, 0xa5, 
	0x31, 0xa7, 0x31, 0xa5, 0x39, 0xa5, 0x39, 0xa5, 
	0x39, 0xa3, 0x41, 0xa3, 0x41, 0xa3, 0x41, 0xa3, 
	0x39, 0x63, 0x39, 0xa5, 0x39, 0xa5, 0x39, 0xa5, 
	0x41, 0xe7, 0x39, 0xa7, 0x41, 0xa7, 0x39, 0xa5, 
	0x39, 0xa5, 0x39, 0xa5, 0x41, 0xa7, 0x41, 0xe9, 
	0x41, 0xeb, 0x41, 0xe9, 0x41, 0xeb, 0x4a, 0x2d, 
	0x4a, 0x2f, 0x49, 0xed, 0x4a, 0x2f, 0x4a, 0x2f, 
	0x52, 0x6f, 0x52, 0xaf, 0x42, 0x2d, 0x42, 0x2d, 
	0x4a, 0x2d, 0x4a, 0x2d, 0x41, 0xed, 0x4a, 0x6f, 
	0x52, 0x6f, 0x41, 0xed, 0x39, 0xed, 0x39, 0xeb, 
	0x4a, 0x6f, 0x42, 0x2f, 0x39, 0xed, 0x6b, 0x73, 
	0x31, 0xed, 0x4a, 0x6f, 0x39, 0xed, 0x31, 0xeb, 
	0x31, 0xa9, 0x29, 0xa7, 0x29, 0xa7, 0x21, 0xa5, 
	0x21, 0xa5, 0x29, 0xe7, 0x21, 0xe7, 0x21, 0xe5, 
	0x21, 0xa3, 0x21, 0xa5, 0x21, 0xa5, 0x21, 0xa3, 
	0x21, 0xa3, 0x21, 0xe5, 0x29, 0xe5, 0x29, 0xe7, 
	0x29, 0xe5, 0x21, 0xe3, 0x21, 0xa3, 0x21, 0xa3, 
	0x21, 0xa3, 0x21, 0xe3, 0x21, 0xa3, 0x19, 0xa3, 
	0x21, 0xa1, 0x19, 0x9f, 0x19, 0x9f, 0x19, 0x9d, 
	0x19, 0x9d, 0x22, 0x1f, 0x22, 0x1f, 0x19, 0x9d, 
	0x19, 0x9d, 0x19, 0x9d, 0x19, 0x9d, 0x11, 0x9b, 
	0x19, 0x9b, 0x19, 0x9b, 0x11, 0x5b, 0x29, 0xdd, 
	0x19, 0x59, 0x19, 0x9b, 0x11, 0x59, 0x19, 0x59, 
	0x21, 0xdb, 0x11, 0x59, 0x19, 0x59, 0x19, 0x59, 
	0x19, 0x59, 0x21, 0x99, 0x19, 0x57, 0x19, 0x57, 
	0x19, 0x57, 0x19, 0x17, 0x19, 0x57, 0x29, 0xd9, 
	0x19, 0x57, 0x19, 0x57, 0x19, 0x55, 0x11, 0x15, 
	0x11, 0x15, 0x21, 0x97, 0x21, 0x57, 0x11, 0x15, 
	0x19, 0x57, 0x19, 0x55, 0x19, 0x55, 0x11, 0x15, 
	0x19, 0x15, 0x19, 0x55, 0x21, 0x57, 0x19, 0x55, 
	0x11, 0x15, 0x11, 0x15, 0x11, 0x15, 0x11, 0x15, 
	0x11, 0x15, 0x11, 0x15, 0x32, 0x1b, 0x19, 0x55, 
	0x11, 0x15, 0x11, 0x15, 0x19, 0x55, 0x19, 0x55, 
	0x19, 0x55, 0x11, 0x15, 0x19, 0x15, 0x11, 0x15, 
	0x11, 0x15, 0x19, 0x55, 0x11, 0x15, 0x11, 0x15, 
	0x19, 0x15, 0x19, 0x55, 0x11, 0x15, 0x19, 0x55, 
	0x21, 0x97, 0x11, 0x15, 0x19, 0x55, 0x19, 0x55, 
	0x19, 0x55, 0x11, 0x15, 0x11, 0x15, 0x11, 0x15, 
	0x11, 0x15, 0x29, 0xd9, 0x11, 0x15, 0x11, 0x15, 
	0x11, 0x15, 0x11, 0x15, 0x11, 0x15, 0x11, 0x15, 
	0x11, 0x15, 0x11, 0x15, 0x11, 0x15, 0x11, 0x15, 
	0x19, 0x15, 0x11, 0x15, 0x11, 0x15, 0x11, 0x15, 
	0x19, 0x15, 0x19, 0x15, 0x19, 0x15, 0x19, 0x55, 
	0x11, 0x15, 0x11, 0x15, 0x11, 0x55, 0x19, 0x15, 
	0x21, 0x97, 0x19, 0x15, 0x19, 0x15, 0x19, 0x15, 
	0x19, 0x15, 0x19, 0x15, 0x19, 0x15, 0x19, 0x15, 
	0x19, 0x57, 0x19, 0x17, 0x19, 0x17, 0x19, 0x17, 
	0x19, 0x17, 0x19, 0x17, 0x19, 0x17, 0x19, 0x17, 
	0x19, 0x17, 0x19, 0x17, 0x21, 0x19, 0x21, 0x19, 
	0x21, 0x1b, 0x29, 0x5b, 0x21, 0x1b, 0x21, 0x19, 
	0x21, 0x19, 0x29, 0x5b, 0x29, 0x5b, 0x21, 0x1b, 
	0x21, 0x1b, 0x21, 0x1b, 0x31, 0x5d, 0x29, 0x1b, 
	0x29, 0x5b, 0x29, 0x5d, 0x31, 0x5d, 0x31, 0x1d, 
	0x31, 0x5d, 0x31, 0x5f, 0x31, 0x1d, 0x41, 0xe3, 
	0x52, 0x65, 0x31, 0x5d, 0x31, 0x5f, 0x29, 0x5d, 
	0x31, 0x9f, 0x39, 0x9f, 0x31, 0x5d, 0x31, 0x5d, 
	0x31, 0x5f, 0x29, 0x5f, 0x29, 0x5f, 0x29, 0x1f, 
	0x31, 0x61, 0x31, 0x61, 0x39, 0xa3, 0x31, 0x61, 
	0x31, 0x61, 0x29, 0x61, 0x42, 0x25, 0x31, 0x61, 
	0x31, 0xa1, 0x29, 0x5f, 0x21, 0x5d, 0x21, 0x5d, 
	0x21, 0x5d, 0x29, 0x5d, 0x29, 0x5f, 0x29, 0x61, 
	0x29, 0x61, 0x29, 0x61, 0x29, 0x61, 0x29, 0x5f, 
	0x29, 0x5f, 0x29, 0x5f, 0x31, 0xa3, 0x29, 0x61, 
	0x31, 0xa3, 0x31, 0xa5, 0x31, 0xa5, 0x31, 0xa7, 
	0x31, 0xa7, 0x39, 0xe9, 0x39, 0xa5, 0x39, 0x63, 
	0x39, 0x63, 0x41, 0xa3, 0x39, 0xa3, 0x39, 0xa3, 
	0x39, 0x63, 0x39, 0x63, 0x39, 0xa5, 0x39, 0xa5, 
	0x39, 0xa5, 0x39, 0xa5, 0x39, 0xa5, 0x39, 0xa5, 
	0x39, 0xa5, 0x39, 0xa5, 0x39, 0xa7, 0x41, 0xa9, 
	0x41, 0xa7, 0x41, 0xa9, 0x41, 0xeb, 0x49, 0xed, 
	0x49, 0xed, 0x49, 0xed, 0x4a, 0x2f, 0x4a, 0x2f, 
	0x4a, 0x2f, 0x4a, 0x2f, 0x4a, 0x2f, 0x4a, 0x2d, 
	0x42, 0x2b, 0x41, 0xeb, 0x41, 0xed, 0x42, 0x2d, 
	0x4a, 0x2f, 0x42, 0x2d, 0x41, 0xed, 0x39, 0xeb, 
	0x4a, 0x6f, 0x39, 0xed, 0x39, 0xed, 0x3a, 0x2d, 
	0x39, 0xed, 0x31, 0xed, 0x39, 0xed, 0x31, 0xeb, 
	0x31, 0xa9, 0x29, 0xa7, 0x29, 0xa7, 0x21, 0xa5, 
	0x29, 0xa7, 0x29, 0xe7, 0x29, 0xa7, 0x29, 0xe7, 
	0x29, 0xe5, 0x42, 0xab, 0x29, 0xa5, 0x29, 0xe5, 
	0x29, 0xe5, 0x21, 0xa5, 0x29, 0xa5, 0x29, 0xe7, 
	0x29, 0xe7, 0x21, 0xe3, 0x21, 0xe3, 0x21, 0xa3, 
	0x21, 0xe3, 0x29, 0xe5, 0x21, 0xa3, 0x21, 0xa3, 
	0x21, 0xa1, 0x21, 0xa1, 0x21, 0xe1, 0x19, 0x9f, 
	0x19, 0x9f, 0x19, 0x9f, 0x19, 0x9f, 0x19, 0x9d, 
	0x19, 0x9d, 0x19, 0x9b, 0x19, 0x9b, 0x19, 0x9b, 
	0x19, 0x9b, 0x19, 0x9b, 0x11, 0x9b, 0x19, 0x9b, 
	0x19, 0x9b, 0x19, 0x59, 0x19, 0x59, 0x19, 0x59, 
	0x29, 0xdd, 0x29, 0xdd, 0x19, 0x59, 0x19, 0x59, 
	0x21, 0x99, 0x19, 0x59, 0x19, 0x17, 0x19, 0x17, 
	0x11, 0x17, 0x11, 0x17, 0x11, 0x57, 0x29, 0xdb, 
	0x19, 0x57, 0x19, 0x15, 0x11, 0x15, 0x11, 0x15, 
	0x32, 0x1b, 0x19, 0x55, 0x21, 0x99, 0x19, 0x55, 
	0x11, 0x15, 0x19, 0x55, 0x19, 0x55, 0x11, 0x15, 
	0x19, 0x55, 0x19, 0x55, 0x3a, 0x5d, 0x11, 0x15, 
	0x19, 0x55, 0x19, 0x55, 0x11, 0x15, 0x11, 0x15, 
	0x11, 0x15, 0x11, 0x15, 0x19, 0x55, 0x19, 0x55, 
	0x3a, 0x5d, 0x11, 0x15, 0x11, 0x15, 0x11, 0x15, 
	0x19, 0x55, 0x11, 0x15, 0x11, 0x15, 0x19, 0x55, 
	0x11, 0x15, 0x19, 0x15, 0x19, 0x15, 0x19, 0x15, 
	0x19, 0x55, 0x11, 0x15, 0x11, 0x15, 0x19, 0x55, 
	0x19, 0x55, 0x19, 0x15, 0x11, 0x15, 0x11, 0x15, 
	0x29, 0xd9, 0x11, 0x15, 0x11, 0x15, 0x19, 0x55, 
	0x11, 0x15, 0x29, 0xd9, 0x11, 0x15, 0x11, 0x15, 
	0x11, 0x15, 0x21, 0x97, 0x19, 0x55, 0x11, 0x15, 
	0x11, 0x15, 0x11, 0x15, 0x11, 0x15, 0x11, 0x15, 
	0x11, 0x15, 0x19, 0x55, 0x11, 0x15, 0x11, 0x15, 
	0x19, 0x15, 0x19, 0x15, 0x19, 0x15, 0x19, 0x15, 
	0x11, 0x15, 0x11, 0x15, 0x11, 0x15, 0x19, 0x15, 
	0x19, 0x15, 0x19, 0x15, 0x19, 0x15, 0x19, 0x15, 
	0x19, 0x15, 0x11, 0x15, 0x11, 0x15, 0x19, 0x15, 
	0x19, 0x15, 0x19, 0x17, 0x19, 0x17, 0x19, 0x17, 
	0x19, 0x17, 0x19, 0x17, 0x19, 0x17, 0x19, 0x17, 
	0x19, 0x17, 0x19, 0x17, 0x19, 0x19, 0x21, 0x19, 
	0x21, 0x19, 0x19, 0x19, 0x21, 0x19, 0x21, 0x19, 
	0x21, 0x19, 0x21, 0x19, 0x21, 0x1b, 0x29, 0x5d, 
	0x29, 0x5d, 0x29, 0x5b, 0x21, 0x1b, 0x21, 0x1b, 
	0x29, 0x5d, 0x31, 0x5d, 0x39, 0xdf, 0x31, 0x5d, 
	0x31, 0x1d, 0x31, 0x5f, 0x31, 0x5d, 0x31, 0x5d, 
	0x31, 0x5f, 0x31, 0x5d, 0x31, 0x5f, 0x29, 0x5d, 
	0x29, 0x5d, 0x29, 0x5d, 0x31, 0x5f, 0x31, 0x9f, 
	0x29, 0x5f, 0x29, 0x61, 0x29, 0x5f, 0x29, 0x5f, 
	0x31, 0x61, 0x31, 0x61, 0x39, 0xa3, 0x31, 0x61, 
	0x29, 0x61, 0x31, 0xa3, 0x29, 0x61, 0x29, 0x61, 
	0x29, 0x5f, 0x29, 0x5d, 0x29, 0x5d, 0x21, 0x5d, 
	0x21, 0x5d, 0x31, 0x9f, 0x29, 0x5f, 0x29, 0x5f, 
	0x29, 0x5f, 0x29, 0x61, 0x29, 0x5f, 0x29, 0x5f, 
	0x29, 0x5f, 0x29, 0x61, 0x29, 0x61, 0x29, 0x61, 
	0x31, 0xa3, 0x31, 0xa5, 0x39, 0xe7, 0x31, 0xa7, 
	0x39, 0xe7, 0x39, 0xa5, 0x41, 0xa5, 0x39, 0x63, 
	0x39, 0x63, 0x41, 0xa5, 0x39, 0xa3, 0x39, 0x63, 
	0x39, 0xa3, 0x39, 0x63, 0x39, 0x63, 0x52, 0x69, 
	0x39, 0xa3, 0x41, 0xa5, 0x39, 0xa5, 0x39, 0xa5, 
	0x39, 0xa3, 0x39, 0xa5, 0x39, 0xa7, 0x41, 0xa7, 
	0x41, 0xa7, 0x39, 0xa7, 0x41, 0xe9, 0x49, 0xed, 
	0x49, 0xed, 0x49, 0xeb, 0x49, 0xed, 0x52, 0x6f, 
	0x4a, 0x6f, 0x4a, 0x2f, 0x4a, 0x6f, 0x4a, 0x2d, 
	0x42, 0x2d, 0x41, 0xed, 0x42, 0x2d, 0x42, 0x2d, 
	0x41, 0xed, 0x42, 0x2d, 0x42, 0x2d, 0x4a, 0x2d, 
	0x39, 0xeb, 0x39, 0xed, 0x39, 0xed, 0x3a, 0x2f, 
	0x42, 0x2f, 0x31, 0xed, 0x39, 0xed, 0x31, 0xeb, 
	0x29, 0xa9, 0x29, 0xa9, 0x29, 0xa7, 0x29, 0xa7, 
	0x29, 0xe9, 0x32, 0x2b, 0x29, 0xe9, 0x29, 0xe7, 
	0x29, 0xe7, 0x31, 0xe7, 0x29, 0xe7, 0x31, 0xe7, 
	0x31, 0xe7, 0x31, 0xe7, 0x29, 0xe5, 0x21, 0xe5, 
	0x21, 0xe5, 0x21, 0xe5, 0x32, 0x67, 0x21, 0xe5, 
	0x2a, 0x25, 0x21, 0xe3, 0x21, 0xa3, 0x21, 0xa3, 
	0x21, 0xa3, 0x29, 0xe3, 0x29, 0xe3, 0x21, 0xa1, 
	0x21, 0xa1, 0x21, 0xa1, 0x19, 0x9f, 0x21, 0xdf, 
	0x21, 0xdf, 0x32, 0x61, 0x11, 0x9b, 0x32, 0x61, 
	0x21, 0xdd, 0x19, 0x9b, 0x19, 0x9b, 0x11, 0x59, 
	0x19, 0x59, 0x19, 0x59, 0x19, 0x9b, 0x21, 0x9b, 
	0x19, 0x99, 0x19, 0x9b, 0x19, 0x59, 0x19, 0x59, 
	0x5b, 0x65, 0x19, 0x57, 0x19, 0x57, 0x19, 0x57, 
	0x19, 0x57, 0x11, 0x17, 0x11, 0x57, 0x19, 0x57, 
	0x19, 0x57, 0x31, 0xdb, 0x19, 0x15, 0x19, 0x57, 
	0x19, 0x57, 0x21, 0x57, 0x19, 0x57, 0x19, 0x15, 
	0x32, 0x1b, 0x21, 0x99, 0x19, 0x55, 0x11, 0x15, 
	0x19, 0x55, 0x19, 0x55, 0x19, 0x57, 0x19, 0x55, 
	0x29, 0xd9, 0x11, 0x15, 0x11, 0x15, 0x11, 0x15, 
	0x11, 0x15, 0x11, 0x15, 0x19, 0x55, 0x19, 0x15, 
	0x21, 0x97, 0x11, 0x15, 0x11, 0x15, 0x11, 0x15, 
	0x11, 0x15, 0x11, 0x15, 0x19, 0x55, 0x19, 0x55, 
	0x19, 0x55, 0x19, 0x15, 0x19, 0x15, 0x19, 0x15, 
	0x21, 0x57, 0x19, 0x55, 0x11, 0x15, 0x19, 0x55, 
	0x19, 0x15, 0x19, 0x15, 0x11, 0x15, 0x11, 0x15, 
	0x32, 0x1b, 0x21, 0x97, 0x11, 0x15, 0x19, 0x55, 
	0x11, 0x15, 0x11, 0x15, 0x11, 0x15, 0x11, 0x15, 
	0x11, 0x15, 0x19, 0x55, 0x19, 0x55, 0x11, 0x15, 
	0x11, 0x15, 0x11, 0x15, 0x11, 0x15, 0x11, 0x15, 
	0x19, 0x15, 0x19, 0x15, 0x19, 0x15, 0x19, 0x15, 
	0x19, 0x15, 0x19, 0x15, 0x21, 0x97, 0x19, 0x15, 
	0x11, 0x15, 0x19, 0x55, 0x11, 0x15, 0x19, 0x15, 
	0x19, 0x15, 0x19, 0x15, 0x19, 0x15, 0x19, 0x15, 
	0x19, 0x15, 0x11, 0x15, 0x11, 0x15, 0x11, 0x15, 
	0x11, 0x15, 0x19, 0x15, 0x19, 0x15, 0x19, 0x15, 
	0x31, 0xdb, 0x19, 0x17, 0x21, 0x99, 0x19, 0x17, 
	0x19, 0x15, 0x19, 0x17, 0x19, 0x17, 0x19, 0x17, 
	0x21, 0x19, 0x19, 0x17, 0x21, 0x59, 0x21, 0x59, 
	0x19, 0x19, 0x21, 0x19, 0x29, 0x5b, 0x21, 0x1b, 
	0x29, 0x5d, 0x39, 0xdf, 0x29, 0x5d, 0x21, 0x1b, 
	0x21, 0x1b, 0x29, 0x5d, 0x4a, 0x23, 0x31, 0x5d, 
	0x31, 0x5d, 0x31, 0x1d, 0x31, 0x5d, 0x31, 0x5d, 
	0x31, 0x5d, 0x29, 0x5d, 0x31, 0x9f, 0x31, 0x9f, 
	0x29, 0x5d, 0x29, 0x5d, 0x29, 0x5d, 0x29, 0x5f, 
	0x29, 0x5f, 0x4a, 0x67, 0x31, 0xa1, 0x29, 0x61, 
	0x29, 0x61, 0x31, 0x61, 0x29, 0x61, 0x31, 0x61, 
	0x41, 0xe5, 0x39, 0xa3, 0x29, 0x61, 0x29, 0x61, 
	0x29, 0x5f, 0x29, 0x5d, 0x29, 0x9d, 0x31, 0xdf, 
	0x21, 0x5d, 0x21, 0x5d, 0x21, 0x5d, 0x21, 0x5d, 
	0x29, 0x5f, 0x29, 0x5f, 0x29, 0x5f, 0x29, 0x5f, 
	0x29, 0x5f, 0x29, 0x61, 0x29, 0x61, 0x29, 0x61, 
	0x31, 0xa3, 0x31, 0xa5, 0x39, 0xe5, 0x31, 0xa5, 
	0x31, 0xa5, 0x39, 0xa3, 0x39, 0x63, 0x39, 0x61, 
	0x39, 0x61, 0x52, 0x67, 0x39, 0x61, 0x39, 0x63, 
	0x39, 0xa3, 0x39, 0x63, 0x39, 0xa3, 0x39, 0xa3, 
	0x39, 0xa3, 0x52, 0x69, 0x39, 0xa5, 0x41, 0xa5, 
	0x41, 0xa5, 0x39, 0xa5, 0x41, 0xa7, 0x39, 0xa5, 
	0x39, 0xa5, 0x39, 0xa7, 0x41, 0xa9, 0x41, 0xe9, 
	0x41, 0xa9, 0x41, 0xeb, 0x49, 0xed, 0x52, 0x6f, 
	0x4a, 0x2f, 0x4a, 0x2f, 0x4a, 0x6f, 0x4a, 0x2f, 
	0x4a, 0x6f, 0x52, 0xaf, 0x42, 0x2d, 0x42, 0x2d, 
	0x41, 0xed, 0x42, 0x2f, 0x41, 0xed, 0x41, 0xeb, 
	0x39, 0xeb, 0x52, 0xb1, 0x39, 0xed, 0x39, 0xed, 
	0x39, 0xed, 0x3a, 0x2d, 0x39, 0xed, 0x31, 0xeb, 
	0x29, 0xa9, 0x29, 0xa9, 0x3a, 0x2b, 0x29, 0xe9, 
	0x29, 0xe9, 0x29, 0xa7, 0x29, 0xe9, 0x29, 0xe9, 
	0x31, 0xe9, 0x29, 0xa7, 0x29, 0xa7, 0x29, 0xa7, 
	0x29, 0xe7, 0x31, 0xe7, 0x31, 0xe7, 0x29, 0xe7, 
	0x21, 0xe5, 0x21, 0xa5, 0x21, 0xe5, 0x21, 0xe5, 
	0x21, 0xe5, 0x21, 0xe3, 0x21, 0xa3, 0x21, 0xa3, 
	0x29, 0xe5, 0x29, 0xa5, 0x21, 0xa3, 0x32, 0x25, 
	0x29, 0xe5, 0x21, 0xa1, 0x19, 0x9f, 0x19, 0xdf, 
	0x19, 0x9d, 0x2a, 0x5f, 0x11, 0x9b, 0x19, 0x9d, 
	0x19, 0x9b, 0x19, 0x9b, 0x21, 0xdd, 0x11, 0x59, 
	0x19, 0x59, 0x19, 0x59, 0x11, 0x59, 0x19, 0x9b, 
	0x11, 0x59, 0x19, 0x59, 0x19, 0x59, 0x19, 0x59, 
	0x19, 0x99, 0x19, 0x57, 0x19, 0x59, 0x29, 0xdb, 
	0x11, 0x17, 0x11, 0x17, 0x11, 0x57, 0x19, 0x57, 
	0x19, 0x17, 0x19, 0x15, 0x19, 0x57, 0x19, 0x57, 
	0x21, 0x99, 0x19, 0x57, 0x19, 0x17, 0x21, 0x57, 
	0x19, 0x57, 0x19, 0x57, 0x29, 0xd9, 0x21, 0x57, 
	0x11, 0x15, 0x11, 0x15, 0x19, 0x15, 0x19, 0x55, 
	0x32, 0x1b, 0x19, 0x55, 0x19, 0x55, 0x19, 0x55, 
	0x19, 0x55, 0x11, 0x15, 0x11, 0x15, 0x19, 0x55, 
	0x11, 0x15, 0x19, 0x55, 0x11, 0x15, 0x11, 0x15, 
	0x11, 0x15, 0x11, 0x15, 0x19, 0x55, 0x19, 0x55, 
	0x19, 0x55, 0x19, 0x55, 0x19, 0x15, 0x21, 0x97, 
	0x19, 0x15, 0x19, 0x55, 0x11, 0x15, 0x11, 0x15, 
	0x19, 0x15, 0x19, 0x15, 0x19, 0x55, 0x11, 0x15, 
	0x11, 0x15, 0x19, 0x55, 0x11, 0x15, 0x11, 0x15, 
	0x11, 0x15, 0x11, 0x15, 0x11, 0x15, 0x21, 0x97, 
	0x11, 0x15, 0x11, 0x15, 0x11, 0x15, 0x11, 0x15, 
	0x11, 0x15, 0x11, 0x15, 0x11, 0x15, 0x11, 0x15, 
	0x19, 0x15, 0x19, 0x15, 0x19, 0x15, 0x19, 0x15, 
	0x19, 0x55, 0x11, 0x15, 0x11, 0x15, 0x19, 0x55, 
	0x11, 0x15, 0x11, 0x15, 0x11, 0x15, 0x19, 0x15, 
	0x19, 0x15, 0x19, 0x15, 0x19, 0x15, 0x19, 0x15, 
	0x19, 0x15, 0x19, 0x15, 0x11, 0x15, 0x11, 0x15, 
	0x11, 0x15, 0x19, 0x15, 0x11, 0x15, 0x19, 0x15, 
	0x29, 0x99, 0x11, 0x15, 0x19, 0x57, 0x19, 0x17, 
	0x29, 0x99, 0x31, 0xdb, 0x19, 0x17, 0x19, 0x17, 
	0x19, 0x17, 0x21, 0x19, 0x21, 0x19, 0x21, 0x59, 
	0x21, 0x19, 0x21, 0x19, 0x21, 0x19, 0x29, 0x5b, 
	0x21, 0x5b, 0x29, 0x5d, 0x29, 0x5b, 0x29, 0x1b, 
	0x29, 0x1b, 0x31, 0x9f, 0x29, 0x1d, 0x39, 0x9f, 
	0x31, 0x5d, 0x31, 0x5f, 0x31, 0x5d, 0x31, 0x5f, 
	0x29, 0x5d, 0x29, 0x5d, 0x29, 0x5d, 0x29, 0x5d, 
	0x29, 0x5d, 0x29, 0x5d, 0x29, 0x5d, 0x31, 0x5f, 
	0x29, 0x5f, 0x29, 0x5f, 0x31, 0x61, 0x31, 0x61, 
	0x29, 0x5f, 0x31, 0xa1, 0x31, 0xa1, 0x31, 0x61, 
	0x29, 0x61, 0x29, 0x61, 0x29, 0x5f, 0x29, 0x5f, 
	0x29, 0x5f, 0x21, 0x5d, 0x21, 0x5d, 0x21, 0x5d, 
	0x29, 0x9d, 0x21, 0x5d, 0x21, 0x5d, 0x21, 0x5d, 
	0x21, 0x5d, 0x21, 0x5f, 0x29, 0x5f, 0x29, 0x5f, 
	0x29, 0x5f, 0x29, 0x61, 0x42, 0x25, 0x29, 0x61, 
	0x29, 0xa1, 0x31, 0xa3, 0x31, 0xa3, 0x31, 0xa3, 
	0x31, 0x61, 0x31, 0x61, 0x31, 0x61, 0x31, 0x5f, 
	0x31, 0x61, 0x41, 0xe5, 0x31, 0x61, 0x31, 0x61, 
	0x31, 0xa1, 0x39, 0xa3, 0x31, 0x63, 0x39, 0x63, 
	0x39, 0x63, 0x41, 0xa5, 0x39, 0xa5, 0x39, 0x63, 
	0x41, 0xa5, 0x39, 0xa3, 0x39, 0xa3, 0x39, 0xa5, 
	0x39, 0xa5, 0x39, 0xa5, 0x39, 0xa7, 0x41, 0xe7, 
	0x41, 0xa7, 0x41, 0xeb, 0x49, 0xed, 0x4a, 0x2f, 
	0x4a, 0x2f, 0x52, 0x71, 0x6b, 0x35, 0x4a, 0x6f, 
	0x4a, 0x6f, 0x4a, 0x2d, 0x42, 0x2d, 0x4a, 0x6f, 
	0x42, 0x2f, 0x4a, 0x2f, 0x41, 0xed, 0x41, 0xed, 
	0x39, 0xed, 0x39, 0xed, 0x39, 0xed, 0x31, 0xeb, 
	0x31, 0xed, 0x42, 0x2f, 0x31, 0xeb, 0x39, 0xeb, 
	0x31, 0xa7, 0x31, 0xe9, 0x29, 0xa9, 0x29, 0xa9, 
	0x29, 0xe7, 0x29, 0xe7, 0x29, 0xe7, 0x29, 0xe7, 
	0x31, 0xe9, 0x29, 0xa7, 0x29, 0xa7, 0x29, 0xe7, 
	0x31, 0xe9, 0x31, 0xe7, 0x3a, 0x6b, 0x29, 0xe7, 
	0x21, 0xe5, 0x2a, 0x27, 0x21, 0xe5, 0x21, 0xe5, 
	0x21, 0xe5, 0x21, 0xa3, 0x21, 0xe3, 0x29, 0xe3, 
	0x29, 0xe5, 0x29, 0xa5, 0x21, 0xa3, 0x21, 0xa3, 
	0x21, 0xa3, 0x21, 0xa1, 0x19, 0x9f, 0x19, 0x9d, 
	0x19, 0x9d, 0x19, 0x9d, 0x11, 0x9b, 0x19, 0x9b, 
	0x19, 0x9b, 0x11, 0x9b, 0x11, 0x59, 0x11, 0x59, 
	0x21, 0x9b, 0x11, 0x59, 0x11, 0x59, 0x11, 0x59, 
	0x11, 0x59, 0x32, 0x5f, 0x19, 0x59, 0x19, 0x59, 
	0x21, 0x9b, 0x19, 0x59, 0x11, 0x17, 0x19, 0x57, 
	0x11, 0x17, 0x11, 0x57, 0x11, 0x57, 0x11, 0x57, 
	0x11, 0x57, 0x11, 0x57, 0x11, 0x17, 0x19, 0x57, 
	0x19, 0x57, 0x19, 0x57, 0x19, 0x57, 0x21, 0x99, 
	0x19, 0x57, 0x19, 0x15, 0x11, 0x15, 0x11, 0x15, 
	0x11, 0x15, 0x31, 0xd9, 0x21, 0x57, 0x19, 0x55, 
	0x21, 0x57, 0x19, 0x55, 0x19, 0x57, 0x19, 0x57, 
	0x19, 0x55, 0x11, 0x15, 0x19, 0x55, 0x11, 0x15, 
	0x19, 0x55, 0x19, 0x55, 0x11, 0x15, 0x19, 0x57, 
	0x11, 0x15, 0x11, 0x15, 0x19, 0x15, 0x19, 0x55, 
	0x19, 0x15, 0x11, 0x15, 0x19, 0x55, 0x19, 0x55, 
	0x11, 0x15, 0x11, 0x15, 0x19, 0x15, 0x19, 0x55, 
	0x11, 0x15, 0x11, 0x15, 0x11, 0x15, 0x11, 0x15, 
	0x11, 0x15, 0x11, 0x15, 0x19, 0x55, 0x19, 0x57, 
	0x19, 0x55, 0x19, 0x55, 0x3a, 0x5b, 0x11, 0x15, 
	0x11, 0x15, 0x11, 0x15, 0x11, 0x15, 0x11, 0x15, 
	0x11, 0x15, 0x11, 0x15, 0x11, 0x15, 0x11, 0x15, 
	0x11, 0x15, 0x11, 0x15, 0x19, 0x15, 0x19, 0x15, 
	0x11, 0x15, 0x11, 0x15, 0x11, 0x15, 0x19, 0x55, 
	0x19, 0x55, 0x11, 0x15, 0x11, 0x15, 0x19, 0x55, 
	0x19, 0x15, 0x19, 0x55, 0x19, 0x15, 0x19, 0x15, 
	0x19, 0x15, 0x11, 0x15, 0x11, 0x15, 0x19, 0x15, 
	0x19, 0x15, 0x19, 0x15, 0x19, 0x17, 0x19, 0x15, 
	0x19, 0x15, 0x11, 0x15, 0x19, 0x15, 0x19, 0x15, 
	0x19, 0x15, 0x19, 0x17, 0x19, 0x17, 0x19, 0x17, 
	0x21, 0x19, 0x21, 0x59, 0x29, 0x59, 0x39, 0xdd, 
	0x31, 0x9b, 0x21, 0x19, 0x21, 0x59, 0x29, 0x5b, 
	0x21, 0x1b, 0x21, 0x19, 0x29, 0x5b, 0x31, 0x9d, 
	0x29, 0x5d, 0x29, 0x1b, 0x39, 0x9f, 0x31, 0x5d, 
	0x31, 0x5f, 0x29, 0x1d, 0x29, 0x5d, 0x29, 0x5d, 
	0x29, 0x5d, 0x39, 0x9f, 0x29, 0x5d, 0x29, 0x5d, 
	0x29, 0x5d, 0x29, 0x5d, 0x29, 0x5d, 0x29, 0x5f, 
	0x29, 0x5f, 0x29, 0x5f, 0x31, 0x61, 0x29, 0x5f, 
	0x29, 0x5f, 0x29, 0x5f, 0x29, 0x5f, 0x29, 0x5d, 
	0x29, 0x5f, 0x29, 0x5f, 0x29, 0x5f, 0x29, 0x5f, 
	0x29, 0x5d, 0x21, 0x5d, 0x21, 0x5d, 0x21, 0x5d, 
	0x21, 0x5d, 0x21, 0x5d, 0x21, 0x5d, 0x21, 0x5d, 
	0x29, 0x9f, 0x21, 0x5d, 0x21, 0x5f, 0x31, 0x9f, 
	0x39, 0xe3, 0x29, 0x5f, 0x21, 0x5f, 0x21, 0x5f, 
	0x21, 0x5f, 0x29, 0xa1, 0x29, 0x61, 0x29, 0x61, 
	0x29, 0x5f, 0x29, 0x5f, 0x29, 0x5f, 0x29, 0x5f, 
	0x39, 0xe3, 0x31, 0x61, 0x31, 0x61, 0x4a, 0x25, 
	0x39, 0xa3, 0x41, 0xe5, 0x31, 0x63, 0x4a, 0x27, 
	0x39, 0x63, 0x39, 0xa3, 0x39, 0x63, 0x39, 0x61, 
	0x52, 0x27, 0x39, 0x63, 0x39, 0x63, 0x39, 0xa5, 
	0x39, 0xa5, 0x39, 0xa5, 0x39, 0xa7, 0x39, 0xa7, 
	0x4a, 0x2b, 0x41, 0xeb, 0x49, 0xed, 0x4a, 0x2f, 
	0x4a, 0x2f, 0x52, 0x6f, 0x52, 0x71, 0x4a, 0x2f, 
	0x4a, 0x2d, 0x41, 0xed, 0x42, 0x2d, 0x42, 0x2f, 
	0x4a, 0x31, 0x4a, 0x71, 0x42, 0x2d, 0x41, 0xed, 
	0x42, 0x2f, 0x39, 0xed, 0x39, 0xeb, 0x31, 0xe9, 
	0x31, 0xe9, 0x31, 0xeb, 0x31, 0xe9, 0x31, 0xe9, 
	0x31, 0xe9, 0x39, 0xeb, 0x31, 0xe9, 0x29, 0xe9, 
	0x29, 0xa7, 0x29, 0xe9, 0x32, 0x29, 0x3a, 0x6b, 
	0x31, 0xe9, 0x31, 0xe9, 0x29, 0xe7, 0x31, 0xe7, 
	0x31, 0xe7, 0x42, 0x6b, 0x32, 0x29, 0x29, 0xe7, 
	0x29, 0xe7, 0x29, 0xe7, 0x32, 0x29, 0x29, 0xe7, 
	0x29, 0xe5, 0x21, 0xe5, 0x29, 0xe5, 0x21, 0xa3, 
	0x31, 0xe7, 0x29, 0xe5, 0x31, 0xe5, 0x21, 0xa1, 
	0x21, 0xa1, 0x19, 0x9f, 0x19, 0x9d, 0x19, 0x9d, 
	0x19, 0x9d, 0x11, 0x9b, 0x11, 0x9d, 0x19, 0x9b, 
	0x19, 0x9b, 0x19, 0x9b, 0x11, 0x59, 0x19, 0x9b, 
	0x19, 0x9b, 0x19, 0x59, 0x19, 0x59, 0x19, 0x59, 
	0x19, 0x59, 0x19, 0x59, 0x19, 0x59, 0x19, 0x59, 
	0x19, 0x57, 0x19, 0x57, 0x19, 0x57, 0x11, 0x17, 
	0x19, 0x57, 0x11, 0x57, 0x11, 0x57, 0x11, 0x57, 
	0x11, 0x57, 0x11, 0x57, 0x11, 0x17, 0x19, 0x17, 
	0x19, 0x57, 0x19, 0x17, 0x19, 0x15, 0x19, 0x15, 
	0x19, 0x57, 0x19, 0x15, 0x11, 0x15, 0x11, 0x15, 
	0x11, 0x15, 0x21, 0x97, 0x21, 0x97, 0x19, 0x55, 
	0x19, 0x55, 0x11, 0x15, 0x11, 0x15, 0x19, 0x57, 
	0x29, 0x99, 0x19, 0x55, 0x19, 0x55, 0x19, 0x55, 
	0x11, 0x15, 0x11, 0x15, 0x11, 0x15, 0x19, 0x55, 
	0x11, 0x15, 0x11, 0x15, 0x19, 0x15, 0x19, 0x15, 
	0x19, 0x15, 0x29, 0xd9, 0x11, 0x15, 0x11, 0x15, 
	0x19, 0x15, 0x19, 0x15, 0x19, 0x15, 0x11, 0x15, 
	0x11, 0x15, 0x11, 0x15, 0x11, 0x15, 0x11, 0x15, 
	0x21, 0x97, 0x19, 0x55, 0x11, 0x15, 0x19, 0x55, 
	0x19, 0x55, 0x11, 0x15, 0x11, 0x15, 0x19, 0x55, 
	0x11, 0x15, 0x19, 0x55, 0x11, 0x15, 0x11, 0x15, 
	0x11, 0x15, 0x11, 0x15, 0x11, 0x15, 0x11, 0x15, 
	0x11, 0x15, 0x11, 0x15, 0x19, 0x15, 0x19, 0x15, 
	0x11, 0x15, 0x11, 0x15, 0x11, 0x15, 0x11, 0x15, 
	0x21, 0x97, 0x19, 0x55, 0x19, 0x15, 0x19, 0x55, 
	0x19, 0x57, 0x29, 0xd9, 0x19, 0x55, 0x19, 0x15, 
	0x19, 0x15, 0x11, 0x15, 0x11, 0x15, 0x19, 0x15, 
	0x19, 0x15, 0x19, 0x15, 0x19, 0x15, 0x19, 0x15, 
	0x19, 0x17, 0x11, 0x15, 0x19, 0x57, 0x11, 0x15, 
	0x19, 0x15, 0x19, 0x15, 0x21, 0x57, 0x19, 0x17, 
	0x19, 0x17, 0x19, 0x17, 0x21, 0x17, 0x21, 0x17, 
	0x29, 0x59, 0x21, 0x17, 0x21, 0x19, 0x21, 0x19, 
	0x21, 0x19, 0x21, 0x19, 0x21, 0x1b, 0x29, 0x5b, 
	0x29, 0x1b, 0x21, 0x1b, 0x29, 0x5d, 0x29, 0x5d, 
	0x29, 0x1d, 0x29, 0x1d, 0x29, 0x1d, 0x21, 0x1b, 
	0x31, 0x9d, 0x29, 0x1b, 0x29, 0x5d, 0x29, 0x5d, 
	0x29, 0x1d, 0x29, 0x1d, 0x29, 0x5d, 0x42, 0x23, 
	0x39, 0xa3, 0x29, 0x5f, 0x29, 0x5f, 0x29, 0x5f, 
	0x31, 0x5f, 0x29, 0x5d, 0x31, 0x9f, 0x31, 0x9f, 
	0x29, 0x5f, 0x29, 0x5f, 0x29, 0x5f, 0x29, 0x5d, 
	0x42, 0x23, 0x21, 0x5d, 0x21, 0x5b, 0x31, 0xdf, 
	0x29, 0x9d, 0x21, 0x5b, 0x21, 0x5b, 0x21, 0x5d, 
	0x21, 0x5d, 0x21, 0x5d, 0x21, 0x5d, 0x29, 0x5f, 
	0x31, 0x9f, 0x31, 0xa1, 0x29, 0x5f, 0x21, 0x5f, 
	0x21, 0x5f, 0x29, 0x61, 0x29, 0x61, 0x29, 0x5f, 
	0x29, 0x5f, 0x29, 0x5f, 0x31, 0x5f, 0x29, 0x5f, 
	0x39, 0xa1, 0x31, 0x61, 0x31, 0xa1, 0x31, 0xa1, 
	0x31, 0x61, 0x31, 0x61, 0x31, 0x63, 0x31, 0x63, 
	0x39, 0xa3, 0x39, 0x63, 0x39, 0x61, 0x39, 0xa1, 
	0x39, 0x61, 0x39, 0x61, 0x39, 0x63, 0x41, 0xa7, 
	0x41, 0xe7, 0x39, 0x65, 0x39, 0xa7, 0x39, 0xa7, 
	0x41, 0xa7, 0x49, 0xeb, 0x52, 0x6f, 0x4a, 0x2d, 
	0x4a, 0x2f, 0x4a, 0x2f, 0x4a, 0x2f, 0x4a, 0x2f, 
	0x49, 0xed, 0x41, 0xed, 0x42, 0x2f, 0x4a, 0x31, 
	0x4a, 0x73, 0x4a, 0x71, 0x42, 0x2f, 0x39, 0xed, 
	0x42, 0x2f, 0x42, 0x2d, 0x39, 0xeb, 0x31, 0xe9, 
	0x31, 0xe9, 0x31, 0xeb, 0x31, 0xe9, 0x4a, 0x6d, 
	0x39, 0xe9, 0x31, 0xe9, 0x31, 0xeb, 0x32, 0x2b, 
	0x29, 0xe9, 0x29, 0xe9, 0x3a, 0x6b, 0x29, 0xe9, 
	0x29, 0xe7, 0x29, 0xa7, 0x29, 0xe7, 0x31, 0xe9, 
	0x29, 0xe7, 0x29, 0xe7, 0x29, 0xe7, 0x42, 0xad, 
	0x29, 0xe7, 0x29, 0xe9, 0x29, 0xe9, 0x29, 0xe7, 
	0x29, 0xe7, 0x29, 0xe5, 0x29, 0xe5, 0x29, 0xa5, 
	0x3a, 0x29, 0x31, 0xe7, 0x21, 0xa3, 0x21, 0xa1, 
	0x19, 0x9f, 0x19, 0x9d, 0x11, 0x9d, 0x19, 0x9d, 
	0x19, 0xdd, 0x21, 0xdf, 0x19, 0x9d, 0x19, 0x9b, 
	0x19, 0x9b, 0x11, 0x5b, 0x11, 0x59, 0x11, 0x59, 
	0x19, 0x9b, 0x11, 0x59, 0x19, 0x9b, 0x19, 0x59, 
	0x21, 0xdb, 0x11, 0x59, 0x19, 0x59, 0x19, 0x59, 
	0x19, 0x57, 0x19, 0x59, 0x19, 0x57, 0x19, 0x57, 
	0x19, 0x57, 0x19, 0x57, 0x11, 0x57, 0x19, 0x57, 
	0x11, 0x57, 0x11, 0x57, 0x11, 0x57, 0x11, 0x17, 
	0x19, 0x57, 0x19, 0x57, 0x19, 0x15, 0x19, 0x57, 
	0x19, 0x57, 0x29, 0xdb, 0x11, 0x15, 0x19, 0x15, 
	0x11, 0x15, 0x19, 0x55, 0x19, 0x57, 0x19, 0x57, 
	0x19, 0x55, 0x11, 0x15, 0x11, 0x15, 0x19, 0x55, 
	0x21, 0x97, 0x19, 0x55, 0x11, 0x15, 0x19, 0x55, 
	0x19, 0x55, 0x19, 0x57, 0x19, 0x55, 0x19, 0x55, 
	0x11, 0x15, 0x19, 0x15, 0x19, 0x15, 0x19, 0x55, 
	0x19, 0x15, 0x21, 0x97, 0x11, 0x15, 0x11, 0x15, 
	0x11, 0x15, 0x19, 0x15, 0x21, 0x57, 0x11, 0x15, 
	0x11, 0x15, 0x11, 0x15, 0x19, 0x55, 0x11, 0x15, 
	0x19, 0x55, 0x19, 0x55, 0x11, 0x15, 0x11, 0x15, 
	0x19, 0x55, 0x19, 0x55, 0x11, 0x15, 0x11, 0x15, 
	0x11, 0x15, 0x19, 0x55, 0x11, 0x15, 0x11, 0x15, 
	0x19, 0x55, 0x11, 0x15, 0x11, 0x15, 0x11, 0x15, 
	0x11, 0x15, 0x11, 0x15, 0x19, 0x15, 0x19, 0x15, 
	0x19, 0x55, 0x11, 0x15, 0x19, 0x55, 0x11, 0x15, 
	0x11, 0x15, 0x11, 0x15, 0x11, 0x15, 0x11, 0x15, 
	0x11, 0x15, 0x19, 0x55, 0x32, 0x1b, 0x19, 0x15, 
	0x19, 0x15, 0x19, 0x15, 0x19, 0x55, 0x19, 0x15, 
	0x19, 0x15, 0x19, 0x15, 0x19, 0x17, 0x11, 0x15, 
	0x11, 0x15, 0x19, 0x15, 0x19, 0x15, 0x29, 0x99, 
	0x19, 0x15, 0x19, 0x15, 0x21, 0x57, 0x19, 0x17, 
	0x19, 0x17, 0x21, 0x17, 0x19, 0x17, 0x21, 0x59, 
	0x19, 0x17, 0x21, 0x17, 0x21, 0x59, 0x21, 0x19, 
	0x21, 0x19, 0x29, 0x5b, 0x21, 0x19, 0x21, 0x19, 
	0x21, 0x1b, 0x29, 0x5b, 0x29, 0x1b, 0x29, 0x1b, 
	0x29, 0x1b, 0x29, 0x5d, 0x29, 0x1b, 0x21, 0x1b, 
	0x29, 0x5b, 0x21, 0x1b, 0x29, 0x5b, 0x29, 0x1b, 
	0x29, 0x5d, 0x29, 0x5d, 0x29, 0x1d, 0x29, 0x5f, 
	0x29, 0x1f, 0x29, 0x1f, 0x29, 0x5d, 0x29, 0x5d, 
	0x31, 0x9f, 0x29, 0x5d, 0x29, 0x5d, 0x31, 0x9f, 
	0x31, 0x9f, 0x31, 0x9f, 0x29, 0x5d, 0x21, 0x1d, 
	0x21, 0x5d, 0x21, 0x5b, 0x29, 0x5d, 0x21, 0x5d, 
	0x21, 0x5d, 0x21, 0x1b, 0x21, 0x5b, 0x21, 0x5b, 
	0x21, 0x5b, 0x21, 0x5b, 0x29, 0x9d, 0x21, 0x5d, 
	0x21, 0x5d, 0x21, 0x5f, 0x21, 0x5f, 0x29, 0xa1, 
	0x29, 0x61, 0x29, 0x61, 0x29, 0x61, 0x29, 0x5f, 
	0x42, 0x23, 0x31, 0x5f, 0x29, 0x5d, 0x29, 0x5d, 
	0x31, 0x5f, 0x31, 0x5f, 0x39, 0xa3, 0x31, 0x61, 
	0x31, 0x61, 0x31, 0x61, 0x31, 0x61, 0x31, 0x61, 
	0x39, 0x61, 0x31, 0x61, 0x39, 0x61, 0x41, 0xa3, 
	0x39, 0x61, 0x41, 0xe3, 0x39, 0xa3, 0x41, 0xa7, 
	0x39, 0x65, 0x39, 0xa7, 0x39, 0xa5, 0x41, 0xa7, 
	0x41, 0xa7, 0x41, 0xe9, 0x41, 0xeb, 0x41, 0xed, 
	0x49, 0xed, 0x4a, 0x2f, 0x4a, 0x2f, 0x4a, 0x2f, 
	0x49, 0xef, 0x49, 0xef, 0x4a, 0x2f, 0x4a, 0x31, 
	0x52, 0xb3, 0x4a, 0x71, 0x42, 0x2f, 0x39, 0xed, 
	0x41, 0xed, 0x42, 0x2d, 0x39, 0xed, 0x31, 0xe9, 
	0x31, 0xe9, 0x31, 0xe9, 0x4a, 0xaf, 0x3a, 0x2b, 
	0x3a, 0x2b, 0x31, 0xe9, 0x3a, 0x2b, 0x31, 0xe9, 
	0x29, 0xe9, 0x29, 0xe9, 0x31, 0xe9, 0x29, 0xe9, 
	0x29, 0xe7, 0x29, 0xe7, 0x29, 0xe7, 0x31, 0xe9, 
	0x31, 0xe7, 0x29, 0xe7, 0x29, 0xe7, 0x29, 0xe7, 
	0x29, 0xe9, 0x32, 0x2b, 0x29, 0xe9, 0x29, 0xe7, 
	0x29, 0xe7, 0x29, 0xe7, 0x32, 0x29, 0x4a, 0xad, 
	0x31, 0xe7, 0x29, 0xe5, 0x21, 0xa3, 0x21, 0xe1, 
	0x21, 0xe1, 0x11, 0x9d, 0x11, 0x9d, 0x11, 0x9d, 
	0x11, 0x9d, 0x11, 0x9d, 0x11, 0x9d, 0x11, 0x9b, 
	0x19, 0x9b, 0x19, 0x9b, 0x19, 0x9b, 0x19, 0x99, 
	0x32, 0x5f, 0x11, 0x59, 0x11, 0x59, 0x11, 0x59, 
	0x19, 0x59, 0x19, 0x9b, 0x19, 0x59, 0x19, 0x59, 
	0x11, 0x57, 0x19, 0x57, 0x21, 0x99, 0x19, 0x57, 
	0x19, 0x57, 0x19, 0x57, 0x19, 0x57, 0x19, 0x57, 
	0x21, 0x99, 0x11, 0x57, 0x19, 0x57, 0x19, 0x17, 
	0x21, 0x57, 0x19, 0x57, 0x19, 0x15, 0x19, 0x15, 
	0x19, 0x57, 0x32, 0x1b, 0x19, 0x57, 0x19, 0x15, 
	0x19, 0x57, 0x11, 0x15, 0x11, 0x15, 0x19, 0x55, 
	0x11, 0x15, 0x19, 0x55, 0x19, 0x55, 0x19, 0x57, 
	0x3a, 0x5d, 0x19, 0x55, 0x19, 0x55, 0x11, 0x15, 
	0x11, 0x15, 0x19, 0x55, 0x21, 0x57, 0x11, 0x15, 
	0x11, 0x15, 0x11, 0x15, 0x19, 0x15, 0x19, 0x15, 
	0x19, 0x55, 0x11, 0x15, 0x11, 0x15, 0x19, 0x55, 
	0x19, 0x55, 0x19, 0x15, 0x21, 0x97, 0x19, 0x55, 
	0x19, 0x55, 0x19, 0x55, 0x11, 0x15, 0x19, 0x55, 
	0x19, 0x57, 0x11, 0x15, 0x11, 0x15, 0x11, 0x15, 
	0x11, 0x15, 0x19, 0x55, 0x19, 0x55, 0x19, 0x55, 
	0x11, 0x15, 0x11, 0x15, 0x11, 0x15, 0x19, 0x55, 
	0x21, 0x57, 0x21, 0x97, 0x11, 0x15, 0x11, 0x15, 
	0x11, 0x15, 0x19, 0x15, 0x19, 0x15, 0x19, 0x15, 
	0x19, 0x55, 0x11, 0x15, 0x11, 0x15, 0x11, 0x15, 
	0x19, 0x55, 0x11, 0x15, 0x11, 0x15, 0x11, 0x15, 
	0x11, 0x15, 0x11, 0x15, 0x19, 0x57, 0x11, 0x15, 
	0x19, 0x15, 0x19, 0x15, 0x21, 0x57, 0x19, 0x15, 
	0x19, 0x15, 0x19, 0x15, 0x21, 0x99, 0x11, 0x15, 
	0x11, 0x15, 0x19, 0x15, 0x19, 0x15, 0x19, 0x15, 
	0x19, 0x17, 0x19, 0x15, 0x31, 0xdb, 0x42, 0x5f, 
	0x19, 0x17, 0x19, 0x17, 0x19, 0x17, 0x21, 0x59, 
	0x21, 0x17, 0x21, 0x59, 0x21, 0x17, 0x21, 0x17, 
	0x19, 0x19, 0x21, 0x19, 0x21, 0x19, 0x21, 0x19, 
	0x21, 0x1b, 0x21, 0x1b, 0x21, 0x1b, 0x31, 0x9d, 
	0x29, 0x1b, 0x41, 0xe1, 0x39, 0xdf, 0x21, 0x1b, 
	0x29, 0x5b, 0x21, 0x1b, 0x21, 0x1b, 0x29, 0x1b, 
	0x21, 0x1b, 0x29, 0x1d, 0x29, 0x1d, 0x29, 0x1d, 
	0x29, 0x5f, 0x29, 0x5f, 0x29, 0x1d, 0x29, 0x5f, 
	0x29, 0x5d, 0x4a, 0x65, 0x29, 0x5f, 0x29, 0x5d, 
	0x29, 0x5d, 0x29, 0x5d, 0x21, 0x5d, 0x21, 0x5d, 
	0x21, 0x5d, 0x21, 0x5d, 0x21, 0x5d, 0x21, 0x5d, 
	0x21, 0x5b, 0x21, 0x5b, 0x29, 0x5b, 0x21, 0x5b, 
	0x21, 0x5b, 0x21, 0x5b, 0x21, 0x5b, 0x21, 0x5b, 
	0x21, 0x5b, 0x21, 0x5d, 0x21, 0x5f, 0x29, 0x61, 
	0x29, 0x61, 0x29, 0x61, 0x29, 0x5f, 0x29, 0x5d, 
	0x29, 0x5d, 0x39, 0xe1, 0x29, 0x5d, 0x29, 0x5d, 
	0x31, 0xa1, 0x31, 0x5f, 0x31, 0x61, 0x31, 0x61, 
	0x41, 0xe3, 0x31, 0x61, 0x31, 0x61, 0x31, 0x61, 
	0x31, 0x61, 0x31, 0x61, 0x31, 0x61, 0x39, 0x61, 
	0x39, 0x61, 0x39, 0xa3, 0x39, 0x63, 0x39, 0xa5, 
	0x39, 0xa5, 0x41, 0xe7, 0x39, 0xa5, 0x41, 0xe7, 
	0x41, 0xe9, 0x49, 0xe9, 0x41, 0xe9, 0x41, 0xeb, 
	0x49, 0xed, 0x4a, 0x2f, 0x4a, 0x2f, 0x52, 0x2f, 
	0x49, 0xef, 0x4a, 0x2f, 0x4a, 0x2f, 0x52, 0x31, 
	0x4a, 0x31, 0x42, 0x2f, 0x41, 0xed, 0x39, 0xed, 
	0x42, 0x2f, 0x39, 0xed, 0x39, 0xeb, 0x31, 0xeb, 
	0x39, 0xe9, 0x42, 0x2b, 0x39, 0xeb, 0x42, 0x2d, 
	0x39, 0xeb, 0x3a, 0x2b, 0x31, 0xeb, 0x31, 0xeb, 
	0x31, 0xeb, 0x31, 0xeb, 0x29, 0xe9, 0x29, 0xe9, 
	0x29, 0xe7, 0x29, 0xe7, 0x31, 0xe9, 0x31, 0xe9, 
	0x29, 0xe7, 0x32, 0x27, 0x3a, 0x69, 0x29, 0xe7, 
	0x32, 0x2b, 0x32, 0x2b, 0x32, 0x29, 0x29, 0xe9, 
	0x32, 0x29, 0x31, 0xe9, 0x31, 0xe7, 0x29, 0xa5, 
	0x29, 0xe5, 0x21, 0xa1, 0x21, 0xa1, 0x21, 0xa1, 
	0x19, 0x9f, 0x19, 0x9d, 0x19, 0x9f, 0x19, 0x9d, 
	0x19, 0x9d, 0x11, 0x9d, 0x11, 0x9d, 0x11, 0x9b, 
	0x19, 0x9b, 0x21, 0xdd, 0x11, 0x5b, 0x11, 0x59, 
	0x19, 0x9b, 0x11, 0x59, 0x11, 0x59, 0x11, 0x59, 
	0x19, 0x59, 0x19, 0x59, 0x19, 0x9b, 0x11, 0x59, 
	0x19, 0x59, 0x19, 0x59, 0x19, 0x59, 0x11, 0x17, 
	0x19, 0x57, 0x19, 0x57, 0x21, 0x99, 0x11, 0x57, 
	0x11, 0x57, 0x11, 0x57, 0x11, 0x17, 0x19, 0x57, 
	0x19, 0x57, 0x19, 0x57, 0x19, 0x57, 0x19, 0x57, 
	0x21, 0x57, 0x19, 0x57, 0x19, 0x57, 0x19, 0x55, 
	0x21, 0x97, 0x19, 0x57, 0x11, 0x15, 0x19, 0x55, 
	0x19, 0x55, 0x19, 0x55, 0x21, 0x99, 0x19, 0x57, 
	0x19, 0x55, 0x19, 0x55, 0x19, 0x55, 0x11, 0x15, 
	0x11, 0x15, 0x11, 0x15, 0x11, 0x15, 0x11, 0x15, 
	0x11, 0x15, 0x11, 0x15, 0x11, 0x15, 0x11, 0x15, 
	0x11, 0x15, 0x11, 0x15, 0x11, 0x15, 0x19, 0x55, 
	0x19, 0x55, 0x19, 0x55, 0x19, 0x55, 0x11, 0x15, 
	0x11, 0x15, 0x21, 0x99, 0x11, 0x15, 0x11, 0x15, 
	0x19, 0x55, 0x19, 0x55, 0x11, 0x15, 0x19, 0x57, 
	0x11, 0x15, 0x11, 0x15, 0x19, 0x57, 0x19, 0x55, 
	0x11, 0x15, 0x19, 0x55, 0x19, 0x55, 0x11, 0x15, 
	0x11, 0x15, 0x11, 0x15, 0x11, 0x15, 0x11, 0x15, 
	0x11, 0x15, 0x19, 0x15, 0x19, 0x15, 0x19, 0x15, 
	0x19, 0x55, 0x19, 0x55, 0x21, 0x57, 0x11, 0x15, 
	0x19, 0x15, 0x19, 0x15, 0x19, 0x15, 0x11, 0x15, 
	0x21, 0x97, 0x19, 0x55, 0x11, 0x15, 0x11, 0x15, 
	0x19, 0x15, 0x19, 0x55, 0x21, 0x57, 0x11, 0x15, 
	0x19, 0x15, 0x19, 0x15, 0x19, 0x15, 0x11, 0x15, 
	0x11, 0x15, 0x3a, 0x1b, 0x19, 0x15, 0x19, 0x15, 
	0x19, 0x15, 0x19, 0x15, 0x21, 0x57, 0x19, 0x15, 
	0x19, 0x17, 0x19, 0x17, 0x19, 0x17, 0x29, 0x59, 
	0x21, 0x17, 0x21, 0x59, 0x21, 0x59, 0x21, 0x17, 
	0x19, 0x17, 0x21, 0x19, 0x21, 0x19, 0x21, 0x1b, 
	0x21, 0x5b, 0x21, 0x19, 0x21, 0x1b, 0x21, 0x1b, 
	0x21, 0x1b, 0x21, 0x1b, 0x21, 0x1b, 0x31, 0x9d, 
	0x21, 0x1b, 0x21, 0x1b, 0x21, 0x1b, 0x21, 0x1b, 
	0x21, 0x1b, 0x21, 0x1b, 0x29, 0x1d, 0x21, 0x1b, 
	0x29, 0x1d, 0x31, 0x9f, 0x31, 0x5f, 0x4a, 0x65, 
	0x29, 0x5d, 0x29, 0x5f, 0x29, 0x5f, 0x29, 0x5d, 
	0x29, 0x5d, 0x21, 0x5d, 0x29, 0x5d, 0x29, 0x5d, 
	0x29, 0x5f, 0x21, 0x5d, 0x21, 0x5d, 0x21, 0x5b, 
	0x21, 0x5b, 0x21, 0x1b, 0x21, 0x5b, 0x21, 0x5b, 
	0x21, 0x5b, 0x21, 0x5b, 0x21, 0x1b, 0x21, 0x5b, 
	0x21, 0x5b, 0x39, 0xe1, 0x29, 0x9f, 0x29, 0xa1, 
	0x29, 0x61, 0x29, 0x5f, 0x29, 0x5f, 0x29, 0x5d, 
	0x29, 0x5d, 0x29, 0x5d, 0x29, 0x5d, 0x29, 0x5d, 
	0x31, 0x5f, 0x29, 0x5f, 0x31, 0x61, 0x31, 0x61, 
	0x42, 0x25, 0x31, 0x61, 0x39, 0xa1, 0x31, 0xa1, 
	0x31, 0x61, 0x39, 0xa1, 0x39, 0xa3, 0x39, 0x61, 
	0x31, 0x61, 0x31, 0x61, 0x39, 0x63, 0x39, 0x63, 
	0x39, 0x63, 0x39, 0xa5, 0x39, 0xa5, 0x52, 0x2b, 
	0x41, 0xe9, 0x41, 0xa9, 0x41, 0xeb, 0x41, 0xeb, 
	0x41, 0xeb, 0x49, 0xed, 0x49, 0xed, 0x49, 0xef, 
	0x49, 0xef, 0x49, 0xef, 0x5a, 0x73, 0x4a, 0x31, 
	0x4a, 0x71, 0x42, 0x2f, 0x41, 0xed, 0x41, 0xed, 
	0x41, 0xed, 0x41, 0xed, 0x39, 0xeb, 0x39, 0xeb, 
	0x39, 0xe9, 0x39, 0xeb, 0x39, 0xeb, 0x39, 0xeb, 
	0x3a, 0x2b, 0x42, 0x2d, 0x31, 0xeb, 0x31, 0xeb, 
	0x3a, 0x2d, 0x31, 0xeb, 0x31, 0xeb, 0x31, 0xe9, 
	0x29, 0xe9, 0x32, 0x29, 0x29, 0xe7, 0x31, 0xe9, 
	0x31, 0xe7, 0x32, 0x29, 0x3a, 0x69, 0x29, 0xe9, 
	0x31, 0xeb, 0x32, 0x2b, 0x3a, 0x6b, 0x4a, 0xad, 
	0x29, 0xe9, 0x32, 0x29, 0x29, 0xe5, 0x21, 0xa3, 
	0x21, 0xa3, 0x21, 0xa3, 0x29, 0xe3, 0x21, 0xa1, 
	0x21, 0xdf, 0x19, 0x9d, 0x21, 0xdf, 0x19, 0x9d, 
	0x19, 0x9d, 0x11, 0x9d, 0x11, 0x9d, 0x19, 0x9d, 
	0x19, 0x9b, 0x21, 0x9b, 0x19, 0x5b, 0x19, 0x9b, 
	0x19, 0x9b, 0x11, 0x59, 0x19, 0x59, 0x11, 0x59, 
	0x21, 0x9b, 0x11, 0x59, 0x19, 0x59, 0x19, 0x59, 
	0x19, 0x9b, 0x19, 0x59, 0x11, 0x57, 0x19, 0x57, 
	0x29, 0xdb, 0x21, 0x99, 0x21, 0x59, 0x19, 0x57, 
	0x19, 0x57, 0x11, 0x57, 0x19, 0x57, 0x19, 0x57, 
	0x19, 0x57, 0x19, 0x57, 0x19, 0x57, 0x21, 0x57, 
	0x19, 0x57, 0x19, 0x17, 0x19, 0x15, 0x11, 0x15, 
	0x11, 0x15, 0x11, 0x15, 0x19, 0x55, 0x19, 0x57, 
	0x19, 0x55, 0x11, 0x15, 0x11, 0x15, 0x11, 0x15, 
	0x21, 0x57, 0x19, 0x55, 0x19, 0x55, 0x11, 0x15, 
	0x19, 0x55, 0x19, 0x55, 0x19, 0x55, 0x19, 0x55, 
	0x11, 0x15, 0x11, 0x15, 0x19, 0x17, 0x19, 0x17, 
	0x11, 0x15, 0x11, 0x15, 0x11, 0x15, 0x21, 0x97, 
	0x11, 0x15, 0x19, 0x55, 0x19, 0x57, 0x29, 0xd9, 
	0x32, 0x1b, 0x19, 0x55, 0x21, 0x97, 0x11, 0x15, 
	0x11, 0x15, 0x11, 0x15, 0x11, 0x15, 0x11, 0x15, 
	0x11, 0x15, 0x19, 0x55, 0x11, 0x15, 0x11, 0x15, 
	0x19, 0x55, 0x19, 0x55, 0x19, 0x55, 0x11, 0x15, 
	0x11, 0x15, 0x11, 0x15, 0x11, 0x15, 0x11, 0x15, 
	0x11, 0x15, 0x11, 0x15, 0x11, 0x15, 0x11, 0x15, 
	0x11, 0x15, 0x29, 0xd9, 0x29, 0xd7, 0x19, 0x15, 
	0x19, 0x15, 0x19, 0x15, 0x19, 0x55, 0x11, 0x15, 
	0x21, 0x97, 0x11, 0x15, 0x11, 0x15, 0x11, 0x15, 
	0x19, 0x15, 0x19, 0x15, 0x19, 0x15, 0x19, 0x15, 
	0x11, 0x15, 0x19, 0x15, 0x21, 0x57, 0x19, 0x15, 
	0x19, 0x15, 0x11, 0x15, 0x11, 0x13, 0x19, 0x15, 
	0x19, 0x15, 0x19, 0x15, 0x19, 0x15, 0x19, 0x15, 
	0x19, 0x15, 0x19, 0x17, 0x19, 0x17, 0x21, 0x17, 
	0x21, 0x17, 0x21, 0x59, 0x29, 0x59, 0x19, 0x17, 
	0x19, 0x17, 0x21, 0x59, 0x21, 0x19, 0x21, 0x59, 
	0x19, 0x19, 0x21, 0x19, 0x21, 0x1b, 0x21, 0x1b, 
	0x21, 0x1b, 0x21, 0x1b, 0x21, 0x1b, 0x31, 0x9d, 
	0x21, 0x1b, 0x21, 0x1b, 0x21, 0x1b, 0x29, 0x5b, 
	0x21, 0x1b, 0x21, 0x1b, 0x21, 0x1b, 0x21, 0x1b, 
	0x29, 0x1b, 0x29, 0x1d, 0x29, 0x1d, 0x29, 0x5d, 
	0x29, 0x5d, 0x29, 0x5d, 0x29, 0x5f, 0x29, 0x5d, 
	0x29, 0x5d, 0x21, 0x5d, 0x21, 0x5d, 0x21, 0x5d, 
	0x29, 0x5d, 0x21, 0x5d, 0x21, 0x5d, 0x21, 0x1d, 
	0x21, 0x5b, 0x42, 0x63, 0x21, 0x5b, 0x29, 0x5b, 
	0x21, 0x1b, 0x21, 0x1b, 0x21, 0x1b, 0x21, 0x5b, 
	0x21, 0x5b, 0x29, 0x5d, 0x29, 0x5d, 0x31, 0xa1, 
	0x29, 0x5f, 0x29, 0x5d, 0x29, 0x5d, 0x29, 0x5d, 
	0x29, 0x5d, 0x29, 0x5d, 0x29, 0x5d, 0x29, 0x5d, 
	0x31, 0x5f, 0x31, 0x5f, 0x29, 0x5f, 0x31, 0x61, 
	0x31, 0x61, 0x31, 0x61, 0x31, 0x5f, 0x31, 0x5f, 
	0x31, 0x61, 0x39, 0xa1, 0x39, 0xa3, 0x39, 0x61, 
	0x39, 0xa3, 0x31, 0x61, 0x39, 0x63, 0x39, 0x63, 
	0x39, 0xa3, 0x39, 0xa5, 0x39, 0xa5, 0x41, 0xa7, 
	0x49, 0xeb, 0x49, 0xe9, 0x49, 0xeb, 0x41, 0xa9, 
	0x41, 0xe9, 0x41, 0xeb, 0x52, 0x2f, 0x49, 0xed, 
	0x51, 0xef, 0x49, 0xef, 0x49, 0xef, 0x4a, 0x31, 
	0x4a, 0x2f, 0x4a, 0x2f, 0x41, 0xed, 0x39, 0xed, 
	0x42, 0x2f, 0x42, 0x2f, 0x39, 0xed, 0x39, 0xeb, 
	0x42, 0x2d, 0x39, 0xeb, 0x39, 0xed, 0x42, 0x2d, 
	0x42, 0x6d, 0x39, 0xeb, 0x39, 0xeb, 0x3a, 0x2d, 
	0x3a, 0x2f, 0x39, 0xed, 0x31, 0xeb, 0x31, 0xeb, 
	0x31, 0xe9, 0x29, 0xe9, 0x32, 0x29, 0x31, 0xe9, 
	0x31, 0xe9, 0x31, 0xe9, 0x31, 0xe9, 0x32, 0x2b, 
	0x31, 0xeb, 0x31, 0xe9, 0x29, 0xe9, 0x32, 0x29, 
	0x29, 0xe7, 0x29, 0xe5, 0x21, 0xa3, 0x21, 0xa1, 
	0x19, 0x9f, 0x32, 0x65, 0x21, 0xa1, 0x21, 0xa1, 
	0x21, 0x9f, 0x19, 0x9f, 0x21, 0xe1, 0x19, 0x9f, 
	0x19, 0x9f, 0x11, 0x9d, 0x11, 0x9b, 0x19, 0x9d, 
	0x19, 0x9b, 0x11, 0x5b, 0x11, 0x5b, 0x11, 0x5b, 
	0x19, 0x9b, 0x11, 0x59, 0x19, 0x59, 0x19, 0x9b, 
	0x11, 0x59, 0x19, 0x59, 0x19, 0x59, 0x19, 0x59, 
	0x21, 0x9b, 0x21, 0x9b, 0x21, 0x9b, 0x3a, 0x5f, 
	0x19, 0x57, 0x19, 0x59, 0x21, 0x99, 0x19, 0x57, 
	0x19, 0x57, 0x21, 0x99, 0x11, 0x57, 0x19, 0x57, 
	0x19, 0x57, 0x21, 0x99, 0x19, 0x57, 0x21, 0x99, 
	0x19, 0x57, 0x19, 0x57, 0x19, 0x17, 0x11, 0x15, 
	0x19, 0x55, 0x19, 0x57, 0x19, 0x55, 0x19, 0x55, 
	0x21, 0x99, 0x21, 0x97, 0x11, 0x15, 0x11, 0x15, 
	0x31, 0xd9, 0x21, 0x97, 0x19, 0x55, 0x19, 0x55, 
	0x21, 0x97, 0x21, 0x99, 0x19, 0x55, 0x11, 0x15, 
	0x11, 0x15, 0x19, 0x15, 0x21, 0x59, 0x19, 0x17, 
	0x19, 0x17, 0x19, 0x17, 0x19, 0x15, 0x19, 0x55, 
	0x11, 0x15, 0x19, 0x55, 0x19, 0x57, 0x11, 0x15, 
	0x21, 0x57, 0x19, 0x55, 0x11, 0x15, 0x11, 0x15, 
	0x11, 0x15, 0x21, 0x97, 0x19, 0x55, 0x19, 0x55, 
	0x11, 0x15, 0x11, 0x15, 0x19, 0x55, 0x19, 0x57, 
	0x4a, 0xa1, 0x19, 0x55, 0x19, 0x55, 0x11, 0x15, 
	0x11, 0x15, 0x11, 0x15, 0x11, 0x15, 0x21, 0x97, 
	0x21, 0x57, 0x11, 0x15, 0x3a, 0x5b, 0x3a, 0x1b, 
	0x11, 0x15, 0x11, 0x15, 0x11, 0x15, 0x11, 0x15, 
	0x11, 0x15, 0x11, 0x15, 0x19, 0x55, 0x11, 0x15, 
	0x11, 0x15, 0x11, 0x15, 0x11, 0x15, 0x11, 0x15, 
	0x11, 0x15, 0x11, 0x15, 0x19, 0x55, 0x19, 0x15, 
	0x19, 0x15, 0x19, 0x15, 0x11, 0x15, 0x3a, 0x1b, 
	0x21, 0x97, 0x19, 0x15, 0x11, 0x13, 0x11, 0x13, 
	0x19, 0x15, 0x19, 0x55, 0x19, 0x13, 0x21, 0x55, 
	0x19, 0x15, 0x21, 0x17, 0x19, 0x17, 0x6b, 0xa5, 
	0x21, 0x99, 0x19, 0x17, 0x19, 0x17, 0x19, 0x17, 
	0x19, 0x17, 0x19, 0x17, 0x21, 0x59, 0x21, 0x19, 
	0x19, 0x19, 0x21, 0x59, 0x21, 0x19, 0x21, 0x1b, 
	0x21, 0x1b, 0x21, 0x1b, 0x21, 0x19, 0x21, 0x19, 
	0x21, 0x19, 0x21, 0x19, 0x21, 0x19, 0x21, 0x19, 
	0x21, 0x19, 0x29, 0x5b, 0x21, 0x1b, 0x21, 0x1b, 
	0x31, 0x9d, 0x31, 0x9d, 0x21, 0x1b, 0x21, 0x1b, 
	0x29, 0x5d, 0x29, 0x5d, 0x29, 0x5d, 0x29, 0x5d, 
	0x29, 0x5d, 0x29, 0x5f, 0x29, 0x5d, 0x29, 0x5d, 
	0x29, 0x5f, 0x21, 0x5d, 0x21, 0x5d, 0x21, 0x5d, 
	0x21, 0x5d, 0x29, 0x5d, 0x21, 0x5d, 0x42, 0x63, 
	0x21, 0x19, 0x29, 0x5b, 0x31, 0x9d, 0x21, 0x5b, 
	0x21, 0x5b, 0x21, 0x5b, 0x31, 0xdf, 0x29, 0x5f, 
	0x3a, 0x21, 0x21, 0x5b, 0x29, 0x5b, 0x29, 0x5d, 
	0x29, 0x5d, 0x29, 0x5d, 0x29, 0x5d, 0x29, 0x5f, 
	0x29, 0x5f, 0x29, 0x5f, 0x31, 0x5f, 0x31, 0x61, 
	0x29, 0x61, 0x29, 0x5f, 0x29, 0x5f, 0x39, 0xa1, 
	0x31, 0x61, 0x4a, 0x25, 0x39, 0x61, 0x31, 0x61, 
	0x31, 0x61, 0x41, 0xe3, 0x31, 0x61, 0x39, 0xa3, 
	0x39, 0xa3, 0x41, 0xe5, 0x52, 0x6b, 0x49, 0xe9, 
	0x41, 0xa9, 0x49, 0xe9, 0x49, 0xe9, 0x41, 0xa9, 
	0x41, 0xe9, 0x41, 0xe9, 0x49, 0xed, 0x49, 0xed, 
	0x41, 0xed, 0x49, 0xef, 0x49, 0xef, 0x4a, 0x2f, 
	0x4a, 0x2f, 0x4a, 0x2f, 0x42, 0x2f, 0x42, 0x2f, 
	0x39, 0xed, 0x39, 0xed, 0x39, 0xed, 0x39, 0xed, 
	0x39, 0xeb, 0x39, 0xeb, 0x41, 0xed, 0x41, 0xed, 
	0x39, 0xeb, 0x39, 0xed, 0x39, 0xed, 0x42, 0x2f, 
	0x39, 0xed, 0x39, 0xed, 0x31, 0xeb, 0x39, 0xeb, 
	0x31, 0xeb, 0x31, 0xe9, 0x3a, 0x2b, 0x31, 0xe9, 
	0x39, 0xeb, 0x42, 0x2d, 0x39, 0xeb, 0x31, 0xeb, 
	0x32, 0x2b, 0x3a, 0x6b, 0x29, 0xe9, 0x29, 0xe7, 
	0x29, 0xe7, 0x21, 0xa3, 0x21, 0xa1, 0x21, 0xe1, 
	0x19, 0x9f, 0x19, 0xa1, 0x19, 0xa1, 0x19, 0xa1, 
	0x32, 0x25, 0x21, 0xa1, 0x21, 0xa1, 0x21, 0x9f, 
	0x19, 0x9f, 0x11, 0x9d, 0x11, 0x9b, 0x11, 0x9b, 
	0x19, 0x9d, 0x19, 0x9b, 0x19, 0x59, 0x19, 0x59, 
	0x21, 0x9b, 0x19, 0x59, 0x19, 0x59, 0x19, 0x59, 
	0x19, 0x9b, 0x21, 0x9b, 0x19, 0x59, 0x19, 0x59, 
	0x19, 0x9b, 0x19, 0x59, 0x21, 0x9b, 0x11, 0x59, 
	0x21, 0x99, 0x19, 0x57, 0x19, 0x57, 0x11, 0x17, 
	0x19, 0x57, 0x11, 0x57, 0x11, 0x57, 0x11, 0x17, 
	0x19, 0x57, 0x29, 0x99, 0x19, 0x57, 0x29, 0xdb, 
	0x19, 0x57, 0x21, 0x59, 0x19, 0x15, 0x19, 0x15, 
	0x19, 0x55, 0x21, 0x99, 0x19, 0x55, 0x29, 0xdb, 
	0x19, 0x57, 0x19, 0x57, 0x11, 0x15, 0x19, 0x57, 
	0x11, 0x15, 0x19, 0x55, 0x11, 0x15, 0x19, 0x57, 
	0x19, 0x55, 0x19, 0x55, 0x19, 0x15, 0x11, 0x15, 
	0x19, 0x57, 0x19, 0x57, 0x19, 0x57, 0x19, 0x57, 
	0x11, 0x57, 0x19, 0x17, 0x19, 0x17, 0x19, 0x17, 
	0x19, 0x57, 0x29, 0xd9, 0x19, 0x55, 0x19, 0x57, 
	0x11, 0x15, 0x21, 0x97, 0x19, 0x55, 0x19, 0x57, 
	0x19, 0x57, 0x3a, 0x5d, 0x19, 0x55, 0x11, 0x15, 
	0x19, 0x55, 0x11, 0x15, 0x19, 0x55, 0x11, 0x15, 
	0x19, 0x55, 0x11, 0x15, 0x19, 0x55, 0x11, 0x15, 
	0x11, 0x15, 0x11, 0x15, 0x11, 0x15, 0x11, 0x15, 
	0x11, 0x15, 0x11, 0x15, 0x11, 0x15, 0x11, 0x15, 
	0x19, 0x55, 0x11, 0x15, 0x11, 0x15, 0x11, 0x15, 
	0x11, 0x15, 0x19, 0x55, 0x11, 0x15, 0x11, 0x15, 
	0x11, 0x15, 0x19, 0x55, 0x19, 0x55, 0x11, 0x15, 
	0x11, 0x15, 0x19, 0x55, 0x19, 0x15, 0x11, 0x15, 
	0x19, 0x15, 0x11, 0x15, 0x19, 0x55, 0x29, 0x97, 
	0x11, 0x15, 0x19, 0x15, 0x11, 0x13, 0x19, 0x15, 
	0x19, 0x15, 0x19, 0x13, 0x19, 0x13, 0x29, 0x97, 
	0x21, 0x55, 0x19, 0x15, 0x19, 0x15, 0x19, 0x15, 
	0x21, 0x57, 0x19, 0x15, 0x19, 0x17, 0x19, 0x15, 
	0x19, 0x15, 0x19, 0x17, 0x29, 0x59, 0x21, 0x19, 
	0x19, 0x17, 0x21, 0x19, 0x21, 0x19, 0x21, 0x19, 
	0x21, 0x19, 0x21, 0x19, 0x21, 0x19, 0x21, 0x19, 
	0x21, 0x19, 0x21, 0x19, 0x21, 0x19, 0x21, 0x19, 
	0x21, 0x19, 0x21, 0x1b, 0x29, 0x5d, 0x21, 0x1b, 
	0x21, 0x1b, 0x21, 0x19, 0x21, 0x1b, 0x21, 0x1b, 
	0x21, 0x5d, 0x29, 0x5d, 0x29, 0x5d, 0x29, 0x5d, 
	0x29, 0x5d, 0x29, 0x5f, 0x29, 0x5f, 0x29, 0x5d, 
	0x29, 0x5f, 0x29, 0x5f, 0x29, 0x5f, 0x29, 0x5f, 
	0x29, 0x5f, 0x29, 0x5d, 0x29, 0x5d, 0x29, 0x9d, 
	0x21, 0x19, 0x21, 0x1b, 0x29, 0x5d, 0x31, 0x9f, 
	0x21, 0x5d, 0x29, 0x5d, 0x5a, 0xe5, 0x21, 0x5d, 
	0x21, 0x5b, 0x21, 0x5b, 0x21, 0x5b, 0x29, 0x5b, 
	0x29, 0x5d, 0x29, 0x5d, 0x29, 0x5d, 0x29, 0x5f, 
	0x29, 0x5f, 0x31, 0x61, 0x31, 0x61, 0x31, 0x61, 
	0x31, 0x61, 0x29, 0x5f, 0x29, 0x5f, 0x31, 0x9f, 
	0x4a, 0x25, 0x39, 0x61, 0x4a, 0x25, 0x31, 0x61, 
	0x31, 0xa1, 0x31, 0x61, 0x31, 0x61, 0x39, 0xa1, 
	0x41, 0xe5, 0x49, 0xe7, 0x41, 0xa5, 0x41, 0xa7, 
	0x49, 0xe9, 0x49, 0xe9, 0x41, 0xe9, 0x41, 0xa7, 
	0x41, 0xe9, 0x41, 0xe9, 0x41, 0xeb, 0x41, 0xeb, 
	0x41, 0xeb, 0x41, 0xed, 0x4a, 0x2d, 0x4a, 0x2d, 
	0x4a, 0x2d, 0x4a, 0x2f, 0x41, 0xef, 0x42, 0x2f, 
	0x4a, 0x6f, 0x39, 0xed, 0x39, 0xed, 0x42, 0x2f, 
	0x39, 0xed, 0x39, 0xed, 0x4a, 0x2f, 0x41, 0xed, 
	0x42, 0x2f, 0x39, 0xef, 0x39, 0xef, 0x39, 0xef, 
	0x39, 0xef, 0x39, 0xed, 0x39, 0xeb, 0x31, 0xeb, 
	0x31, 0xeb, 0x31, 0xeb, 0x31, 0xe9, 0x31, 0xe9, 
	0x39, 0xeb, 0x42, 0x2d, 0x42, 0x2d, 0x3a, 0x2b, 
	0x31, 0xeb, 0x29, 0xe9, 0x29, 0xe9, 0x29, 0xe7, 
	0x29, 0xe5, 0x21, 0xa1, 0x19, 0x9f, 0x19, 0x9f, 
	0x19, 0x9f, 0x19, 0x9f, 0x19, 0x9f, 0x19, 0x9f, 
	0x19, 0x9f, 0x21, 0xa1, 0x21, 0xa1, 0x21, 0x9f, 
	0x19, 0x9f, 0x11, 0x9d, 0x11, 0x9d, 0x19, 0x9d, 
	0x19, 0x9d, 0x19, 0x9b, 0x19, 0x59, 0x19, 0x9b, 
	0x19, 0x9b, 0x19, 0x59, 0x19, 0x99, 0x19, 0x59, 
	0x11, 0x59, 0x19, 0x59, 0x11, 0x59, 0x11, 0x59, 
	0x11, 0x59, 0x21, 0xdb, 0x19, 0x59, 0x19, 0x59, 
	0x19, 0x59, 0x19, 0x57, 0x21, 0x99, 0x19, 0x57, 
	0x11, 0x17, 0x11, 0x57, 0x11, 0x57, 0x11, 0x17, 
	0x11, 0x17, 0x21, 0x99, 0x19, 0x57, 0x11, 0x17, 
	0x19, 0x57, 0x19, 0x17, 0x19, 0x57, 0x19, 0x57, 
	0x19, 0x57, 0x19, 0x57, 0x3a, 0x5d, 0x21, 0x97, 
	0x19, 0x57, 0x19, 0x55, 0x11, 0x15, 0x21, 0x97, 
	0x19, 0x57, 0x11, 0x15, 0x11, 0x15, 0x19, 0x55, 
	0x19, 0x55, 0x19, 0x57, 0x19, 0x57, 0x19, 0x55, 
	0x11, 0x15, 0x19, 0x57, 0x19, 0x17, 0x21, 0x99, 
	0x29, 0xdb, 0x19, 0x17, 0x19, 0x17, 0x19, 0x57, 
	0x19, 0x57, 0x29, 0x99, 0x19, 0x55, 0x19, 0x15, 
	0x19, 0x15, 0x21, 0x97, 0x19, 0x57, 0x21, 0x99, 
	0x19, 0x55, 0x19, 0x55, 0x21, 0x99, 0x19, 0x55, 
	0x11, 0x15, 0x11, 0x15, 0x19, 0x55, 0x11, 0x15, 
	0x19, 0x57, 0x11, 0x15, 0x42, 0x9f, 0x19, 0x57, 
	0x11, 0x15, 0x19, 0x15, 0x11, 0x15, 0x11, 0x15, 
	0x11, 0x15, 0x11, 0x15, 0x19, 0x55, 0x19, 0x55, 
	0x21, 0x97, 0x19, 0x55, 0x19, 0x55, 0x11, 0x15, 
	0x19, 0x55, 0x19, 0x55, 0x21, 0x99, 0x21, 0x97, 
	0x11, 0x15, 0x19, 0x55, 0x21, 0x97, 0x19, 0x55, 
	0x21, 0x99, 0x19, 0x55, 0x19, 0x15, 0x19, 0x55, 
	0x19, 0x15, 0x21, 0x57, 0x21, 0x57, 0x19, 0x15, 
	0x19, 0x15, 0x11, 0x15, 0x11, 0x13, 0x11, 0x13, 
	0x11, 0x13, 0x11, 0x13, 0x11, 0x13, 0x11, 0x13, 
	0x19, 0x15, 0x19, 0x15, 0x19, 0x13, 0x19, 0x15, 
	0x21, 0x55, 0x19, 0x15, 0x19, 0x15, 0x19, 0x15, 
	0x19, 0x15, 0x19, 0x15, 0x21, 0x57, 0x19, 0x17, 
	0x19, 0x17, 0x19, 0x17, 0x19, 0x17, 0x21, 0x19, 
	0x21, 0x19, 0x21, 0x19, 0x21, 0x19, 0x21, 0x19, 
	0x21, 0x19, 0x21, 0x19, 0x31, 0x9b, 0x29, 0x5b, 
	0x21, 0x1b, 0x21, 0x1b, 0x21, 0x1b, 0x21, 0x1b, 
	0x21, 0x19, 0x21, 0x19, 0x21, 0x1b, 0x29, 0x5d, 
	0x29, 0x5d, 0x29, 0x5d, 0x29, 0x5d, 0x29, 0x5d, 
	0x31, 0x9f, 0x29, 0x5f, 0x29, 0x9f, 0x29, 0xa1, 
	0x29, 0x5f, 0x29, 0x5f, 0x31, 0x5f, 0x31, 0x61, 
	0x31, 0x61, 0x39, 0xe1, 0x29, 0x5d, 0x21, 0x5b, 
	0x21, 0x1b, 0x21, 0x1b, 0x31, 0x9f, 0x3a, 0x21, 
	0x21, 0x5d, 0x21, 0x5b, 0x29, 0x5b, 0x29, 0x5b, 
	0x21, 0x5b, 0x21, 0x59, 0x21, 0x5b, 0x21, 0x5b, 
	0x21, 0x5b, 0x29, 0x5d, 0x29, 0x5d, 0x29, 0x5d, 
	0x29, 0x5f, 0x31, 0xa1, 0x31, 0x61, 0x39, 0xe3, 
	0x29, 0x5f, 0x29, 0x5d, 0x29, 0x5d, 0x29, 0x5d, 
	0x31, 0x5f, 0x31, 0x5f, 0x31, 0x5f, 0x31, 0x61, 
	0x31, 0x9f, 0x31, 0x9f, 0x31, 0x5f, 0x39, 0xa1, 
	0x39, 0xa5, 0x41, 0xa7, 0x41, 0xa7, 0x41, 0xe9, 
	0x4a, 0x2b, 0x49, 0xe9, 0x49, 0xeb, 0x41, 0xe9, 
	0x41, 0xe9, 0x41, 0xa9, 0x49, 0xeb, 0x41, 0xeb, 
	0x41, 0xeb, 0x42, 0x2d, 0x4a, 0x2d, 0x41, 0xed, 
	0x49, 0xed, 0x4a, 0x2f, 0x4a, 0x2f, 0x4a, 0x2f, 
	0x4a, 0x2f, 0x41, 0xed, 0x41, 0xed, 0x39, 0xed, 
	0x41, 0xed, 0x41, 0xed, 0x39, 0xed, 0x4a, 0x71, 
	0x42, 0x2f, 0x39, 0xef, 0x42, 0x31, 0x42, 0x31, 
	0x42, 0x2f, 0x3a, 0x2f, 0x39, 0xed, 0x31, 0xeb, 
	0x31, 0xeb, 0x39, 0xeb, 0x39, 0xeb, 0x39, 0xeb, 
	0x42, 0x2d, 0x39, 0xed, 0x42, 0x2d, 0x3a, 0x2d, 
	0x31, 0xeb, 0x32, 0x2b, 0x29, 0xe9, 0x29, 0xe7, 
	0x32, 0x27, 0x19, 0xa1, 0x19, 0x9f, 0x11, 0x9d, 
	0x19, 0x9f, 0x19, 0x9f, 0x19, 0xa1, 0x2a, 0x23, 
	0x2a, 0x23, 0x21, 0x9f, 0x21, 0xa1, 0x19, 0x9f, 
	0x19, 0x9f, 0x19, 0x9f, 0x19, 0x9d, 0x11, 0x9b, 
	0x19, 0x9b, 0x11, 0x59, 0x19, 0x59, 0x19, 0x59, 
	0x19, 0x9b, 0x19, 0x59, 0x19, 0x59, 0x19, 0x9b, 
	0x21, 0xdb, 0x11, 0x59, 0x11, 0x59, 0x19, 0x59, 
	0x19, 0x5b, 0x11, 0x59, 0x11, 0x59, 0x19, 0x59, 
	0x11, 0x59, 0x32, 0x1d, 0x19, 0x57, 0x19, 0x59, 
	0x11, 0x17, 0x11, 0x17, 0x19, 0x57, 0x11, 0x17, 
	0x11, 0x17, 0x11, 0x17, 0x19, 0x57, 0x11, 0x17, 
	0x11, 0x17, 0x19, 0x17, 0x19, 0x17, 0x19, 0x55, 
	0x11, 0x15, 0x11, 0x15, 0x19, 0x55, 0x19, 0x55, 
	0x19, 0x55, 0x21, 0x97, 0x11, 0x15, 0x11, 0x15, 
	0x19, 0x55, 0x19, 0x55, 0x19, 0x55, 0x19, 0x55, 
	0x19, 0x55, 0x11, 0x15, 0x19, 0x55, 0x21, 0x99, 
	0x19, 0x15, 0x19, 0x57, 0x19, 0x17, 0x11, 0x17, 
	0x11, 0x57, 0x19, 0x57, 0x19, 0x17, 0x19, 0x17, 
	0x19, 0x17, 0x19, 0x15, 0x19, 0x15, 0x19, 0x15, 
	0x19, 0x15, 0x19, 0x57, 0x19, 0x57, 0x19, 0x15, 
	0x19, 0x57, 0x11, 0x15, 0x11, 0x15, 0x11, 0x15, 
	0x11, 0x15, 0x11, 0x15, 0x19, 0x55, 0x11, 0x15, 
	0x11, 0x15, 0x11, 0x15, 0x29, 0xd9, 0x19, 0x55, 
	0x11, 0x15, 0x19, 0x15, 0x11, 0x15, 0x11, 0x15, 
	0x11, 0x15, 0x11, 0x15, 0x11, 0x15, 0x19, 0x55, 
	0x19, 0x55, 0x21, 0x97, 0x11, 0x15, 0x11, 0x15, 
	0x19, 0x55, 0x11, 0x15, 0x19, 0x55, 0x21, 0x57, 
	0x11, 0x15, 0x11, 0x15, 0x11, 0x15, 0x11, 0x15, 
	0x11, 0x15, 0x11, 0x15, 0x19, 0x15, 0x19, 0x55, 
	0x19, 0x15, 0x19, 0x15, 0x19, 0x15, 0x11, 0x15, 
	0x19, 0x15, 0x19, 0x15, 0x19, 0x15, 0x19, 0x13, 
	0x11, 0x13, 0x11, 0x13, 0x11, 0x13, 0x19, 0x13, 
	0x19, 0x55, 0x19, 0x55, 0x19, 0x13, 0x21, 0x55, 
	0x19, 0x15, 0x19, 0x15, 0x19, 0x15, 0x19, 0x15, 
	0x19, 0x57, 0x21, 0x57, 0x21, 0x57, 0x19, 0x17, 
	0x19, 0x17, 0x19, 0x17, 0x19, 0x17, 0x19, 0x17, 
	0x21, 0x59, 0x21, 0x59, 0x21, 0x17, 0x21, 0x19, 
	0x21, 0x19, 0x21, 0x19, 0x21, 0x19, 0x21, 0x19, 
	0x21, 0x1b, 0x21, 0x19, 0x21, 0x19, 0x21, 0x19, 
	0x21, 0x19, 0x21, 0x1b, 0x21, 0x1b, 0x21, 0x5b, 
	0x21, 0x1b, 0x21, 0x1d, 0x29, 0x1d, 0x29, 0x5d, 
	0x31, 0x9f, 0x31, 0x9f, 0x29, 0x5f, 0x31, 0xa1, 
	0x29, 0x61, 0x4a, 0x25, 0x39, 0xe3, 0x39, 0xa1, 
	0x31, 0xa1, 0x39, 0xe3, 0x31, 0x9f, 0x21, 0x5b, 
	0x21, 0x1b, 0x29, 0x5d, 0x29, 0x5f, 0x29, 0x5f, 
	0x29, 0x5d, 0x21, 0x5b, 0x29, 0x9b, 0x21, 0x19, 
	0x21, 0x5b, 0x21, 0x19, 0x21, 0x5b, 0x21, 0x5b, 
	0x21, 0x5b, 0x21, 0x1b, 0x21, 0x1b, 0x21, 0x1b, 
	0x29, 0x5d, 0x29, 0x5d, 0x29, 0x5f, 0x29, 0x5d, 
	0x21, 0x5d, 0x21, 0x5d, 0x21, 0x5d, 0x29, 0x5d, 
	0x31, 0x9f, 0x29, 0x5f, 0x31, 0x5f, 0x31, 0xa1, 
	0x29, 0x9f, 0x31, 0x9f, 0x4a, 0x65, 0x31, 0x61, 
	0x41, 0xe5, 0x39, 0xa5, 0x41, 0xe7, 0x41, 0xe9, 
	0x49, 0xe9, 0x41, 0xe9, 0x52, 0x2b, 0x49, 0xe9, 
	0x41, 0xe9, 0x41, 0xe9, 0x49, 0xeb, 0x49, 0xeb, 
	0x49, 0xed, 0x49, 0xed, 0x41, 0xeb, 0x41, 0xed, 
	0x41, 0xed, 0x49, 0xed, 0x4a, 0x2d, 0x42, 0x2d, 
	0x4a, 0x2f, 0x5a, 0xb1, 0x39, 0xeb, 0x4a, 0x6d, 
	0x39, 0xeb, 0x39, 0xed, 0x39, 0xed, 0x42, 0x2f, 
	0x41, 0xef, 0x39, 0xef, 0x39, 0xef, 0x42, 0x31, 
	0x42, 0x31, 0x42, 0x2f, 0x39, 0xed, 0x39, 0xed, 
	0x39, 0xeb, 0x39, 0xeb, 0x39, 0xeb, 0x42, 0x2d, 
	0x42, 0x2d, 0x3a, 0x2d, 0x42, 0x2f, 0x3a, 0x2d, 
	0x32, 0x2d, 0x31, 0xeb, 0x31, 0xeb, 0x32, 0x2b, 
	0x32, 0x27, 0x21, 0xa1, 0x19, 0x9f, 0x19, 0x9f, 
	0x21, 0xa1, 0x21, 0xa1, 0x21, 0xa3, 0x19, 0xa1, 
	0x21, 0xa1, 0x21, 0xa1, 0x19, 0x9f, 0x19, 0x9f, 
	0x19, 0x9f, 0x19, 0x9f, 0x19, 0x9d, 0x19, 0x9d, 
	0x19, 0x9b, 0x11, 0x5b, 0x19, 0x59, 0x19, 0x59, 
	0x19, 0x59, 0x21, 0x9b, 0x19, 0x59, 0x19, 0x59, 
	0x19, 0x99, 0x19, 0x59, 0x19, 0x59, 0x19, 0x59, 
	0x19, 0x9b, 0x11, 0x59, 0x21, 0x9b, 0x19, 0x9b, 
	0x19, 0x59, 0x21, 0x9b, 0x11, 0x57, 0x19, 0x59, 
	0x11, 0x17, 0x19, 0x59, 0x21, 0x99, 0x19, 0x57, 
	0x19, 0x57, 0x19, 0x57, 0x19, 0x57, 0x11, 0x17, 
	0x11, 0x17, 0x19, 0x17, 0x19, 0x57, 0x19, 0x57, 
	0x11, 0x15, 0x19, 0x57, 0x19, 0x55, 0x11, 0x15, 
	0x19, 0x55, 0x32, 0x1b, 0x11, 0x15, 0x19, 0x15, 
	0x11, 0x15, 0x21, 0x99, 0x19, 0x55, 0x19, 0x55, 
	0x11, 0x15, 0x19, 0x55, 0x19, 0x55, 0x19, 0x57, 
	0x11, 0x15, 0x19, 0x57, 0x19, 0x57, 0x11, 0x17, 
	0x11, 0x57, 0x19, 0x57, 0x3a, 0x1d, 0x19, 0x57, 
	0x19, 0x17, 0x19, 0x17, 0x19, 0x17, 0x19, 0x57, 
	0x21, 0x99, 0x21, 0x99, 0x19, 0x57, 0x19, 0x57, 
	0x19, 0x17, 0x19, 0x57, 0x19, 0x15, 0x11, 0x15, 
	0x19, 0x55, 0x19, 0x55, 0x11, 0x15, 0x42, 0x9f, 
	0x19, 0x55, 0x19, 0x55, 0x21, 0x97, 0x19, 0x55, 
	0x11, 0x15, 0x21, 0x57, 0x19, 0x55, 0x11, 0x15, 
	0x11, 0x55, 0x11, 0x15, 0x11, 0x15, 0x11, 0x15, 
	0x19, 0x55, 0x19, 0x55, 0x19, 0x55, 0x11, 0x15, 
	0x11, 0x15, 0x29, 0xd9, 0x21, 0x97, 0x11, 0x15, 
	0x11, 0x15, 0x11, 0x15, 0x19, 0x57, 0x11, 0x15, 
	0x11, 0x15, 0x11, 0x15, 0x19, 0x15, 0x19, 0x15, 
	0x19, 0x15, 0x29, 0x99, 0x19, 0x15, 0x19, 0x15, 
	0x11, 0x15, 0x19, 0x15, 0x19, 0x15, 0x21, 0x97, 
	0x11, 0x13, 0x11, 0x13, 0x11, 0x13, 0x19, 0x15, 
	0x19, 0x55, 0x19, 0x13, 0x11, 0x13, 0x19, 0x55, 
	0x21, 0x97, 0x19, 0x15, 0x19, 0x15, 0x19, 0x15, 
	0x19, 0x15, 0x19, 0x15, 0x19, 0x17, 0x19, 0x17, 
	0x19, 0x17, 0x21, 0x57, 0x19, 0x17, 0x21, 0x17, 
	0x21, 0x19, 0x19, 0x17, 0x21, 0x17, 0x21, 0x17, 
	0x21, 0x19, 0x21, 0x59, 0x21, 0x19, 0x21, 0x19, 
	0x21, 0x19, 0x21, 0x19, 0x19, 0x19, 0x19, 0x17, 
	0x21, 0x17, 0x21, 0x19, 0x21, 0x5b, 0x21, 0x1b, 
	0x31, 0x9f, 0x21, 0x5b, 0x21, 0x1b, 0x29, 0x5d, 
	0x31, 0x5f, 0x39, 0xa1, 0x42, 0x25, 0x31, 0x61, 
	0x31, 0xa1, 0x31, 0xa1, 0x31, 0xa1, 0x39, 0xa1, 
	0x31, 0x61, 0x29, 0x5f, 0x21, 0x5b, 0x21, 0x5b, 
	0x21, 0x5d, 0x29, 0x5f, 0x21, 0x5d, 0x42, 0x21, 
	0x21, 0x5b, 0x21, 0x59, 0x21, 0x19, 0x21, 0x59, 
	0x29, 0x5b, 0x21, 0x19, 0x21, 0x59, 0x21, 0x5b, 
	0x29, 0x9d, 0x21, 0x5b, 0x29, 0x5b, 0x21, 0x1b, 
	0x21, 0x1b, 0x29, 0x5d, 0x31, 0x9f, 0x21, 0x5d, 
	0x21, 0x5d, 0x29, 0x5d, 0x29, 0x5d, 0x29, 0x5d, 
	0x29, 0x5d, 0x42, 0x63, 0x31, 0x9f, 0x31, 0x5f, 
	0x31, 0x9f, 0x29, 0x5f, 0x39, 0xe1, 0x31, 0x61, 
	0x31, 0xa3, 0x39, 0xa5, 0x41, 0xe9, 0x39, 0xa9, 
	0x41, 0xe9, 0x41, 0xe9, 0x49, 0xeb, 0x41, 0xe9, 
	0x41, 0xa9, 0x41, 0xeb, 0x49, 0xed, 0x49, 0xed, 
	0x49, 0xef, 0x52, 0x2f, 0x4a, 0x2d, 0x41, 0xed, 
	0x49, 0xed, 0x41, 0xed, 0x41, 0xed, 0x41, 0xed, 
	0x42, 0x2d, 0x42, 0x2d, 0x42, 0x2d, 0x3a, 0x2b, 
	0x39, 0xe9, 0x39, 0xeb, 0x39, 0xeb, 0x39, 0xed, 
	0x39, 0xef, 0x52, 0xb3, 0x42, 0x2f, 0x39, 0xef, 
	0x39, 0xf1, 0x42, 0x31, 0x52, 0xb1, 0x39, 0xed, 
	0x42, 0x2d, 0x42, 0x2d, 0x39, 0xeb, 0x3a, 0x2d, 
	0x3a, 0x2d, 0x42, 0x2d, 0x3a, 0x2f, 0x3a, 0x2d, 
	0x42, 0x6f, 0x42, 0x6d, 0x31, 0xeb, 0x31, 0xeb, 
	0x29, 0xe7, 0x29, 0xe5, 0x21, 0xa3, 0x2a, 0x25, 
	0x3a, 0x65, 0x21, 0xa3, 0x3a, 0x69, 0x21, 0xa3, 
	0x19, 0xa1, 0x21, 0xa1, 0x19, 0x9f, 0x19, 0x9d, 
	0x11, 0x9d, 0x19, 0x9f, 0x19, 0x9f, 0x19, 0xdf, 
	0x21, 0xdd, 0x19, 0x9b, 0x19, 0x9b, 0x19, 0x5b, 
	0x11, 0x59, 0x11, 0x59, 0x19, 0x59, 0x19, 0x9b, 
	0x32, 0x1f, 0x21, 0x9b, 0x11, 0x59, 0x19, 0x59, 
	0x19, 0x59, 0x19, 0x9b, 0x19, 0x9b, 0x19, 0x9b, 
	0x19, 0x59, 0x19, 0x59, 0x19, 0x59, 0x11, 0x59, 
	0x11, 0x59, 0x19, 0x59, 0x19, 0x57, 0x19, 0x59, 
	0x19, 0x59, 0x19, 0x57, 0x19, 0x17, 0x19, 0x57, 
	0x11, 0x17, 0x21, 0x59, 0x19, 0x57, 0x19, 0x57, 
	0x19, 0x55, 0x11, 0x15, 0x21, 0x97, 0x11, 0x15, 
	0x11, 0x15, 0x11, 0x15, 0x11, 0x15, 0x21, 0x99, 
	0x11, 0x15, 0x11, 0x15, 0x11, 0x15, 0x19, 0x55, 
	0x21, 0x97, 0x19, 0x55, 0x19, 0x57, 0x19, 0x15, 
	0x19, 0x15, 0x19, 0x57, 0x19, 0x57, 0x19, 0x57, 
	0x19, 0x57, 0x19, 0x57, 0x19, 0x57, 0x11, 0x57, 
	0x11, 0x57, 0x19, 0x17, 0x19, 0x57, 0x19, 0x57, 
	0x21, 0x99, 0x29, 0xdb, 0x4a, 0xe1, 0x11, 0x17, 
	0x19, 0x57, 0x29, 0x99, 0x32, 0x1b, 0x11, 0x15, 
	0x19, 0x57, 0x19, 0x55, 0x11, 0x15, 0x19, 0x55, 
	0x21, 0x97, 0x19, 0x55, 0x19, 0x55, 0x19, 0x55, 
	0x11, 0x15, 0x11, 0x15, 0x21, 0x99, 0x19, 0x57, 
	0x11, 0x15, 0x11, 0x15, 0x19, 0x55, 0x19, 0x55, 
	0x11, 0x15, 0x19, 0x55, 0x21, 0x97, 0x21, 0x97, 
	0x21, 0x97, 0x21, 0x97, 0x11, 0x15, 0x11, 0x15, 
	0x11, 0x15, 0x11, 0x15, 0x21, 0x97, 0x19, 0x55, 
	0x19, 0x55, 0x19, 0x55, 0x19, 0x55, 0x11, 0x15, 
	0x11, 0x15, 0x19, 0x15, 0x19, 0x15, 0x19, 0x55, 
	0x29, 0xd9, 0x19, 0x55, 0x19, 0x15, 0x19, 0x15, 
	0x19, 0x13, 0x11, 0x13, 0x11, 0x13, 0x11, 0x13, 
	0x11, 0x13, 0x11, 0x13, 0x21, 0x55, 0x19, 0x55, 
	0x21, 0x97, 0x19, 0x15, 0x29, 0xd9, 0x19, 0x15, 
	0x19, 0x15, 0x19, 0x17, 0x19, 0x17, 0x21, 0x59, 
	0x19, 0x17, 0x31, 0x9b, 0x19, 0x17, 0x21, 0x17, 
	0x21, 0x59, 0x19, 0x17, 0x19, 0x17, 0x19, 0x17, 
	0x19, 0x17, 0x19, 0x17, 0x19, 0x17, 0x19, 0x17, 
	0x19, 0x17, 0x19, 0x17, 0x19, 0x17, 0x19, 0x17, 
	0x19, 0x17, 0x21, 0x19, 0x21, 0x19, 0x21, 0x1b, 
	0x29, 0x9d, 0x21, 0x5b, 0x29, 0x5d, 0x31, 0x5d, 
	0x31, 0x5f, 0x29, 0x5f, 0x29, 0x5f, 0x31, 0xa1, 
	0x39, 0xa3, 0x31, 0xa3, 0x31, 0x61, 0x31, 0x61, 
	0x31, 0xa1, 0x29, 0x5d, 0x21, 0x1b, 0x21, 0x1b, 
	0x21, 0x5d, 0x21, 0x5d, 0x21, 0x1d, 0x21, 0x1b, 
	0x21, 0x19, 0x21, 0x17, 0x21, 0x17, 0x21, 0x19, 
	0x19, 0x19, 0x19, 0x19, 0x39, 0xdd, 0x21, 0x5b, 
	0x21, 0x19, 0x21, 0x5b, 0x21, 0x1b, 0x21, 0x1b, 
	0x21, 0x1b, 0x21, 0x1b, 0x29, 0x5d, 0x21, 0x5d, 
	0x21, 0x5d, 0x21, 0x5d, 0x29, 0x5d, 0x21, 0x5d, 
	0x31, 0x9f, 0x29, 0x5d, 0x31, 0x9f, 0x29, 0x5f, 
	0x29, 0x5f, 0x29, 0x5d, 0x29, 0x5d, 0x31, 0xa1, 
	0x31, 0xa3, 0x39, 0xa5, 0x41, 0xe7, 0x41, 0xe9, 
	0x41, 0xe9, 0x41, 0xe9, 0x52, 0x6d, 0x41, 0xe9, 
	0x41, 0xa9, 0x41, 0xa9, 0x49, 0xeb, 0x49, 0xed, 
	0x49, 0xed, 0x52, 0x31, 0x49, 0xef, 0x49, 0xed, 
	0x49, 0xed, 0x41, 0xed, 0x41, 0xed, 0x49, 0xef, 
	0x62, 0xf3, 0x42, 0x2d, 0x41, 0xed, 0x39, 0xeb, 
	0x39, 0xe9, 0x39, 0xe9, 0x39, 0xeb, 0x39, 0xed, 
	0x39, 0xed, 0x39, 0xef, 0x41, 0xef, 0x39, 0xef, 
	0x42, 0x31, 0x4a, 0x31, 0x4a, 0x6f, 0x39, 0xed, 
	0x39, 0xed, 0x42, 0x2d, 0x42, 0x2d, 0x39, 0xeb, 
	0x39, 0xed, 0x42, 0x2f, 0x42, 0x2f, 0x3a, 0x2d, 
	0x3a, 0x2d, 0x31, 0xed, 0x3a, 0x2d, 0x31, 0xeb, 
	0x31, 0xe9, 0x29, 0xe9, 0x29, 0xe7, 0x29, 0xe5, 
	0x29, 0xe5, 0x29, 0xe7, 0x29, 0xe5, 0x21, 0xa5, 
	0x21, 0xa1, 0x19, 0x9f, 0x19, 0x9f, 0x19, 0x9d, 
	0x19, 0x9f, 0x11, 0x9f, 0x19, 0x9f, 0x19, 0x9f, 
	0x19, 0x9d, 0x19, 0x9d, 0x19, 0x5b, 0x19, 0x59, 
	0x11, 0x59, 0x11, 0x59, 0x11, 0x59, 0x11, 0x59, 
	0x19, 0x59, 0x19, 0x59, 0x19, 0x59, 0x32, 0x5f, 
	0x11, 0x59, 0x19, 0x5b, 0x11, 0x59, 0x19, 0x59, 
	0x19, 0x59, 0x21, 0x9b, 0x19, 0x59, 0x11, 0x59, 
	0x11, 0x59, 0x19, 0x59, 0x19, 0x59, 0x19, 0x57, 
	0x11, 0x17, 0x19, 0x57, 0x19, 0x57, 0x19, 0x57, 
	0x11, 0x17, 0x19, 0x57, 0x21, 0x99, 0x19, 0x57, 
	0x19, 0x57, 0x19, 0x55, 0x21, 0x97, 0x3a, 0x1b, 
	0x29, 0xd9, 0x11, 0x15, 0x19, 0x57, 0x11, 0x15, 
	0x19, 0x57, 0x11, 0x15, 0x11, 0x15, 0x19, 0x57, 
	0x19, 0x55, 0x19, 0x15, 0x19, 0x55, 0x21, 0x57, 
	0x19, 0x57, 0x31, 0xdb, 0x29, 0x99, 0x19, 0x57, 
	0x21, 0x99, 0x19, 0x57, 0x19, 0x57, 0x11, 0x57, 
	0x19, 0x57, 0x19, 0x17, 0x19, 0x57, 0x19, 0x57, 
	0x19, 0x57, 0x19, 0x57, 0x21, 0x99, 0x19, 0x57, 
	0x19, 0x17, 0x21, 0x99, 0x29, 0xdb, 0x11, 0x15, 
	0x19, 0x55, 0x21, 0x97, 0x11, 0x15, 0x11, 0x15, 
	0x19, 0x55, 0x21, 0x97, 0x19, 0x55, 0x19, 0x55, 
	0x11, 0x15, 0x11, 0x15, 0x11, 0x15, 0x31, 0xdb, 
	0x19, 0x15, 0x19, 0x15, 0x19, 0x15, 0x19, 0x15, 
	0x19, 0x55, 0x19, 0x55, 0x21, 0x57, 0x19, 0x55, 
	0x42, 0x5d, 0x19, 0x55, 0x11, 0x15, 0x29, 0xd9, 
	0x11, 0x15, 0x19, 0x55, 0x19, 0x55, 0x11, 0x15, 
	0x21, 0x97, 0x3a, 0x5d, 0x29, 0xd9, 0x11, 0x55, 
	0x19, 0x55, 0x19, 0x15, 0x19, 0x15, 0x19, 0x15, 
	0x19, 0x15, 0x19, 0x15, 0x19, 0x15, 0x19, 0x15, 
	0x19, 0x15, 0x3a, 0x1b, 0x21, 0x55, 0x19, 0x13, 
	0x19, 0x13, 0x19, 0x15, 0x21, 0x97, 0x19, 0x55, 
	0x21, 0x55, 0x19, 0x15, 0x21, 0x97, 0x19, 0x15, 
	0x19, 0x15, 0x19, 0x17, 0x19, 0x17, 0x19, 0x15, 
	0x19, 0x15, 0x19, 0x15, 0x19, 0x17, 0x21, 0x57, 
	0x19, 0x17, 0x19, 0x15, 0x19, 0x17, 0x21, 0x57, 
	0x19, 0x15, 0x19, 0x15, 0x19, 0x15, 0x31, 0xdb, 
	0x21, 0x57, 0x3a, 0x1d, 0x19, 0x15, 0x19, 0x15, 
	0x19, 0x15, 0x19, 0x17, 0x19, 0x17, 0x21, 0x59, 
	0x21, 0x5b, 0x21, 0x1b, 0x29, 0x5d, 0x31, 0x5d, 
	0x31, 0x5f, 0x31, 0x5f, 0x29, 0x5d, 0x31, 0xa1, 
	0x31, 0x61, 0x31, 0xa1, 0x41, 0xe3, 0x31, 0x5f, 
	0x29, 0x5d, 0x29, 0x5d, 0x21, 0x1b, 0x21, 0x5d, 
	0x21, 0x1b, 0x21, 0x1d, 0x21, 0x5d, 0x21, 0x1b, 
	0x19, 0x19, 0x21, 0x17, 0x21, 0x17, 0x21, 0x19, 
	0x21, 0x59, 0x19, 0x19, 0x19, 0x19, 0x29, 0x5b, 
	0x21, 0x19, 0x21, 0x19, 0x21, 0x19, 0x21, 0x19, 
	0x21, 0x19, 0x21, 0x1b, 0x21, 0x1b, 0x29, 0x5d, 
	0x29, 0x5d, 0x29, 0x9f, 0x29, 0x5d, 0x21, 0x5d, 
	0x29, 0x5d, 0x29, 0x5d, 0x29, 0x5f, 0x31, 0x9f, 
	0x39, 0xe1, 0x29, 0x9d, 0x29, 0x5d, 0x31, 0x9f, 
	0x39, 0xa3, 0x39, 0xa5, 0x39, 0xa5, 0x41, 0xe9, 
	0x39, 0xa7, 0x39, 0xa7, 0x41, 0xa7, 0x41, 0xe9, 
	0x39, 0xa7, 0x41, 0xa7, 0x41, 0xa9, 0x41, 0xeb, 
	0x49, 0xed, 0x49, 0xed, 0x49, 0xed, 0x49, 0xed, 
	0x41, 0xab, 0x41, 0xed, 0x41, 0xed, 0x49, 0xef, 
	0x49, 0xef, 0x4a, 0x2f, 0x41, 0xed, 0x41, 0xeb, 
	0x39, 0xe9, 0x39, 0xeb, 0x39, 0xed, 0x39, 0xed, 
	0x39, 0xed, 0x39, 0xed, 0x41, 0xef, 0x39, 0xef, 
	0x42, 0x31, 0x42, 0x2f, 0x42, 0x2d, 0x39, 0xed, 
	0x41, 0xed, 0x42, 0x2f, 0x42, 0x2d, 0x39, 0xeb, 
	0x39, 0xed, 0x3a, 0x2d, 0x4a, 0x6f, 0x3a, 0x2d, 
	0x39, 0xed, 0x3a, 0x2d, 0x3a, 0x2d, 0x31, 0xeb, 
	0x31, 0xeb, 0x31, 0xe9, 0x31, 0xe9, 0x29, 0xe7, 
	0x29, 0xe7, 0x42, 0x6b, 0x29, 0xe7, 0x21, 0xe5, 
	0x21, 0xa3, 0x21, 0xa1, 0x19, 0xa1, 0x2a, 0x23, 
	0x19, 0x9f, 0x19, 0x9f, 0x19, 0xa1, 0x19, 0x9f, 
	0x19, 0x5d, 0x11, 0x5d, 0x19, 0x5b, 0x19, 0x59, 
	0x19, 0x59, 0x19, 0x59, 0x11, 0x59, 0x3a, 0x61, 
	0x19, 0x59, 0x11, 0x59, 0x21, 0x9b, 0x11, 0x59, 
	0x19, 0x5b, 0x19, 0x59, 0x19, 0x5b, 0x11, 0x59, 
	0x32, 0x1d, 0x21, 0x9b, 0x11, 0x59, 0x11, 0x59, 
	0x19, 0x9b, 0x19, 0x59, 0x19, 0x59, 0x19, 0x57, 
	0x11, 0x17, 0x11, 0x17, 0x19, 0x59, 0x19, 0x57, 
	0x11, 0x17, 0x19, 0x57, 0x21, 0x99, 0x19, 0x57, 
	0x19, 0x57, 0x19, 0x55, 0x19, 0x55, 0x19, 0x55, 
	0x11, 0x15, 0x11, 0x15, 0x11, 0x15, 0x19, 0x57, 
	0x19, 0x57, 0x19, 0x57, 0x19, 0x15, 0x19, 0x57, 
	0x21, 0x97, 0x21, 0x97, 0x21, 0x99, 0x3a, 0x5d, 
	0x21, 0x99, 0x21, 0x59, 0x21, 0x99, 0x21, 0x59, 
	0x19, 0x17, 0x11, 0x17, 0x11, 0x57, 0x11, 0x57, 
	0x11, 0x57, 0x19, 0x17, 0x19, 0x17, 0x19, 0x57, 
	0x19, 0x57, 0x11, 0x57, 0x19, 0x57, 0x11, 0x17, 
	0x19, 0x17, 0x11, 0x17, 0x19, 0x57, 0x19, 0x15, 
	0x19, 0x57, 0x19, 0x55, 0x19, 0x55, 0x11, 0x15, 
	0x19, 0x15, 0x19, 0x55, 0x11, 0x15, 0x11, 0x15, 
	0x19, 0x55, 0x11, 0x15, 0x19, 0x55, 0x21, 0x97, 
	0x21, 0x97, 0x19, 0x15, 0x19, 0x15, 0x19, 0x15, 
	0x11, 0x15, 0x19, 0x57, 0x19, 0x55, 0x19, 0x55, 
	0x19, 0x55, 0x19, 0x15, 0x19, 0x15, 0x19, 0x55, 
	0x11, 0x15, 0x19, 0x55, 0x19, 0x55, 0x19, 0x15, 
	0x19, 0x15, 0x11, 0x15, 0x11, 0x55, 0x11, 0x55, 
	0x21, 0x97, 0x11, 0x55, 0x19, 0x55, 0x11, 0x15, 
	0x19, 0x15, 0x19, 0x15, 0x19, 0x15, 0x19, 0x15, 
	0x11, 0x13, 0x19, 0x55, 0x19, 0x15, 0x19, 0x55, 
	0x19, 0x15, 0x19, 0x15, 0x19, 0x15, 0x21, 0x57, 
	0x19, 0x15, 0x19, 0x15, 0x19, 0x15, 0x19, 0x15, 
	0x19, 0x15, 0x19, 0x15, 0x19, 0x15, 0x19, 0x15, 
	0x19, 0x15, 0x19, 0x15, 0x29, 0x97, 0x19, 0x15, 
	0x19, 0x15, 0x19, 0x15, 0x19, 0x15, 0x19, 0x15, 
	0x11, 0x15, 0x11, 0x15, 0x11, 0x15, 0x11, 0x15, 
	0x19, 0x15, 0x19, 0x15, 0x19, 0x15, 0x19, 0x15, 
	0x19, 0x15, 0x19, 0x15, 0x19, 0x15, 0x19, 0x17, 
	0x19, 0x17, 0x21, 0x1b, 0x29, 0x1b, 0x29, 0x5d, 
	0x41, 0xe1, 0x31, 0x5d, 0x29, 0x5d, 0x31, 0x5f, 
	0x31, 0x61, 0x31, 0xa1, 0x42, 0x23, 0x29, 0x5d, 
	0x29, 0x5b, 0x21, 0x5b, 0x21, 0x1b, 0x21, 0x5d, 
	0x21, 0x5b, 0x21, 0x5d, 0x29, 0x5d, 0x21, 0x5b, 
	0x21, 0x59, 0x19, 0x19, 0x21, 0x59, 0x19, 0x17, 
	0x21, 0x59, 0x3a, 0x1f, 0x29, 0x9b, 0x21, 0x19, 
	0x29, 0x5b, 0x21, 0x19, 0x21, 0x19, 0x29, 0x5b, 
	0x21, 0x5b, 0x21, 0x19, 0x21, 0x19, 0x29, 0x5d, 
	0x21, 0x5d, 0x29, 0x9d, 0x21, 0x5d, 0x21, 0x5d, 
	0x31, 0x9f, 0x31, 0x9f, 0x29, 0x5f, 0x29, 0x5f, 
	0x31, 0x9d, 0x29, 0x5d, 0x29, 0x5d, 0x41, 0xe3, 
	0x39, 0x61, 0x39, 0xa5, 0x41, 0xa5, 0x41, 0xa7, 
	0x39, 0xa7, 0x52, 0x6b, 0x39, 0xa7, 0x39, 0xa7, 
	0x39, 0xa5, 0x39, 0xa5, 0x41, 0xe9, 0x41, 0xa9, 
	0x49, 0xed, 0x49, 0xad, 0x49, 0xed, 0x49, 0xed, 
	0x49, 0xeb, 0x41, 0xa9, 0x41, 0xeb, 0x49, 0xed, 
	0x49, 0xef, 0x4a, 0x2f, 0x41, 0xed, 0x39, 0xeb, 
	0x39, 0xe9, 0x39, 0xeb, 0x39, 0xed, 0x39, 0xed, 
	0x39, 0xed, 0x39, 0xed, 0x39, 0xed, 0x41, 0xef, 
	0x41, 0xef, 0x42, 0x2f, 0x39, 0xed, 0x52, 0x71, 
	0x41, 0xef, 0x42, 0x2f, 0x41, 0xed, 0x42, 0x2d, 
	0x39, 0xed, 0x42, 0x2d, 0x6b, 0x73, 0x3a, 0x2d, 
	0x3a, 0x2d, 0x31, 0xeb, 0x31, 0xeb, 0x31, 0xeb, 
	0x31, 0xe9, 0x31, 0xeb, 0x31, 0xe9, 0x31, 0xe7, 
	0x29, 0xe7, 0x31, 0xe9, 0x31, 0xe7, 0x29, 0xe5, 
	0x21, 0xa3, 0x21, 0xa3, 0x29, 0xe5, 0x21, 0xa3, 
	0x21, 0xa3, 0x21, 0xa1, 0x21, 0xa1, 0x29, 0xe3, 
	0x19, 0x9f, 0x19, 0x9d, 0x19, 0x5b, 0x19, 0x9b, 
	0x19, 0x5b, 0x19, 0x59, 0x11, 0x59, 0x11, 0x59, 
	0x19, 0x59, 0x11, 0x59, 0x11, 0x59, 0x11, 0x59, 
	0x11, 0x59, 0x11, 0x59, 0x19, 0x59, 0x11, 0x59, 
	0x11, 0x59, 0x19, 0x59, 0x19, 0x59, 0x11, 0x59, 
	0x19, 0x59, 0x19, 0x59, 0x19, 0x59, 0x19, 0x59, 
	0x19, 0x59, 0x19, 0x17, 0x11, 0x17, 0x11, 0x17, 
	0x19, 0x59, 0x11, 0x17, 0x11, 0x17, 0x19, 0x57, 
	0x19, 0x57, 0x19, 0x57, 0x21, 0x57, 0x19, 0x55, 
	0x19, 0x55, 0x19, 0x57, 0x11, 0x15, 0x11, 0x15, 
	0x19, 0x55, 0x42, 0x5d, 0x21, 0x97, 0x19, 0x55, 
	0x19, 0x55, 0x19, 0x55, 0x19, 0x55, 0x19, 0x55, 
	0x19, 0x57, 0x21, 0x99, 0x19, 0x57, 0x19, 0x57, 
	0x19, 0x57, 0x19, 0x57, 0x21, 0x99, 0x11, 0x57, 
	0x11, 0x57, 0x11, 0x57, 0x19, 0x57, 0x19, 0x57, 
	0x21, 0x99, 0x11, 0x57, 0x11, 0x57, 0x11, 0x57, 
	0x11, 0x57, 0x19, 0x17, 0x19, 0x17, 0x19, 0x17, 
	0x11, 0x15, 0x21, 0x97, 0x21, 0x97, 0x11, 0x15, 
	0x11, 0x15, 0x19, 0x55, 0x11, 0x15, 0x19, 0x57, 
	0x19, 0x55, 0x19, 0x55, 0x19, 0x57, 0x29, 0x99, 
	0x32, 0x1b, 0x19, 0x55, 0x11, 0x15, 0x11, 0x15, 
	0x19, 0x55, 0x19, 0x55, 0x11, 0x15, 0x19, 0x15, 
	0x19, 0x15, 0x19, 0x15, 0x3a, 0x5b, 0x19, 0x55, 
	0x11, 0x15, 0x11, 0x15, 0x11, 0x15, 0x19, 0x15, 
	0x19, 0x15, 0x19, 0x15, 0x11, 0x15, 0x11, 0x15, 
	0x19, 0x55, 0x11, 0x15, 0x19, 0x55, 0x11, 0x15, 
	0x19, 0x55, 0x21, 0x97, 0x21, 0x57, 0x19, 0x55, 
	0x19, 0x15, 0x19, 0x15, 0x19, 0x15, 0x19, 0x15, 
	0x19, 0x55, 0x19, 0x15, 0x19, 0x15, 0x19, 0x15, 
	0x19, 0x15, 0x19, 0x55, 0x19, 0x15, 0x11, 0x15, 
	0x19, 0x55, 0x21, 0x57, 0x29, 0x97, 0x19, 0x13, 
	0x11, 0x13, 0x19, 0x15, 0x29, 0x97, 0x19, 0x15, 
	0x11, 0x13, 0x19, 0x13, 0x19, 0x15, 0x19, 0x15, 
	0x11, 0x15, 0x19, 0x15, 0x11, 0x15, 0x11, 0x15, 
	0x19, 0x15, 0x19, 0x15, 0x19, 0x15, 0x19, 0x13, 
	0x19, 0x15, 0x19, 0x13, 0x19, 0x15, 0x19, 0x15, 
	0x19, 0x17, 0x21, 0x19, 0x21, 0x1b, 0x21, 0x1b, 
	0x29, 0x5d, 0x29, 0x1d, 0x29, 0x5d, 0x41, 0xe3, 
	0x52, 0x67, 0x31, 0xa1, 0x31, 0xa1, 0x29, 0x5f, 
	0x21, 0x1b, 0x21, 0x1b, 0x29, 0x5b, 0x21, 0x5b, 
	0x21, 0x1b, 0x21, 0x19, 0x21, 0x1b, 0x21, 0x19, 
	0x21, 0x59, 0x19, 0x17, 0x21, 0x57, 0x19, 0x55, 
	0x29, 0x99, 0x19, 0x19, 0x19, 0x19, 0x21, 0x5b, 
	0x21, 0x1b, 0x21, 0x19, 0x21, 0x5b, 0x21, 0x5b, 
	0x21, 0x5b, 0x21, 0x59, 0x21, 0x59, 0x21, 0x19, 
	0x21, 0x1b, 0x21, 0x1b, 0x21, 0x5b, 0x21, 0x5b, 
	0x29, 0x9d, 0x29, 0x5d, 0x29, 0x5d, 0x29, 0x5d, 
	0x31, 0x9f, 0x29, 0x5d, 0x31, 0x5f, 0x41, 0xe3, 
	0x39, 0xa1, 0x39, 0xa3, 0x4a, 0x27, 0x4a, 0x27, 
	0x39, 0xa5, 0x39, 0xa5, 0x39, 0xa5, 0x39, 0xa5, 
	0x39, 0xa5, 0x41, 0xe7, 0x41, 0xa7, 0x41, 0xa9, 
	0x52, 0x2d, 0x49, 0xed, 0x49, 0xeb, 0x41, 0xab, 
	0x41, 0xa9, 0x41, 0xa9, 0x41, 0xeb, 0x41, 0xed, 
	0x49, 0xf1, 0x49, 0xf1, 0x49, 0xef, 0x41, 0xed, 
	0x42, 0x2b, 0x39, 0xeb, 0x41, 0xed, 0x39, 0xef, 
	0x39, 0xed, 0x39, 0xed, 0x39, 0xed, 0x41, 0xef, 
	0x39, 0xed, 0x39, 0xed, 0x39, 0xed, 0x41, 0xed, 
	0x42, 0x2f, 0x42, 0x2f, 0x41, 0xef, 0x42, 0x2f, 
	0x4a, 0x2f, 0x42, 0x2f, 0x42, 0x2d, 0x39, 0xed, 
	0x3a, 0x2d, 0x31, 0xeb, 0x31, 0xeb, 0x31, 0xeb, 
	0x31, 0xe9, 0x39, 0xeb, 0x31, 0xe9, 0x31, 0xe9, 
	0x31, 0xe7, 0x29, 0xe7, 0x31, 0xe7, 0x29, 0xe7, 
	0x29, 0xe5, 0x29, 0xa3, 0x29, 0xe5, 0x21, 0xa3, 
	0x29, 0xa3, 0x3a, 0x67, 0x19, 0xa1, 0x19, 0x9f, 
	0x21, 0xdf, 0x19, 0x5d, 0x19, 0x5b, 0x11, 0x5b, 
	0x19, 0x5b, 0x11, 0x59, 0x11, 0x59, 0x11, 0x59, 
	0x19, 0x9b, 0x19, 0x9b, 0x11, 0x59, 0x19, 0x59, 
	0x19, 0x59, 0x11, 0x59, 0x19, 0x59, 0x11, 0x59, 
	0x11, 0x59, 0x19, 0x59, 0x32, 0x1d, 0x19, 0x9b, 
	0x19, 0x59, 0x19, 0x59, 0x19, 0x59, 0x19, 0x59, 
	0x19, 0x19, 0x19, 0x19, 0x19, 0x19, 0x19, 0x59, 
	0x19, 0x19, 0x19, 0x59, 0x19, 0x57, 0x11, 0x17, 
	0x11, 0x17, 0x19, 0x17, 0x19, 0x57, 0x21, 0x57, 
	0x19, 0x17, 0x19, 0x57, 0x19, 0x57, 0x21, 0x57, 
	0x11, 0x15, 0x11, 0x15, 0x21, 0x97, 0x19, 0x55, 
	0x19, 0x55, 0x21, 0x99, 0x19, 0x55, 0x19, 0x57, 
	0x11, 0x15, 0x19, 0x57, 0x11, 0x17, 0x19, 0x59, 
	0x19, 0x57, 0x19, 0x57, 0x19, 0x99, 0x19, 0x57, 
	0x11, 0x57, 0x11, 0x57, 0x11, 0x57, 0x19, 0x57, 
	0x19, 0x57, 0x19, 0x57, 0x21, 0x99, 0x19, 0x57, 
	0x11, 0x57, 0x19, 0x17, 0x19, 0x17, 0x19, 0x57, 
	0x11, 0x15, 0x11, 0x15, 0x19, 0x15, 0x11, 0x15, 
	0x21, 0x57, 0x19, 0x55, 0x19, 0x55, 0x19, 0x55, 
	0x11, 0x15, 0x29, 0xd9, 0x19, 0x55, 0x11, 0x15, 
	0x19, 0x55, 0x11, 0x15, 0x19, 0x55, 0x11, 0x15, 
	0x11, 0x15, 0x11, 0x15, 0x11, 0x15, 0x19, 0x15, 
	0x19, 0x15, 0x11, 0x15, 0x32, 0x1b, 0x19, 0x55, 
	0x21, 0x97, 0x11, 0x15, 0x19, 0x15, 0x11, 0x15, 
	0x11, 0x15, 0x19, 0x55, 0x11, 0x15, 0x19, 0x15, 
	0x19, 0x55, 0x11, 0x15, 0x19, 0x15, 0x19, 0x55, 
	0x19, 0x15, 0x32, 0x1b, 0x29, 0x97, 0x19, 0x55, 
	0x19, 0x55, 0x19, 0x55, 0x19, 0x15, 0x11, 0x15, 
	0x11, 0x15, 0x21, 0x97, 0x11, 0x15, 0x19, 0x15, 
	0x19, 0x55, 0x21, 0x57, 0x19, 0x15, 0x19, 0x15, 
	0x19, 0x15, 0x19, 0x15, 0x29, 0x97, 0x19, 0x15, 
	0x19, 0x55, 0x19, 0x15, 0x19, 0x15, 0x19, 0x13, 
	0x11, 0x13, 0x19, 0x55, 0x19, 0x15, 0x19, 0x13, 
	0x11, 0x15, 0x11, 0x15, 0x11, 0x15, 0x11, 0x15, 
	0x11, 0x15, 0x11, 0x13, 0x19, 0x13, 0x19, 0x55, 
	0x19, 0x15, 0x19, 0x13, 0x19, 0x13, 0x19, 0x15, 
	0x19, 0x15, 0x21, 0x19, 0x21, 0x19, 0x21, 0x19, 
	0x21, 0x1b, 0x29, 0x1d, 0x39, 0xa1, 0x39, 0xa1, 
	0x41, 0xe3, 0x39, 0xa1, 0x31, 0xa1, 0x31, 0x5f, 
	0x29, 0x5d, 0x21, 0x5b, 0x29, 0x9d, 0x31, 0x9d, 
	0x19, 0x19, 0x21, 0x19, 0x21, 0x59, 0x21, 0x59, 
	0x19, 0x17, 0x19, 0x17, 0x21, 0x57, 0x19, 0x15, 
	0x19, 0x17, 0x19, 0x19, 0x19, 0x19, 0x31, 0xdd, 
	0x21, 0x1b, 0x19, 0x19, 0x19, 0x19, 0x21, 0x5b, 
	0x21, 0x19, 0x21, 0x19, 0x21, 0x19, 0x21, 0x19, 
	0x21, 0x19, 0x21, 0x1b, 0x21, 0x5b, 0x29, 0x5b, 
	0x29, 0x5b, 0x29, 0x5b, 0x31, 0x9d, 0x29, 0x5d, 
	0x39, 0xe1, 0x29, 0x5d, 0x31, 0xa1, 0x31, 0x61, 
	0x31, 0x61, 0x39, 0xa3, 0x39, 0xa3, 0x39, 0xa3, 
	0x41, 0xa5, 0x39, 0xa5, 0x39, 0xa5, 0x39, 0xa5, 
	0x39, 0xa5, 0x31, 0x63, 0x39, 0xa5, 0x4a, 0x2b, 
	0x49, 0xa9, 0x41, 0xa9, 0x49, 0xa9, 0x49, 0xa9, 
	0x41, 0xa9, 0x41, 0xa9, 0x41, 0xab, 0x41, 0xed, 
	0x49, 0xef, 0x49, 0xf1, 0x49, 0xef, 0x41, 0xed, 
	0x41, 0xeb, 0x41, 0xeb, 0x41, 0xed, 0x39, 0xed, 
	0x39, 0xed, 0x41, 0xef, 0x39, 0xed, 0x4a, 0x2f, 
	0x41, 0xed, 0x41, 0xed, 0x42, 0x2f, 0x41, 0xed, 
	0x4a, 0x2f, 0x4a, 0x2f, 0x42, 0x2f, 0x4a, 0x31, 
	0x4a, 0x71, 0x42, 0x2f, 0x39, 0xed, 0x42, 0x6f, 
	0x42, 0x2d, 0x39, 0xeb, 0x31, 0xeb, 0x31, 0xe9, 
	0x31, 0xe9, 0x31, 0xe9, 0x31, 0xe9, 0x39, 0xe9, 
	0x31, 0xe9, 0x31, 0xe7, 0x31, 0xe7, 0x31, 0xe9, 
	0x31, 0xe9, 0x31, 0xe7, 0x29, 0xa5, 0x29, 0xa5, 
	0x21, 0xa3, 0x19, 0xa1, 0x19, 0x9f, 0x19, 0x5d, 
	0x19, 0x5d, 0x19, 0x9d, 0x11, 0x5b, 0x11, 0x5b, 
	0x19, 0x5b, 0x19, 0x59, 0x11, 0x59, 0x11, 0x59, 
	0x11, 0x59, 0x11, 0x59, 0x11, 0x59, 0x11, 0x59, 
	0x11, 0x59, 0x11, 0x59, 0x19, 0x9b, 0x19, 0x59, 
	0x11, 0x59, 0x11, 0x59, 0x11, 0x59, 0x19, 0x59, 
	0x19, 0x59, 0x11, 0x59, 0x11, 0x59, 0x19, 0x59, 
	0x19, 0x59, 0x19, 0x59, 0x19, 0x59, 0x19, 0x59, 
	0x19, 0x59, 0x21, 0x9b, 0x19, 0x59, 0x19, 0x59, 
	0x19, 0x59, 0x19, 0x17, 0x21, 0x59, 0x21, 0x59, 
	0x19, 0x57, 0x19, 0x57, 0x19, 0x57, 0x29, 0x99, 
	0x19, 0x17, 0x19, 0x57, 0x19, 0x17, 0x19, 0x57, 
	0x19, 0x55, 0x11, 0x15, 0x11, 0x15, 0x19, 0x15, 
	0x19, 0x15, 0x19, 0x57, 0x21, 0x99, 0x19, 0x57, 
	0x19, 0x57, 0x11, 0x57, 0x21, 0x99, 0x11, 0x57, 
	0x11, 0x57, 0x19, 0x57, 0x11, 0x57, 0x11, 0x57, 
	0x11, 0x57, 0x11, 0x57, 0x19, 0x57, 0x19, 0x57, 
	0x11, 0x57, 0x19, 0x17, 0x19, 0x17, 0x19, 0x17, 
	0x19, 0x57, 0x19, 0x55, 0x19, 0x57, 0x19, 0x55, 
	0x21, 0x57, 0x19, 0x55, 0x11, 0x15, 0x11, 0x15, 
	0x11, 0x15, 0x11, 0x15, 0x11, 0x15, 0x11, 0x15, 
	0x19, 0x55, 0x19, 0x55, 0x19, 0x55, 0x19, 0x55, 
	0x21, 0x97, 0x19, 0x55, 0x19, 0x55, 0x19, 0x55, 
	0x21, 0x57, 0x21, 0x97, 0x11, 0x15, 0x21, 0x97, 
	0x19, 0x55, 0x19, 0x55, 0x19, 0x55, 0x11, 0x15, 
	0x19, 0x55, 0x11, 0x15, 0x19, 0x15, 0x31, 0xd9, 
	0x31, 0xd9, 0x19, 0x15, 0x19, 0x15, 0x19, 0x15, 
	0x19, 0x15, 0x19, 0x15, 0x19, 0x15, 0x32, 0x1b, 
	0x19, 0x55, 0x19, 0x15, 0x19, 0x15, 0x11, 0x15, 
	0x11, 0x15, 0x21, 0x97, 0x11, 0x15, 0x19, 0x15, 
	0x19, 0x15, 0x19, 0x15, 0x29, 0xd9, 0x19, 0x15, 
	0x19, 0x15, 0x11, 0x15, 0x11, 0x13, 0x19, 0x15, 
	0x19, 0x15, 0x19, 0x15, 0x19, 0x15, 0x19, 0x13, 
	0x11, 0x13, 0x19, 0x13, 0x19, 0x15, 0x19, 0x15, 
	0x19, 0x15, 0x11, 0x15, 0x19, 0x15, 0x19, 0x15, 
	0x19, 0x15, 0x19, 0x13, 0x19, 0x15, 0x19, 0x15, 
	0x19, 0x13, 0x19, 0x13, 0x19, 0x15, 0x19, 0x55, 
	0x19, 0x17, 0x21, 0x17, 0x19, 0x17, 0x19, 0x17, 
	0x21, 0x19, 0x29, 0x1b, 0x31, 0x5f, 0x39, 0xa1, 
	0x39, 0xa3, 0x39, 0xa1, 0x31, 0xa1, 0x31, 0x5f, 
	0x29, 0x5d, 0x29, 0x5d, 0x29, 0x5d, 0x21, 0x5b, 
	0x21, 0x19, 0x21, 0x19, 0x21, 0x19, 0x21, 0x5b, 
	0x21, 0x19, 0x19, 0x17, 0x19, 0x15, 0x21, 0x97, 
	0x19, 0x17, 0x19, 0x19, 0x19, 0x19, 0x19, 0x19, 
	0x19, 0x19, 0x19, 0x19, 0x19, 0x19, 0x19, 0x19, 
	0x21, 0x19, 0x19, 0x19, 0x21, 0x19, 0x21, 0x19, 
	0x21, 0x19, 0x29, 0x5b, 0x21, 0x5b, 0x21, 0x5b, 
	0x21, 0x5b, 0x21, 0x5b, 0x29, 0x5b, 0x29, 0x5d, 
	0x39, 0xe1, 0x29, 0x5f, 0x29, 0x5f, 0x31, 0x5f, 
	0x31, 0x61, 0x39, 0xa3, 0x39, 0xa5, 0x39, 0xa5, 
	0x52, 0x69, 0x39, 0xa5, 0x39, 0xa5, 0x39, 0xa5, 
	0x31, 0x65, 0x31, 0xa5, 0x39, 0x65, 0x49, 0xe9, 
	0x41, 0xa9, 0x41, 0xa7, 0x41, 0xa7, 0x41, 0xa9, 
	0x41, 0xa9, 0x41, 0xab, 0x41, 0xab, 0x41, 0xeb, 
	0x41, 0xeb, 0x41, 0xed, 0x49, 0xef, 0x41, 0xed, 
	0x41, 0xeb, 0x41, 0xed, 0x42, 0x2d, 0x39, 0xeb, 
	0x39, 0xeb, 0x42, 0x2f, 0x52, 0x71, 0x41, 0xef, 
	0x39, 0xed, 0x39, 0xeb, 0x42, 0x2f, 0x41, 0xed, 
	0x42, 0x2f, 0x4a, 0x2f, 0x41, 0xef, 0x49, 0xef, 
	0x4a, 0x2f, 0x41, 0xed, 0x39, 0xeb, 0x39, 0xed, 
	0x39, 0xeb, 0x39, 0xeb, 0x39, 0xe9, 0x39, 0xe9, 
	0x4a, 0x6d, 0x31, 0xe9, 0x31, 0xe9, 0x39, 0xeb, 
	0x39, 0xe9, 0x31, 0xe7, 0x31, 0xe9, 0x39, 0xe9, 
	0x39, 0xe9, 0x29, 0xe5, 0x21, 0xa3, 0x29, 0xa3, 
	0x21, 0xa1, 0x19, 0x9f, 0x19, 0x5d, 0x19, 0x5d, 
	0x11, 0x5d, 0x19, 0x9d, 0x11, 0x5b, 0x19, 0x5b, 
	0x19, 0x5b, 0x11, 0x59, 0x11, 0x59, 0x11, 0x59, 
	0x11, 0x59, 0x11, 0x59, 0x19, 0x59, 0x11, 0x59, 
	0x19, 0x5b, 0x19, 0x59, 0x11, 0x59, 0x11, 0x59, 
	0x11, 0x59, 0x19, 0x9b, 0x19, 0x59, 0x19, 0x59, 
	0x19, 0x59, 0x11, 0x59, 0x21, 0x9b, 0x19, 0x59, 
	0x21, 0x9b, 0x3a, 0x1f, 0x19, 0x59, 0x19, 0x59, 
	0x19, 0x59, 0x19, 0x59, 0x21, 0x99, 0x19, 0x59, 
	0x19, 0x59, 0x19, 0x59, 0x19, 0x19, 0x19, 0x59, 
	0x19, 0x59, 0x19, 0x57, 0x19, 0x57, 0x21, 0x59, 
	0x19, 0x57, 0x19, 0x57, 0x19, 0x57, 0x21, 0x57, 
	0x19, 0x57, 0x19, 0x15, 0x19, 0x55, 0x21, 0x99, 
	0x19, 0x57, 0x19, 0x57, 0x32, 0x1d, 0x11, 0x57, 
	0x11, 0x57, 0x11, 0x57, 0x19, 0x57, 0x11, 0x57, 
	0x11, 0x57, 0x19, 0x59, 0x11, 0x57, 0x11, 0x57, 
	0x11, 0x57, 0x19, 0x57, 0x11, 0x57, 0x11, 0x57, 
	0x11, 0x57, 0x19, 0x17, 0x19, 0x17, 0x19, 0x17, 
	0x19, 0x15, 0x19, 0x55, 0x11, 0x15, 0x19, 0x57, 
	0x19, 0x57, 0x19, 0x57, 0x11, 0x15, 0x11, 0x15, 
	0x11, 0x15, 0x11, 0x15, 0x11, 0x15, 0x11, 0x15, 
	0x4a, 0x9f, 0x11, 0x15, 0x19, 0x55, 0x19, 0x55, 
	0x19, 0x55, 0x19, 0x55, 0x19, 0x55, 0x19, 0x57, 
	0x11, 0x15, 0x19, 0x55, 0x31, 0xd9, 0x19, 0x57, 
	0x11, 0x15, 0x19, 0x55, 0x19, 0x55, 0x21, 0x97, 
	0x4a, 0xdf, 0x11, 0x15, 0x21, 0x57, 0x19, 0x15, 
	0x19, 0x15, 0x19, 0x15, 0x19, 0x15, 0x19, 0x15, 
	0x21, 0x57, 0x19, 0x15, 0x19, 0x15, 0x19, 0x15, 
	0x11, 0x15, 0x19, 0x55, 0x11, 0x15, 0x11, 0x15, 
	0x19, 0x55, 0x11, 0x15, 0x3a, 0x5d, 0x21, 0x97, 
	0x11, 0x15, 0x11, 0x15, 0x19, 0x55, 0x11, 0x15, 
	0x19, 0x55, 0x19, 0x55, 0x19, 0x15, 0x19, 0x15, 
	0x11, 0x13, 0x19, 0x15, 0x11, 0x13, 0x19, 0x15, 
	0x21, 0x55, 0x19, 0x15, 0x19, 0x55, 0x11, 0x15, 
	0x19, 0x15, 0x19, 0x15, 0x19, 0x15, 0x11, 0x13, 
	0x19, 0x15, 0x19, 0x13, 0x11, 0x13, 0x11, 0x13, 
	0x19, 0x13, 0x19, 0x13, 0x11, 0x13, 0x19, 0x55, 
	0x21, 0x57, 0x21, 0x99, 0x19, 0x57, 0x21, 0x57, 
	0x21, 0x19, 0x31, 0x5d, 0x31, 0x61, 0x39, 0xa3, 
	0x39, 0xa1, 0x39, 0xa3, 0x39, 0x61, 0x31, 0x5f, 
	0x29, 0x5d, 0x29, 0x5d, 0x29, 0x5d, 0x21, 0x5b, 
	0x21, 0x19, 0x21, 0x19, 0x29, 0x5b, 0x21, 0x5b, 
	0x29, 0x59, 0x19, 0x17, 0x11, 0x15, 0x19, 0x15, 
	0x19, 0x15, 0x19, 0x57, 0x19, 0x19, 0x21, 0x59, 
	0x19, 0x19, 0x19, 0x19, 0x21, 0x59, 0x21, 0x59, 
	0x19, 0x19, 0x19, 0x19, 0x19, 0x19, 0x21, 0x59, 
	0x21, 0x19, 0x21, 0x19, 0x29, 0x5b, 0x21, 0x5b, 
	0x21, 0x19, 0x29, 0x5b, 0x21, 0x1b, 0x21, 0x1b, 
	0x21, 0x5d, 0x31, 0xa1, 0x29, 0x5d, 0x29, 0x5f, 
	0x29, 0x5f, 0x31, 0x61, 0x39, 0xa3, 0x39, 0xa5, 
	0x41, 0xa5, 0x39, 0xa5, 0x39, 0xa5, 0x39, 0xa5, 
	0x31, 0x63, 0x31, 0x63, 0x39, 0x65, 0x41, 0xa7, 
	0x41, 0xa7, 0x41, 0xa5, 0x41, 0xa7, 0x41, 0xa9, 
	0x52, 0x2b, 0x41, 0xa9, 0x41, 0xa9, 0x39, 0xab, 
	0x39, 0xa9, 0x39, 0xe9, 0x39, 0xeb, 0x52, 0x71, 
	0x4a, 0x2d, 0x41, 0xed, 0x4a, 0x2f, 0x39, 0xe9, 
	0x39, 0xe9, 0x39, 0xeb, 0x4a, 0x2d, 0x41, 0xed, 
	0x39, 0xeb, 0x39, 0xeb, 0x41, 0xeb, 0x41, 0xed, 
	0x41, 0xed, 0x4a, 0x2d, 0x41, 0xed, 0x49, 0xed, 
	0x49, 0xed, 0x41, 0xed, 0x41, 0xed, 0x41, 0xed, 
	0x39, 0xeb, 0x39, 0xeb, 0x39, 0xe9, 0x39, 0xe9, 
	0x39, 0xe9, 0x39, 0xe9, 0x31, 0xe9, 0x39, 0xe9, 
	0x39, 0xe9, 0x31, 0xe7, 0x31, 0xe7, 0x29, 0xa5, 
	0x31, 0xe7, 0x31, 0xe5, 0x3a, 0x65, 0x21, 0xa1, 
	0x21, 0xa1, 0x19, 0x9d, 0x19, 0x5d, 0x11, 0x5b, 
	0x11, 0x5b, 0x19, 0x9b, 0x19, 0x9b, 0x21, 0xdd, 
	0x11, 0x59, 0x11, 0x59, 0x19, 0x5b, 0x11, 0x59, 
	0x11, 0x59, 0x11, 0x59, 0x11, 0x59, 0x11, 0x59, 
	0x21, 0x9b, 0x11, 0x59, 0x11, 0x59, 0x19, 0x59, 
	0x11, 0x59, 0x11, 0x59, 0x11, 0x59, 0x19, 0x59, 
	0x19, 0x59, 0x19, 0x59, 0x19, 0x59, 0x21, 0x9b, 
	0x29, 0xdb, 0x19, 0x59, 0x11, 0x59, 0x19, 0x19, 
	0x19, 0x59, 0x19, 0x59, 0x21, 0x9b, 0x19, 0x59, 
	0x19, 0x59, 0x19, 0x19, 0x19, 0x19, 0x19, 0x59, 
	0x19, 0x59, 0x11, 0x57, 0x19, 0x57, 0x19, 0x59, 
	0x11, 0x59, 0x11, 0x59, 0x11, 0x59, 0x19, 0x59, 
	0x19, 0x57, 0x19, 0x57, 0x19, 0x57, 0x21, 0x59, 
	0x19, 0x57, 0x19, 0x17, 0x11, 0x17, 0x11, 0x57, 
	0x11, 0x57, 0x19, 0x57, 0x19, 0x57, 0x11, 0x57, 
	0x11, 0x57, 0x21, 0x99, 0x19, 0x57, 0x19, 0x57, 
	0x19, 0x57, 0x19, 0x59, 0x11, 0x17, 0x19, 0x57, 
	0x11, 0x57, 0x19, 0x17, 0x19, 0x57, 0x19, 0x57, 
	0x21, 0x99, 0x19, 0x55, 0x11, 0x15, 0x21, 0x97, 
	0x31, 0xd9, 0x11, 0x15, 0x11, 0x15, 0x21, 0x97, 
	0x19, 0x55, 0x11, 0x15, 0x19, 0x57, 0x11, 0x15, 
	0x11, 0x15, 0x11, 0x15, 0x19, 0x55, 0x19, 0x55, 
	0x11, 0x15, 0x19, 0x57, 0x21, 0x97, 0x21, 0x97, 
	0x21, 0x97, 0x21, 0x97, 0x11, 0x15, 0x11, 0x15, 
	0x19, 0x55, 0x19, 0x55, 0x11, 0x15, 0x19, 0x55, 
	0x11, 0x15, 0x11, 0x15, 0x19, 0x55, 0x11, 0x15, 
	0x19, 0x15, 0x19, 0x15, 0x19, 0x15, 0x19, 0x15, 
	0x19, 0x15, 0x11, 0x15, 0x19, 0x15, 0x19, 0x15, 
	0x19, 0x55, 0x21, 0x97, 0x19, 0x15, 0x19, 0x15, 
	0x19, 0x15, 0x19, 0x15, 0x19, 0x15, 0x19, 0x15, 
	0x19, 0x15, 0x19, 0x15, 0x19, 0x55, 0x19, 0x15, 
	0x19, 0x15, 0x21, 0x57, 0x19, 0x55, 0x19, 0x15, 
	0x11, 0x13, 0x19, 0x15, 0x11, 0x13, 0x11, 0x13, 
	0x31, 0xd9, 0x21, 0x55, 0x31, 0xdb, 0x21, 0x57, 
	0x19, 0x15, 0x21, 0x57, 0x21, 0x97, 0x11, 0x13, 
	0x11, 0x13, 0x11, 0x13, 0x11, 0x13, 0x19, 0x15, 
	0x19, 0x15, 0x19, 0x15, 0x19, 0x15, 0x19, 0x15, 
	0x19, 0x15, 0x19, 0x15, 0x21, 0x97, 0x21, 0x57, 
	0x21, 0x19, 0x29, 0x5d, 0x31, 0xa1, 0x39, 0xa3, 
	0x31, 0xa1, 0x39, 0xa1, 0x39, 0x61, 0x39, 0xa1, 
	0x39, 0xe1, 0x29, 0x5d, 0x29, 0x5d, 0x29, 0x9d, 
	0x19, 0x19, 0x19, 0x19, 0x21, 0x1b, 0x29, 0x5b, 
	0x19, 0x17, 0x11, 0x15, 0x19, 0x57, 0x19, 0x15, 
	0x11, 0x15, 0x21, 0x59, 0x19, 0x19, 0x19, 0x59, 
	0x19, 0x17, 0x19, 0x19, 0x19, 0x19, 0x21, 0x5b, 
	0x21, 0x19, 0x21, 0x19, 0x19, 0x19, 0x21, 0x59, 
	0x21, 0x59, 0x21, 0x5b, 0x21, 0x5b, 0x21, 0x19, 
	0x21, 0x5b, 0x21, 0x19, 0x21, 0x19, 0x21, 0x19, 
	0x21, 0x1b, 0x29, 0x9d, 0x21, 0x5b, 0x21, 0x5d, 
	0x29, 0x9f, 0x29, 0x5f, 0x31, 0xa3, 0x39, 0xa5, 
	0x41, 0xa5, 0x41, 0xa5, 0x39, 0xa5, 0x39, 0xa5, 
	0x31, 0x63, 0x39, 0xa3, 0x39, 0xa5, 0x39, 0xa5, 
	0x39, 0xa5, 0x39, 0xa5, 0x41, 0x67, 0x41, 0x67, 
	0x41, 0xa9, 0x41, 0xa9, 0x39, 0xa9, 0x31, 0xa9, 
	0x31, 0xa9, 0x31, 0xa7, 0x39, 0xe9, 0x41, 0xeb, 
	0x41, 0xed, 0x4a, 0x2d, 0x41, 0xed, 0x41, 0xe9, 
	0x73, 0x6f, 0x39, 0xe9, 0x41, 0xed, 0x41, 0xeb, 
	0x39, 0xeb, 0x41, 0xeb, 0x41, 0xed, 0x41, 0xed, 
	0x41, 0xed, 0x41, 0xed, 0x41, 0xed, 0x41, 0xed, 
	0x41, 0xed, 0x52, 0x71, 0x41, 0xed, 0x41, 0xed, 
	0x41, 0xeb, 0x41, 0xeb, 0x41, 0xeb, 0x41, 0xe9, 
	0x39, 0xe9, 0x39, 0xe9, 0x31, 0xe9, 0x31, 0xa7, 
	0x39, 0xe7, 0x63, 0x6d, 0x4a, 0x69, 0x29, 0xa5, 
	0x29, 0xa3, 0x29, 0xa3, 0x29, 0xe3, 0x19, 0x5f, 
	0x21, 0x9f, 0x19, 0x5d, 0x19, 0x5b, 0x19, 0x9b, 
	0x11, 0x5b, 0x11, 0x5b, 0x19, 0x5b, 0x19, 0x5b, 
	0x11, 0x59, 0x11, 0x59, 0x11, 0x59, 0x11, 0x59, 
	0x11, 0x59, 0x11, 0x59, 0x11, 0x59, 0x11, 0x59, 
	0x11, 0x59, 0x11, 0x59, 0x19, 0x59, 0x11, 0x59, 
	0x11, 0x59, 0x19, 0x59, 0x19, 0x59, 0x19, 0x59, 
	0x19, 0x59, 0x19, 0x59, 0x19, 0x59, 0x21, 0x9b, 
	0x21, 0x9b, 0x19, 0x59, 0x11, 0x59, 0x19, 0x59, 
	0x21, 0x9b, 0x19, 0x19, 0x19, 0x59, 0x19, 0x59, 
	0x19, 0x59, 0x19, 0x59, 0x19, 0x59, 0x19, 0x19, 
	0x19, 0x59, 0x11, 0x59, 0x42, 0x61, 0x19, 0x59, 
	0x11, 0x59, 0x19, 0x59, 0x29, 0xdd, 0x32, 0x1d, 
	0x19, 0x57, 0x19, 0x59, 0x19, 0x57, 0x19, 0x17, 
	0x19, 0x59, 0x19, 0x57, 0x19, 0x57, 0x19, 0x57, 
	0x11, 0x17, 0x19, 0x57, 0x3a, 0x5d, 0x11, 0x57, 
	0x19, 0x57, 0x19, 0x99, 0x19, 0x57, 0x19, 0x99, 
	0x19, 0x57, 0x11, 0x17, 0x11, 0x17, 0x19, 0x57, 
	0x19, 0x57, 0x19, 0x57, 0x19, 0x57, 0x29, 0xdb, 
	0x19, 0x15, 0x11, 0x15, 0x11, 0x15, 0x21, 0x57, 
	0x29, 0xd9, 0x19, 0x55, 0x11, 0x15, 0x11, 0x15, 
	0x11, 0x15, 0x11, 0x15, 0x21, 0x57, 0x19, 0x57, 
	0x11, 0x15, 0x19, 0x15, 0x19, 0x15, 0x19, 0x15, 
	0x11, 0x15, 0x19, 0x57, 0x19, 0x55, 0x21, 0x97, 
	0x19, 0x55, 0x19, 0x57, 0x19, 0x55, 0x11, 0x15, 
	0x11, 0x15, 0x11, 0x15, 0x19, 0x55, 0x32, 0x19, 
	0x11, 0x15, 0x11, 0x15, 0x21, 0x97, 0x11, 0x55, 
	0x11, 0x15, 0x19, 0x15, 0x19, 0x55, 0x19, 0x15, 
	0x19, 0x15, 0x19, 0x15, 0x19, 0x15, 0x19, 0x15, 
	0x19, 0x15, 0x19, 0x15, 0x21, 0x57, 0x19, 0x15, 
	0x19, 0x15, 0x19, 0x15, 0x19, 0x55, 0x19, 0x55, 
	0x19, 0x15, 0x19, 0x15, 0x11, 0x15, 0x19, 0x15, 
	0x19, 0x15, 0x19, 0x55, 0x19, 0x15, 0x11, 0x13, 
	0x19, 0x15, 0x19, 0x15, 0x19, 0x13, 0x19, 0x13, 
	0x11, 0x13, 0x19, 0x15, 0x19, 0x15, 0x21, 0x57, 
	0x11, 0x15, 0x11, 0x15, 0x19, 0x55, 0x31, 0xd9, 
	0x19, 0x13, 0x19, 0x15, 0x19, 0x15, 0x19, 0x55, 
	0x19, 0x15, 0x19, 0x15, 0x19, 0x55, 0x19, 0x15, 
	0x19, 0x13, 0x19, 0x13, 0x19, 0x15, 0x19, 0x15, 
	0x21, 0x19, 0x29, 0x5d, 0x31, 0x9f, 0x29, 0x5d, 
	0x29, 0x5d, 0x31, 0x5f, 0x31, 0xa1, 0x31, 0x61, 
	0x31, 0x9f, 0x29, 0x5d, 0x21, 0x1b, 0x29, 0x9b, 
	0x19, 0x17, 0x19, 0x17, 0x21, 0x19, 0x21, 0x19, 
	0x19, 0x17, 0x19, 0x15, 0x19, 0x57, 0x19, 0x15, 
	0x19, 0x17, 0x19, 0x15, 0x19, 0x17, 0x31, 0xdd, 
	0x19, 0x19, 0x19, 0x17, 0x19, 0x17, 0x19, 0x17, 
	0x19, 0x17, 0x21, 0x5b, 0x31, 0xdd, 0x19, 0x19, 
	0x21, 0x59, 0x19, 0x19, 0x21, 0x19, 0x21, 0x19, 
	0x19, 0x19, 0x5b, 0x23, 0x21, 0x59, 0x21, 0x19, 
	0x21, 0x1b, 0x21, 0x1b, 0x21, 0x1b, 0x21, 0x1b, 
	0x29, 0x5d, 0x29, 0x5f, 0x31, 0x63, 0x39, 0xa5, 
	0x39, 0xa5, 0x49, 0xe7, 0x39, 0xa5, 0x31, 0x63, 
	0x41, 0xe5, 0x31, 0x61, 0x39, 0xa3, 0x39, 0xa5, 
	0x39, 0xa5, 0x49, 0xe7, 0x41, 0xa7, 0x41, 0xa7, 
	0x41, 0xa9, 0x41, 0xa9, 0x39, 0xa7, 0x31, 0xa7, 
	0x31, 0xa9, 0x39, 0xa7, 0x39, 0xa7, 0x41, 0xeb, 
	0x41, 0xed, 0x41, 0xed, 0x41, 0xed, 0x41, 0xeb, 
	0x41, 0xe9, 0x41, 0xe9, 0x41, 0xeb, 0x41, 0xeb, 
	0x41, 0xeb, 0x41, 0xed, 0x49, 0xed, 0x49, 0xed, 
	0x49, 0xed, 0x49, 0xed, 0x41, 0xeb, 0x49, 0xed, 
	0x4a, 0x2d, 0x4a, 0x2d, 0x42, 0x2d, 0x42, 0x2b, 
	0x41, 0xeb, 0x4a, 0x2b, 0x41, 0xeb, 0x39, 0xe9, 
	0x39, 0xe9, 0x39, 0xe9, 0x39, 0xe7, 0x31, 0xe7, 
	0x39, 0xe7, 0x39, 0xe7, 0x42, 0x29, 0x29, 0xa5, 
	0x21, 0xa3, 0x21, 0xa1, 0x21, 0xa1, 0x19, 0x5f, 
	0x19, 0x5d, 0x19, 0x5b, 0x11, 0x5b, 0x21, 0x9b, 
	0x32, 0x1f, 0x11, 0x5b, 0x19, 0x5b, 0x11, 0x59, 
	0x19, 0x9b, 0x19, 0x5b, 0x11, 0x59, 0x11, 0x59, 
	0x11, 0x59, 0x11, 0x59, 0x11, 0x59, 0x2a, 0x1f, 
	0x19, 0x59, 0x11, 0x59, 0x19, 0x9b, 0x11, 0x59, 
	0x11, 0x59, 0x11, 0x59, 0x21, 0x9b, 0x11, 0x59, 
	0x19, 0x59, 0x21, 0x9b, 0x19, 0x19, 0x19, 0x59, 
	0x19, 0x59, 0x19, 0x59, 0x32, 0x1f, 0x11, 0x59, 
	0x11, 0x59, 0x19, 0x19, 0x19, 0x59, 0x19, 0x19, 
	0x19, 0x59, 0x21, 0x59, 0x19, 0x59, 0x19, 0x59, 
	0x11, 0x59, 0x11, 0x59, 0x19, 0x59, 0x19, 0x59, 
	0x11, 0x59, 0x19, 0x9b, 0x11, 0x59, 0x19, 0x59, 
	0x19, 0x59, 0x19, 0x59, 0x19, 0x59, 0x19, 0x59, 
	0x19, 0x57, 0x21, 0x9b, 0x19, 0x59, 0x19, 0x57, 
	0x19, 0x57, 0x19, 0x57, 0x19, 0x57, 0x11, 0x57, 
	0x19, 0x57, 0x19, 0x57, 0x11, 0x57, 0x19, 0x57, 
	0x11, 0x17, 0x11, 0x17, 0x11, 0x17, 0x11, 0x17, 
	0x19, 0x57, 0x19, 0x17, 0x19, 0x17, 0x19, 0x57, 
	0x19, 0x57, 0x11, 0x15, 0x19, 0x55, 0x19, 0x57, 
	0x19, 0x55, 0x11, 0x15, 0x11, 0x15, 0x11, 0x15, 
	0x11, 0x15, 0x11, 0x15, 0x19, 0x55, 0x21, 0x57, 
	0x11, 0x15, 0x19, 0x15, 0x19, 0x15, 0x19, 0x15, 
	0x11, 0x15, 0x11, 0x15, 0x11, 0x15, 0x19, 0x55, 
	0x19, 0x57, 0x19, 0x57, 0x19, 0x55, 0x11, 0x15, 
	0x11, 0x15, 0x11, 0x15, 0x21, 0x57, 0x32, 0x1b, 
	0x11, 0x15, 0x21, 0x97, 0x11, 0x15, 0x11, 0x15, 
	0x11, 0x55, 0x19, 0x55, 0x11, 0x15, 0x11, 0x15, 
	0x11, 0x15, 0x11, 0x15, 0x11, 0x15, 0x11, 0x15, 
	0x19, 0x15, 0x11, 0x15, 0x11, 0x15, 0x11, 0x15, 
	0x19, 0x15, 0x19, 0x15, 0x19, 0x15, 0x21, 0x57, 
	0x19, 0x55, 0x19, 0x15, 0x11, 0x15, 0x11, 0x15, 
	0x19, 0x15, 0x21, 0x97, 0x19, 0x15, 0x19, 0x55, 
	0x19, 0x15, 0x19, 0x15, 0x19, 0x13, 0x11, 0x13, 
	0x19, 0x13, 0x19, 0x13, 0x19, 0x15, 0x19, 0x15, 
	0x11, 0x15, 0x11, 0x15, 0x19, 0x55, 0x29, 0x97, 
	0x19, 0x15, 0x19, 0x15, 0x21, 0x55, 0x21, 0x57, 
	0x19, 0x15, 0x19, 0x55, 0x19, 0x15, 0x19, 0x55, 
	0x19, 0x13, 0x21, 0x97, 0x19, 0x15, 0x19, 0x17, 
	0x21, 0x19, 0x21, 0x5b, 0x21, 0x5b, 0x21, 0x19, 
	0x21, 0x5b, 0x21, 0x5d, 0x31, 0x5f, 0x31, 0x5f, 
	0x29, 0x5f, 0x29, 0x5d, 0x21, 0x17, 0x19, 0x17, 
	0x19, 0x15, 0x19, 0x15, 0x19, 0x17, 0x29, 0x99, 
	0x19, 0x17, 0x19, 0x15, 0x19, 0x15, 0x11, 0x15, 
	0x19, 0x17, 0x19, 0x17, 0x19, 0x17, 0x19, 0x17, 
	0x29, 0xdb, 0x21, 0x59, 0x19, 0x17, 0x19, 0x17, 
	0x21, 0x59, 0x29, 0x9d, 0x19, 0x19, 0x19, 0x19, 
	0x19, 0x19, 0x19, 0x19, 0x19, 0x19, 0x19, 0x19, 
	0x21, 0x19, 0x19, 0x19, 0x19, 0x19, 0x21, 0x1b, 
	0x21, 0x1b, 0x21, 0x1b, 0x21, 0x1b, 0x21, 0x1b, 
	0x29, 0x1d, 0x29, 0x61, 0x31, 0xa5, 0x31, 0xa5, 
	0x39, 0xa5, 0x39, 0xa5, 0x39, 0xa3, 0x31, 0x63, 
	0x41, 0xe5, 0x31, 0xa3, 0x39, 0xa3, 0x39, 0xa3, 
	0x39, 0xa3, 0x41, 0xe5, 0x41, 0xa7, 0x41, 0xa7, 
	0x49, 0xe9, 0x49, 0xeb, 0x39, 0xa7, 0x39, 0xa7, 
	0x39, 0xa9, 0x39, 0xa7, 0x39, 0xa9, 0x41, 0xeb, 
	0x41, 0xeb, 0x41, 0xe9, 0x39, 0xe9, 0x39, 0xe9, 
	0x41, 0xeb, 0x41, 0xeb, 0x41, 0xeb, 0x41, 0xeb, 
	0x4a, 0x2d, 0x41, 0xed, 0x41, 0xed, 0x49, 0xed, 
	0x49, 0xed, 0x49, 0xed, 0x41, 0xeb, 0x41, 0xeb, 
	0x41, 0xed, 0x49, 0xed, 0x41, 0xed, 0x41, 0xeb, 
	0x42, 0x2b, 0x42, 0x2b, 0x41, 0xe9, 0x39, 0xe9, 
	0x39, 0xe9, 0x41, 0xe9, 0x39, 0xe9, 0x4a, 0x6b, 
	0x39, 0xe7, 0x39, 0xa7, 0x4a, 0x69, 0x31, 0xe5, 
	0x29, 0xa3, 0x21, 0xa1, 0x21, 0x9f, 0x19, 0x5d, 
	0x19, 0x5d, 0x19, 0x5b, 0x19, 0x5b, 0x19, 0x5b, 
	0x19, 0x5b, 0x11, 0x5b, 0x19, 0x5b, 0x2a, 0x1f, 
	0x19, 0x5b, 0x11, 0x5b, 0x11, 0x5b, 0x11, 0x5b, 
	0x11, 0x5b, 0x19, 0x59, 0x19, 0x9b, 0x19, 0x59, 
	0x19, 0x59, 0x11, 0x59, 0x21, 0x9b, 0x19, 0x59, 
	0x11, 0x59, 0x19, 0x59, 0x21, 0x9b, 0x19, 0x59, 
	0x19, 0x99, 0x19, 0x59, 0x11, 0x59, 0x19, 0x59, 
	0x19, 0x59, 0x19, 0x59, 0x11, 0x59, 0x11, 0x59, 
	0x11, 0x19, 0x11, 0x19, 0x19, 0x59, 0x19, 0x59, 
	0x11, 0x59, 0x11, 0x59, 0x11, 0x59, 0x29, 0xdb, 
	0x11, 0x59, 0x11, 0x59, 0x19, 0x59, 0x11, 0x59, 
	0x19, 0x59, 0x19, 0x59, 0x19, 0x59, 0x19, 0x59, 
	0x19, 0x59, 0x19, 0x59, 0x19, 0x59, 0x19, 0x59, 
	0x19, 0x59, 0x19, 0x59, 0x19, 0x59, 0x19, 0x59, 
	0x19, 0x59, 0x31, 0xdd, 0x29, 0xdd, 0x11, 0x17, 
	0x11, 0x57, 0x11, 0x57, 0x11, 0x57, 0x11, 0x57, 
	0x19, 0x57, 0x11, 0x17, 0x11, 0x17, 0x11, 0x17, 
	0x11, 0x57, 0x21, 0x99, 0x19, 0x57, 0x11, 0x15, 
	0x19, 0x57, 0x19, 0x15, 0x19, 0x55, 0x19, 0x57, 
	0x19, 0x55, 0x19, 0x55, 0x11, 0x15, 0x11, 0x15, 
	0x11, 0x15, 0x11, 0x15, 0x11, 0x15, 0x19, 0x55, 
	0x21, 0x57, 0x19, 0x55, 0x19, 0x15, 0x19, 0x15, 
	0x11, 0x15, 0x11, 0x15, 0x11, 0x15, 0x11, 0x15, 
	0x19, 0x55, 0x11, 0x15, 0x11, 0x15, 0x11, 0x15, 
	0x19, 0x55, 0x11, 0x15, 0x11, 0x15, 0x11, 0x15, 
	0x19, 0x55, 0x21, 0x97, 0x11, 0x15, 0x19, 0x55, 
	0x11, 0x15, 0x11, 0x15, 0x11, 0x15, 0x11, 0x15, 
	0x11, 0x15, 0x11, 0x15, 0x11, 0x15, 0x11, 0x15, 
	0x11, 0x15, 0x11, 0x15, 0x11, 0x15, 0x11, 0x15, 
	0x11, 0x15, 0x19, 0x15, 0x19, 0x55, 0x21, 0x55, 
	0x19, 0x55, 0x19, 0x15, 0x19, 0x15, 0x19, 0x15, 
	0x3a, 0x5b, 0x19, 0x15, 0x11, 0x13, 0x19, 0x15, 
	0x19, 0x15, 0x19, 0x55, 0x19, 0x55, 0x19, 0x13, 
	0x21, 0x57, 0x31, 0xd9, 0x19, 0x15, 0x19, 0x55, 
	0x11, 0x15, 0x19, 0x15, 0x19, 0x55, 0x19, 0x15, 
	0x19, 0x13, 0x19, 0x15, 0x21, 0x55, 0x19, 0x15, 
	0x19, 0x55, 0x21, 0x97, 0x19, 0x13, 0x19, 0x55, 
	0x19, 0x55, 0x19, 0x13, 0x19, 0x15, 0x21, 0x57, 
	0x19, 0x17, 0x21, 0x19, 0x19, 0x17, 0x19, 0x17, 
	0x19, 0x19, 0x19, 0x19, 0x21, 0x5b, 0x31, 0x9f, 
	0x29, 0x5f, 0x29, 0x5d, 0x21, 0x59, 0x21, 0x57, 
	0x19, 0x15, 0x19, 0x15, 0x19, 0x15, 0x29, 0x97, 
	0x21, 0x57, 0x19, 0x15, 0x31, 0xdb, 0x11, 0x15, 
	0x19, 0x17, 0x19, 0x17, 0x19, 0x17, 0x19, 0x17, 
	0x11, 0x17, 0x19, 0x17, 0x19, 0x17, 0x19, 0x17, 
	0x21, 0x59, 0x19, 0x59, 0x21, 0x5b, 0x21, 0x5b, 
	0x19, 0x19, 0x19, 0x19, 0x19, 0x19, 0x19, 0x19, 
	0x21, 0x19, 0x19, 0x19, 0x21, 0x5b, 0x21, 0x5b, 
	0x21, 0x1b, 0x21, 0x1b, 0x21, 0x1b, 0x31, 0xdf, 
	0x29, 0x5f, 0x29, 0x61, 0x31, 0xa3, 0x31, 0x63, 
	0x6b, 0x2b, 0x39, 0xa5, 0x31, 0xa3, 0x39, 0xa3, 
	0x31, 0xa3, 0x31, 0x63, 0x31, 0x63, 0x31, 0x63, 
	0x39, 0xa3, 0x39, 0xa5, 0x39, 0xa7, 0x41, 0xa7, 
	0x41, 0xa9, 0x41, 0xa9, 0x39, 0xa7, 0x39, 0xa7, 
	0x41, 0xe9, 0x39, 0xa7, 0x39, 0xa9, 0x41, 0xe9, 
	0x41, 0xeb, 0x39, 0xe7, 0x39, 0xa7, 0x39, 0xe9, 
	0x41, 0xeb, 0x49, 0xeb, 0x4a, 0x2b, 0x41, 0xeb, 
	0x4a, 0x2d, 0x4a, 0x2d, 0x41, 0xed, 0x41, 0xed, 
	0x49, 0xed, 0x41, 0xeb, 0x4a, 0x2b, 0x41, 0xeb, 
	0x49, 0xed, 0x49, 0xed, 0x49, 0xed, 0x4a, 0x2b, 
	0x4a, 0x2d, 0x41, 0xeb, 0x41, 0xeb, 0x41, 0xeb, 
	0x41, 0xe9, 0x5a, 0xaf, 0x4a, 0x6d, 0x39, 0xe7, 
	0x31, 0xa7, 0x31, 0xa7, 0x39, 0xe7, 0x39, 0xe5, 
	0x29, 0xa3, 0x29, 0xa1, 0x21, 0x5f, 0x19, 0x5f, 
	0x19, 0x5d, 0x19, 0x5d, 0x19, 0x9d, 0x21, 0x9d, 
	0x11, 0x59, 0x11, 0x5b, 0x19, 0x5b, 0x19, 0x5b, 
	0x11, 0x5b, 0x11, 0x5b, 0x19, 0x5b, 0x19, 0x5b, 
	0x11, 0x5b, 0x11, 0x59, 0x19, 0x59, 0x19, 0x5b, 
	0x19, 0x59, 0x19, 0x59, 0x19, 0x59, 0x19, 0x59, 
	0x19, 0x59, 0x42, 0x5f, 0x19, 0x59, 0x21, 0x9b, 
	0x32, 0x5f, 0x11, 0x59, 0x11, 0x59, 0x19, 0x59, 
	0x21, 0x9b, 0x19, 0x59, 0x19, 0x59, 0x19, 0x59, 
	0x19, 0x59, 0x19, 0x59, 0x19, 0x59, 0x19, 0x59, 
	0x11, 0x59, 0x11, 0x59, 0x11, 0x59, 0x63, 0xa7, 
	0x11, 0x59, 0x11, 0x59, 0x11, 0x59, 0x19, 0x59, 
	0x21, 0x9b, 0x11, 0x59, 0x19, 0x19, 0x19, 0x59, 
	0x19, 0x59, 0x11, 0x59, 0x11, 0x59, 0x21, 0x9b, 
	0x42, 0xa1, 0x19, 0x59, 0x11, 0x59, 0x21, 0xdb, 
	0x19, 0x59, 0x19, 0x59, 0x19, 0x59, 0x19, 0x57, 
	0x19, 0x57, 0x19, 0x57, 0x19, 0x57, 0x19, 0x57, 
	0x19, 0x57, 0x11, 0x17, 0x11, 0x17, 0x11, 0x17, 
	0x11, 0x17, 0x19, 0x57, 0x21, 0x99, 0x19, 0x57, 
	0x19, 0x57, 0x19, 0x15, 0x11, 0x15, 0x21, 0x97, 
	0x19, 0x57, 0x11, 0x15, 0x11, 0x15, 0x11, 0x15, 
	0x11, 0x15, 0x11, 0x15, 0x21, 0x97, 0x11, 0x15, 
	0x19, 0x55, 0x21, 0x97, 0x19, 0x15, 0x19, 0x55, 
	0x11, 0x15, 0x11, 0x15, 0x11, 0x15, 0x19, 0x57, 
	0x19, 0x57, 0x11, 0x15, 0x19, 0x55, 0x11, 0x15, 
	0x11, 0x15, 0x11, 0x15, 0x11, 0x15, 0x11, 0x15, 
	0x19, 0x55, 0x21, 0x57, 0x11, 0x15, 0x19, 0x55, 
	0x11, 0x15, 0x11, 0x15, 0x11, 0x15, 0x11, 0x15, 
	0x11, 0x15, 0x21, 0x97, 0x19, 0x55, 0x19, 0x55, 
	0x11, 0x15, 0x11, 0x15, 0x11, 0x15, 0x19, 0x55, 
	0x19, 0x55, 0x19, 0x55, 0x19, 0x15, 0x19, 0x55, 
	0x19, 0x15, 0x19, 0x15, 0x19, 0x15, 0x19, 0x15, 
	0x29, 0x99, 0x21, 0x97, 0x19, 0x15, 0x29, 0xd9, 
	0x31, 0xd9, 0x21, 0x97, 0x21, 0x55, 0x11, 0x13, 
	0x19, 0x15, 0x21, 0x57, 0x19, 0x55, 0x19, 0x15, 
	0x19, 0x55, 0x21, 0x57, 0x19, 0x15, 0x31, 0xd9, 
	0x21, 0x55, 0x19, 0x15, 0x19, 0x15, 0x19, 0x15, 
	0x19, 0x15, 0x11, 0x13, 0x19, 0x13, 0x29, 0xd9, 
	0x21, 0x55, 0x21, 0x55, 0x21, 0x57, 0x21, 0x57, 
	0x19, 0x15, 0x21, 0x57, 0x19, 0x17, 0x21, 0x59, 
	0x19, 0x17, 0x19, 0x17, 0x19, 0x19, 0x21, 0x5b, 
	0x29, 0x5b, 0x21, 0x19, 0x19, 0x17, 0x19, 0x15, 
	0x21, 0x57, 0x19, 0x15, 0x19, 0x15, 0x21, 0x97, 
	0x19, 0x55, 0x21, 0x57, 0x11, 0x15, 0x19, 0x17, 
	0x19, 0x15, 0x11, 0x17, 0x19, 0x17, 0x19, 0x17, 
	0x19, 0x57, 0x19, 0x17, 0x19, 0x17, 0x19, 0x17, 
	0x21, 0x59, 0x19, 0x19, 0x19, 0x19, 0x19, 0x19, 
	0x19, 0x19, 0x19, 0x19, 0x21, 0x5b, 0x21, 0x19, 
	0x29, 0x9b, 0x19, 0x19, 0x21, 0x19, 0x21, 0x19, 
	0x21, 0x19, 0x21, 0x1b, 0x21, 0x5b, 0x21, 0x5d, 
	0x29, 0x5f, 0x29, 0x5f, 0x29, 0x61, 0x31, 0x61, 
	0x31, 0x63, 0x31, 0xa3, 0x31, 0x63, 0x39, 0xa3, 
	0x39, 0xa3, 0x39, 0xa3, 0x31, 0x61, 0x31, 0xa3, 
	0x39, 0xa3, 0x41, 0xe5, 0x39, 0xa7, 0x41, 0xa7, 
	0x41, 0xa9, 0x41, 0xa9, 0x39, 0xa7, 0x39, 0xa7, 
	0x39, 0xa7, 0x39, 0xa7, 0x39, 0xa7, 0x39, 0xe9, 
	0x41, 0xe9, 0x4a, 0x6b, 0x39, 0xa7, 0x41, 0xe9, 
	0x41, 0xeb, 0x49, 0xeb, 0x41, 0xeb, 0x41, 0xeb, 
	0x41, 0xeb, 0x49, 0xed, 0x41, 0xed, 0x4a, 0x2d, 
	0x49, 0xed, 0x49, 0xed, 0x49, 0xeb, 0x41, 0xeb, 
	0x49, 0xed, 0x49, 0xed, 0x49, 0xed, 0x49, 0xeb, 
	0x4a, 0x2b, 0x41, 0xeb, 0x41, 0xe9, 0x41, 0xeb, 
	0x41, 0xe9, 0x41, 0xeb, 0x4a, 0x6b, 0x39, 0xe7, 
	0x31, 0xa5, 0x31, 0xa7, 0x39, 0xe7, 0x31, 0xa5, 
	0x29, 0xa3, 0x29, 0xa1, 0x21, 0x61, 0x21, 0xa1, 
	0x19, 0x5f, 0x19, 0x5f, 0x19, 0x5d, 0x19, 0x5d, 
	0x21, 0x9b, 0x11, 0x5b, 0x11, 0x59, 0x19, 0x5b, 
	0x11, 0x5b, 0x11, 0x5b, 0x11, 0x5b, 0x19, 0x5b, 
	0x21, 0x9d, 0x11, 0x5b, 0x11, 0x5b, 0x11, 0x59, 
	0x11, 0x59, 0x11, 0x59, 0x11, 0x59, 0x11, 0x59, 
	0x11, 0x59, 0x4a, 0xe3, 0x11, 0x59, 0x11, 0x59, 
	0x19, 0x59, 0x11, 0x59, 0x11, 0x59, 0x11, 0x59, 
	0x11, 0x59, 0x19, 0x59, 0x11, 0x59, 0x19, 0x59, 
	0x19, 0x59, 0x11, 0x59, 0x19, 0x19, 0x21, 0x9b, 
	0x19, 0x59, 0x19, 0x9b, 0x11, 0x59, 0x11, 0x59, 
	0x11, 0x59, 0x11, 0x59, 0x11, 0x59, 0x19, 0x59, 
	0x19, 0x59, 0x11, 0x59, 0x11, 0x59, 0x11, 0x59, 
	0x11, 0x59, 0x11, 0x59, 0x21, 0x9b, 0x11, 0x59, 
	0x19, 0x59, 0x19, 0x59, 0x11, 0x59, 0x32, 0x1d, 
	0x21, 0x59, 0x19, 0x59, 0x19, 0x19, 0x21, 0x9b, 
	0x19, 0x59, 0x19, 0x57, 0x19, 0x57, 0x19, 0x57, 
	0x19, 0x57, 0x19, 0x57, 0x19, 0x57, 0x11, 0x17, 
	0x19, 0x57, 0x21, 0x59, 0x21, 0x99, 0x19, 0x57, 
	0x19, 0x57, 0x11, 0x15, 0x11, 0x15, 0x29, 0xd9, 
	0x19, 0x55, 0x11, 0x15, 0x11, 0x15, 0x11, 0x15, 
	0x11, 0x15, 0x19, 0x55, 0x19, 0x57, 0x11, 0x15, 
	0x11, 0x15, 0x11, 0x15, 0x11, 0x15, 0x11, 0x15, 
	0x11, 0x15, 0x19, 0x55, 0x11, 0x15, 0x11, 0x15, 
	0x11, 0x15, 0x19, 0x55, 0x11, 0x15, 0x19, 0x57, 
	0x11, 0x15, 0x11, 0x15, 0x11, 0x15, 0x11, 0x15, 
	0x11, 0x15, 0x19, 0x55, 0x11, 0x15, 0x11, 0x15, 
	0x11, 0x15, 0x19, 0x15, 0x19, 0x15, 0x19, 0x15, 
	0x19, 0x15, 0x19, 0x55, 0x19, 0x55, 0x19, 0x55, 
	0x19, 0x55, 0x11, 0x15, 0x19, 0x55, 0x19, 0x55, 
	0x19, 0x55, 0x19, 0x15, 0x19, 0x15, 0x19, 0x15, 
	0x19, 0x55, 0x19, 0x15, 0x19, 0x15, 0x19, 0x15, 
	0x19, 0x15, 0x21, 0x57, 0x19, 0x15, 0x19, 0x55, 
	0x19, 0x15, 0x19, 0x55, 0x11, 0x13, 0x11, 0x13, 
	0x11, 0x15, 0x19, 0x15, 0x19, 0x15, 0x19, 0x15, 
	0x19, 0x15, 0x19, 0x15, 0x11, 0x13, 0x19, 0x15, 
	0x19, 0x15, 0x19, 0x15, 0x19, 0x15, 0x19, 0x15, 
	0x19, 0x15, 0x19, 0x55, 0x19, 0x55, 0x19, 0x15, 
	0x19, 0x13, 0x19, 0x55, 0x19, 0x15, 0x21, 0x55, 
	0x19, 0x15, 0x19, 0x15, 0x21, 0x57, 0x21, 0x17, 
	0x19, 0x17, 0x19, 0x15, 0x19, 0x15, 0x21, 0x57, 
	0x19, 0x17, 0x19, 0x17, 0x19, 0x15, 0x19, 0x15, 
	0x11, 0x15, 0x11, 0x13, 0x19, 0x15, 0x21, 0x55, 
	0x11, 0x15, 0x19, 0x15, 0x11, 0x15, 0x19, 0x17, 
	0x19, 0x17, 0x19, 0x59, 0x19, 0x19, 0x19, 0x17, 
	0x19, 0x17, 0x11, 0x15, 0x19, 0x17, 0x19, 0x17, 
	0x19, 0x17, 0x19, 0x17, 0x19, 0x17, 0x19, 0x19, 
	0x19, 0x17, 0x19, 0x19, 0x19, 0x19, 0x19, 0x17, 
	0x19, 0x19, 0x19, 0x19, 0x19, 0x19, 0x19, 0x19, 
	0x21, 0x19, 0x21, 0x19, 0x21, 0x5b, 0x29, 0x5d, 
	0x29, 0x5d, 0x29, 0x5f, 0x29, 0x5f, 0x29, 0x61, 
	0x31, 0xa1, 0x42, 0x25, 0x39, 0xa5, 0x39, 0xa5, 
	0x41, 0xa5, 0x39, 0xa3, 0x39, 0xa3, 0x31, 0x63, 
	0x39, 0xa5, 0x39, 0xa5, 0x41, 0xe7, 0x39, 0xa7, 
	0x41, 0xa9, 0x41, 0xa9, 0x39, 0xa7, 0x39, 0xa7, 
	0x39, 0xa5, 0x39, 0xa7, 0x39, 0xa7, 0x39, 0xa7, 
	0x39, 0xa7, 0x39, 0xa7, 0x39, 0xa9, 0x41, 0xe9, 
	0x41, 0xe9, 0x41, 0xeb, 0x41, 0xeb, 0x52, 0x6d, 
	0x41, 0xeb, 0x41, 0xeb, 0x4a, 0x2d, 0x41, 0xeb, 
	0x52, 0x2d, 0x49, 0xed, 0x4a, 0x2d, 0x49, 0xed, 
	0x49, 0xef, 0x49, 0xef, 0x4a, 0x2d, 0x62, 0xf1, 
	0x4a, 0x2b, 0x41, 0xeb, 0x41, 0xeb, 0x41, 0xe9, 
	0x41, 0xe9, 0x39, 0xeb, 0x39, 0xe9, 0x39, 0xe7, 
	0x31, 0xa5, 0x31, 0xa7, 0x31, 0xa5, 0x31, 0xa3, 
	0x31, 0xa3, 0x31, 0xa3, 0x29, 0xa3, 0x21, 0xa1, 
	0x21, 0x5f, 0x19, 0x5f, 0x19, 0x5f, 0x19, 0x5d, 
	0x19, 0x5b, 0x11, 0x5b, 0x19, 0x5b, 0x19, 0x5b, 
	0x11, 0x5b, 0x11, 0x5b, 0x19, 0x5b, 0x19, 0x5b, 
	0x11, 0x5b, 0x11, 0x5b, 0x11, 0x5b, 0x11, 0x59, 
	0x11, 0x59, 0x11, 0x59, 0x11, 0x59, 0x11, 0x59, 
	0x19, 0x59, 0x11, 0x59, 0x11, 0x59, 0x11, 0x59, 
	0x19, 0x59, 0x19, 0x59, 0x11, 0x59, 0x11, 0x59, 
	0x11, 0x59, 0x11, 0x59, 0x11, 0x59, 0x19, 0x59, 
	0x19, 0x59, 0x19, 0x59, 0x19, 0x19, 0x11, 0x59, 
	0x19, 0x59, 0x29, 0xdd, 0x11, 0x59, 0x11, 0x59, 
	0x11, 0x59, 0x11, 0x59, 0x11, 0x59, 0x11, 0x59, 
	0x11, 0x59, 0x11, 0x59, 0x11, 0x59, 0x19, 0x59, 
	0x19, 0x59, 0x11, 0x59, 0x11, 0x59, 0x19, 0x59, 
	0x19, 0x59, 0x21, 0x9b, 0x19, 0x59, 0x19, 0x59, 
	0x19, 0x59, 0x19, 0x59, 0x19, 0x59, 0x19, 0x19, 
	0x19, 0x19, 0x19, 0x59, 0x19, 0x59, 0x19, 0x59, 
	0x19, 0x59, 0x19, 0x57, 0x19, 0x57, 0x19, 0x57, 
	0x19, 0x57, 0x19, 0x57, 0x19, 0x17, 0x11, 0x17, 
	0x11, 0x17, 0x19, 0x55, 0x19, 0x55, 0x19, 0x55, 
	0x19, 0x15, 0x11, 0x15, 0x11, 0x15, 0x11, 0x15, 
	0x19, 0x55, 0x19, 0x55, 0x11, 0x15, 0x19, 0x57, 
	0x11, 0x15, 0x11, 0x15, 0x11, 0x15, 0x11, 0x15, 
	0x19, 0x57, 0x21, 0x57, 0x11, 0x15, 0x11, 0x15, 
	0x19, 0x55, 0x19, 0x57, 0x11, 0x15, 0x11, 0x15, 
	0x11, 0x15, 0x11, 0x15, 0x11, 0x15, 0x11, 0x15, 
	0x11, 0x15, 0x11, 0x15, 0x11, 0x15, 0x11, 0x15, 
	0x11, 0x15, 0x19, 0x15, 0x19, 0x15, 0x19, 0x15, 
	0x19, 0x55, 0x19, 0x55, 0x11, 0x15, 0x19, 0x55, 
	0x19, 0x55, 0x19, 0x55, 0x19, 0x55, 0x19, 0x55, 
	0x11, 0x15, 0x11, 0x15, 0x11, 0x15, 0x19, 0x15, 
	0x19, 0x15, 0x19, 0x15, 0x19, 0x15, 0x3a, 0x1b, 
	0x21, 0x57, 0x19, 0x15, 0x19, 0x55, 0x19, 0x15, 
	0x11, 0x15, 0x11, 0x13, 0x11, 0x13, 0x19, 0x15, 
	0x19, 0x15, 0x19, 0x15, 0x19, 0x15, 0x19, 0x15, 
	0x19, 0x55, 0x19, 0x13, 0x19, 0x15, 0x19, 0x15, 
	0x11, 0x13, 0x19, 0x15, 0x19, 0x15, 0x19, 0x55, 
	0x11, 0x13, 0x19, 0x15, 0x3a, 0x1b, 0x21, 0x97, 
	0x19, 0x15, 0x21, 0x55, 0x19, 0x13, 0x19, 0x13, 
	0x19, 0x13, 0x21, 0x57, 0x21, 0x17, 0x21, 0x19, 
	0x21, 0x17, 0x19, 0x15, 0x19, 0x13, 0x19, 0x55, 
	0x19, 0x13, 0x19, 0x13, 0x19, 0x15, 0x11, 0x13, 
	0x11, 0x13, 0x19, 0x15, 0x21, 0x57, 0x29, 0x97, 
	0x11, 0x15, 0x19, 0x15, 0x11, 0x17, 0x11, 0x17, 
	0x19, 0x17, 0x19, 0x17, 0x19, 0x17, 0x19, 0x17, 
	0x19, 0x17, 0x11, 0x15, 0x19, 0x17, 0x21, 0x59, 
	0x11, 0x15, 0x21, 0x59, 0x19, 0x17, 0x19, 0x17, 
	0x19, 0x19, 0x19, 0x19, 0x19, 0x17, 0x19, 0x19, 
	0x19, 0x17, 0x21, 0x19, 0x19, 0x17, 0x19, 0x17, 
	0x19, 0x17, 0x21, 0x19, 0x21, 0x1b, 0x29, 0x5d, 
	0x29, 0x5d, 0x29, 0x5d, 0x42, 0x23, 0x29, 0x5f, 
	0x29, 0x61, 0x31, 0xa3, 0x39, 0xa5, 0x39, 0xa5, 
	0x41, 0xa5, 0x41, 0xe5, 0x39, 0xa3, 0x39, 0xa3, 
	0x39, 0xa5, 0x39, 0xa5, 0x39, 0xa5, 0x39, 0xa7, 
	0x39, 0xa7, 0x41, 0xa9, 0x41, 0xe9, 0x39, 0xa7, 
	0x39, 0xa7, 0x39, 0xa7, 0x39, 0xa5, 0x39, 0xa5, 
	0x39, 0xa7, 0x39, 0xa9, 0x39, 0xa9, 0x41, 0xe9, 
	0x41, 0xe9, 0x5a, 0xaf, 0x4a, 0x2b, 0x4a, 0x2b, 
	0x49, 0xed, 0x41, 0xeb, 0x41, 0xeb, 0x49, 0xeb, 
	0x49, 0xed, 0x49, 0xed, 0x49, 0xed, 0x49, 0xed, 
	0x4a, 0x2f, 0x49, 0xed, 0x4a, 0x2d, 0x4a, 0x2d, 
	0x52, 0x6d, 0x49, 0xeb, 0x41, 0xe9, 0x41, 0xe9, 
	0x41, 0xeb, 0x39, 0xeb, 0x39, 0xe9, 0x39, 0xe7, 
	0x39, 0xa7, 0x31, 0xa5, 0x4a, 0xab, 0x31, 0xa5, 
	0x42, 0x27, 0x39, 0xe5, 0x31, 0xa5, 0x29, 0xa3, 
	0x29, 0xa1, 0x19, 0x5f, 0x19, 0x5f, 0x19, 0x5d, 
	0x19, 0x9b, 0x19, 0x5b, 0x19, 0x5b, 0x11, 0x5b, 
	0x19, 0x5b, 0x19, 0x5b, 0x19, 0x9b, 0x19, 0x5b, 
	0x11, 0x5b, 0x11, 0x5b, 0x11, 0x5b, 0x11, 0x5b, 
	0x21, 0x9b, 0x19, 0x59, 0x11, 0x59, 0x11, 0x59, 
	0x19, 0x59, 0x11, 0x59, 0x11, 0x59, 0x11, 0x59, 
	0x11, 0x59, 0x11, 0x59, 0x11, 0x59, 0x19, 0x59, 
	0x19, 0x59, 0x11, 0x59, 0x11, 0x59, 0x11, 0x59, 
	0x11, 0x59, 0x19, 0x59, 0x19, 0x59, 0x19, 0x59, 
	0x11, 0x59, 0x19, 0x59, 0x19, 0x59, 0x11, 0x59, 
	0x21, 0x9b, 0x21, 0x9b, 0x11, 0x59, 0x11, 0x59, 
	0x11, 0x59, 0x11, 0x59, 0x11, 0x59, 0x11, 0x59, 
	0x21, 0x9b, 0x11, 0x59, 0x11, 0x59, 0x11, 0x59, 
	0x11, 0x59, 0x32, 0x1f, 0x21, 0x9b, 0x19, 0x59, 
	0x11, 0x59, 0x11, 0x59, 0x19, 0x59, 0x11, 0x59, 
	0x11, 0x59, 0x11, 0x59, 0x11, 0x59, 0x19, 0x59, 
	0x19, 0x59, 0x11, 0x59, 0x19, 0x57, 0x19, 0x59, 
	0x19, 0x57, 0x19, 0x59, 0x19, 0x57, 0x11, 0x17, 
	0x11, 0x17, 0x19, 0x55, 0x21, 0x57, 0x21, 0x97, 
	0x19, 0x57, 0x11, 0x15, 0x19, 0x55, 0x19, 0x57, 
	0x11, 0x15, 0x19, 0x57, 0x19, 0x57, 0x19, 0x55, 
	0x19, 0x57, 0x11, 0x15, 0x11, 0x15, 0x19, 0x57, 
	0x19, 0x55, 0x19, 0x57, 0x19, 0x55, 0x19, 0x55, 
	0x19, 0x55, 0x19, 0x55, 0x11, 0x15, 0x11, 0x15, 
	0x11, 0x15, 0x11, 0x15, 0x11, 0x15, 0x11, 0x15, 
	0x11, 0x15, 0x11, 0x15, 0x11, 0x15, 0x11, 0x15, 
	0x11, 0x15, 0x11, 0x15, 0x19, 0x15, 0x19, 0x15, 
	0x11, 0x15, 0x19, 0x57, 0x32, 0x1b, 0x11, 0x15, 
	0x11, 0x15, 0x11, 0x15, 0x19, 0x55, 0x11, 0x15, 
	0x11, 0x15, 0x19, 0x55, 0x19, 0x55, 0x19, 0x55, 
	0x19, 0x55, 0x19, 0x15, 0x19, 0x15, 0x19, 0x55, 
	0x19, 0x15, 0x19, 0x15, 0x21, 0x57, 0x19, 0x55, 
	0x19, 0x15, 0x11, 0x13, 0x19, 0x15, 0x19, 0x15, 
	0x21, 0x57, 0x11, 0x15, 0x21, 0x55, 0x19, 0x55, 
	0x21, 0x57, 0x19, 0x15, 0x19, 0x55, 0x19, 0x55, 
	0x21, 0x57, 0x19, 0x55, 0x11, 0x15, 0x19, 0x55, 
	0x19, 0x15, 0x29, 0x97, 0x19, 0x13, 0x11, 0x13, 
	0x19, 0x13, 0x19, 0x15, 0x11, 0x13, 0x29, 0x97, 
	0x21, 0x95, 0x19, 0x15, 0x19, 0x17, 0x21, 0x19, 
	0x21, 0x17, 0x19, 0x15, 0x19, 0x15, 0x21, 0x55, 
	0x19, 0x15, 0x19, 0x15, 0x11, 0x13, 0x19, 0x13, 
	0x11, 0x13, 0x19, 0x15, 0x11, 0x15, 0x11, 0x15, 
	0x21, 0x57, 0x19, 0x17, 0x19, 0x17, 0x19, 0x17, 
	0x19, 0x17, 0x19, 0x17, 0x19, 0x17, 0x19, 0x15, 
	0x21, 0x57, 0x11, 0x15, 0x19, 0x17, 0x11, 0x15, 
	0x11, 0x15, 0x19, 0x17, 0x19, 0x17, 0x19, 0x17, 
	0x11, 0x17, 0x19, 0x17, 0x19, 0x17, 0x19, 0x17, 
	0x29, 0x59, 0x29, 0x99, 0x19, 0x17, 0x19, 0x17, 
	0x21, 0x59, 0x21, 0x19, 0x21, 0x1b, 0x21, 0x5d, 
	0x42, 0x21, 0x29, 0x5d, 0x29, 0x5d, 0x29, 0x5f, 
	0x29, 0x61, 0x31, 0xa3, 0x39, 0xa3, 0x39, 0xa3, 
	0x39, 0xa5, 0x41, 0xa5, 0x41, 0xa5, 0x39, 0xa3, 
	0x39, 0xa5, 0x39, 0xa5, 0x39, 0xa7, 0x39, 0xa7, 
	0x41, 0xe9, 0x41, 0xa7, 0x39, 0xa7, 0x39, 0xa7, 
	0x39, 0xa7, 0x39, 0xa5, 0x31, 0xa5, 0x39, 0xa5, 
	0x39, 0xa7, 0x41, 0xed, 0x39, 0xab, 0x39, 0xab, 
	0x41, 0xeb, 0x41, 0xeb, 0x41, 0xeb, 0x49, 0xed, 
	0x4a, 0x2d, 0x49, 0xed, 0x49, 0xeb, 0x49, 0xed, 
	0x4a, 0x2d, 0x4a, 0x2f, 0x4a, 0x2f, 0x5a, 0x71, 
	0x52, 0x2f, 0x49, 0xed, 0x49, 0xed, 0x4a, 0x2d, 
	0x5a, 0xaf, 0x41, 0xeb, 0x41, 0xeb, 0x41, 0xeb, 
	0x41, 0xeb, 0x42, 0x2d, 0x52, 0xaf, 0x39, 0xa7, 
	0x39, 0xa7, 0x31, 0xa5, 0x31, 0xa5, 0x31, 0xa5, 
	0x29, 0xa3, 0x31, 0xa3, 0x31, 0xa5, 0x31, 0xa3, 
	0x29, 0xa3, 0x21, 0x5f, 0x21, 0xe1, 0x19, 0x5d, 
	0x19, 0x5b, 0x11, 0x59, 0x11, 0x59, 0x19, 0x5b, 
	0x11, 0x5b, 0x21, 0x9d, 0x11, 0x5b, 0x19, 0x5b, 
	0x19, 0x5b, 0x11, 0x5b, 0x11, 0x5b, 0x19, 0x5b, 
	0x19, 0x59, 0x3a, 0x5f, 0x19, 0x59, 0x11, 0x59, 
	0x19, 0x59, 0x19, 0x59, 0x19, 0x5b, 0x19, 0x9b, 
	0x19, 0x59, 0x11, 0x59, 0x19, 0x9b, 0x19, 0x9b, 
	0x19, 0x59, 0x19, 0x5b, 0x11, 0x59, 0x11, 0x59, 
	0x11, 0x59, 0x11, 0x59, 0x19, 0x59, 0x11, 0x59, 
	0x11, 0x59, 0x11, 0x59, 0x19, 0x9b, 0x11, 0x59, 
	0x11, 0x59, 0x19, 0x59, 0x11, 0x59, 0x11, 0x59, 
	0x11, 0x59, 0x11, 0x59, 0x11, 0x59, 0x11, 0x59, 
	0x19, 0x59, 0x11, 0x59, 0x11, 0x59, 0x19, 0x59, 
	0x11, 0x59, 0x11, 0x59, 0x19, 0x59, 0x11, 0x59, 
	0x19, 0x59, 0x11, 0x59, 0x11, 0x59, 0x11, 0x59, 
	0x11, 0x59, 0x19, 0x59, 0x21, 0x9b, 0x21, 0x9b, 
	0x11, 0x59, 0x19, 0x59, 0x19, 0x59, 0x19, 0x59, 
	0x19, 0x59, 0x21, 0x9b, 0x21, 0x99, 0x19, 0x57, 
	0x11, 0x17, 0x19, 0x17, 0x11, 0x15, 0x19, 0x57, 
	0x11, 0x15, 0x11, 0x15, 0x11, 0x15, 0x11, 0x15, 
	0x11, 0x15, 0x11, 0x15, 0x11, 0x15, 0x19, 0x55, 
	0x21, 0x97, 0x19, 0x55, 0x11, 0x15, 0x19, 0x55, 
	0x11, 0x15, 0x19, 0x15, 0x19, 0x57, 0x19, 0x55, 
	0x11, 0x15, 0x11, 0x15, 0x11, 0x15, 0x11, 0x15, 
	0x11, 0x15, 0x11, 0x15, 0x19, 0x55, 0x11, 0x15, 
	0x11, 0x15, 0x11, 0x15, 0x11, 0x15, 0x11, 0x15, 
	0x11, 0x15, 0x19, 0x55, 0x11, 0x15, 0x11, 0x55, 
	0x11, 0x55, 0x19, 0x57, 0x21, 0x97, 0x11, 0x15, 
	0x11, 0x15, 0x19, 0x55, 0x19, 0x55, 0x11, 0x15, 
	0x11, 0x15, 0x19, 0x55, 0x19, 0x55, 0x19, 0x55, 
	0x19, 0x55, 0x11, 0x15, 0x19, 0x15, 0x21, 0x55, 
	0x19, 0x15, 0x19, 0x15, 0x19, 0x15, 0x11, 0x13, 
	0x21, 0x57, 0x3a, 0x1b, 0x11, 0x13, 0x19, 0x55, 
	0x19, 0x55, 0x11, 0x13, 0x19, 0x55, 0x19, 0x55, 
	0x21, 0x55, 0x19, 0x15, 0x19, 0x15, 0x11, 0x15, 
	0x19, 0x15, 0x19, 0x15, 0x19, 0x15, 0x21, 0x57, 
	0x21, 0x55, 0x19, 0x15, 0x19, 0x13, 0x11, 0x13, 
	0x31, 0xd9, 0x11, 0x13, 0x11, 0x13, 0x19, 0x55, 
	0x19, 0x13, 0x11, 0x13, 0x19, 0x15, 0x21, 0x17, 
	0x19, 0x15, 0x19, 0x15, 0x19, 0x15, 0x19, 0x13, 
	0x19, 0x13, 0x19, 0x15, 0x19, 0x13, 0x19, 0x13, 
	0x19, 0x15, 0x11, 0x13, 0x11, 0x15, 0x11, 0x15, 
	0x11, 0x15, 0x19, 0x17, 0x19, 0x17, 0x21, 0x59, 
	0x19, 0x17, 0x19, 0x17, 0x11, 0x17, 0x11, 0x15, 
	0x19, 0x15, 0x21, 0x99, 0x32, 0x1b, 0x11, 0x15, 
	0x11, 0x15, 0x19, 0x15, 0x11, 0x17, 0x11, 0x17, 
	0x19, 0x17, 0x19, 0x17, 0x19, 0x17, 0x19, 0x19, 
	0x19, 0x17, 0x19, 0x17, 0x21, 0x17, 0x19, 0x17, 
	0x21, 0x17, 0x21, 0x19, 0x21, 0x5b, 0x21, 0x1d, 
	0x29, 0x5d, 0x3a, 0x21, 0x29, 0x5d, 0x29, 0x5f, 
	0x31, 0x61, 0x31, 0x61, 0x39, 0x63, 0x49, 0xe5, 
	0x39, 0xa5, 0x39, 0xa3, 0x39, 0xa3, 0x39, 0xa3, 
	0x41, 0xe5, 0x39, 0xa5, 0x39, 0xa5, 0x39, 0xa7, 
	0x39, 0xa7, 0x41, 0xa7, 0x39, 0xa7, 0x41, 0xe7, 
	0x4a, 0x29, 0x39, 0xa7, 0x39, 0xa5, 0x39, 0xa7, 
	0x41, 0xed, 0x5a, 0xb3, 0x41, 0xef, 0x39, 0xab, 
	0x41, 0xab, 0x41, 0xeb, 0x41, 0xeb, 0x49, 0xed, 
	0x49, 0xed, 0x52, 0x2f, 0x49, 0xed, 0x49, 0xed, 
	0x52, 0x2f, 0x4a, 0x2f, 0x4a, 0x2f, 0x52, 0x2f, 
	0x62, 0xb1, 0x49, 0xed, 0x49, 0xed, 0x49, 0xed, 
	0x4a, 0x2d, 0x41, 0xeb, 0x49, 0xed, 0x52, 0x6f, 
	0x41, 0xeb, 0x4a, 0x6d, 0x4a, 0x2b, 0x39, 0xe9, 
	0x31, 0xa7, 0x31, 0xa5, 0x31, 0xa5, 0x31, 0xa3, 
	0x29, 0xa3, 0x29, 0xa3, 0x29, 0xa3, 0x31, 0xa3, 
	0x29, 0xa3, 0x21, 0x61, 0x19, 0x5f, 0x21, 0x9f, 
	0x19, 0x5b, 0x19, 0x5b, 0x19, 0x5b, 0x19, 0x59, 
	0x19, 0x9b, 0x11, 0x5b, 0x11, 0x5b, 0x19, 0x5b, 
	0x19, 0x5b, 0x19, 0x5b, 0x11, 0x5b, 0x11, 0x5b, 
	0x19, 0x59, 0x19, 0x59, 0x11, 0x59, 0x11, 0x59, 
	0x11, 0x59, 0x19, 0x59, 0x19, 0x5b, 0x19, 0x59, 
	0x11, 0x59, 0x19, 0x59, 0x19, 0x9b, 0x19, 0x59, 
	0x19, 0x59, 0x11, 0x59, 0x19, 0x59, 0x19, 0x5b, 
	0x19, 0x5b, 0x19, 0x59, 0x11, 0x59, 0x11, 0x59, 
	0x11, 0x59, 0x29, 0xdd, 0x19, 0x59, 0x11, 0x59, 
	0x11, 0x59, 0x11, 0x59, 0x19, 0x59, 0x11, 0x59, 
	0x11, 0x59, 0x11, 0x59, 0x19, 0x59, 0x19, 0x59, 
	0x19, 0x59, 0x11, 0x59, 0x11, 0x59, 0x11, 0x59, 
	0x11, 0x59, 0x19, 0x59, 0x19, 0x59, 0x19, 0x59, 
	0x11, 0x59, 0x11, 0x59, 0x19, 0x5b, 0x11, 0x59, 
	0x19, 0x9b, 0x21, 0x9b, 0x21, 0x9b, 0x21, 0xdd, 
	0x11, 0x59, 0x11, 0x59, 0x19, 0x59, 0x19, 0x59, 
	0x19, 0x59, 0x19, 0x57, 0x19, 0x57, 0x19, 0x57, 
	0x19, 0x57, 0x19, 0x59, 0x19, 0x17, 0x19, 0x57, 
	0x11, 0x15, 0x21, 0x99, 0x11, 0x15, 0x19, 0x57, 
	0x19, 0x57, 0x21, 0x57, 0x19, 0x55, 0x11, 0x15, 
	0x11, 0x15, 0x11, 0x15, 0x11, 0x15, 0x19, 0x55, 
	0x19, 0x15, 0x19, 0x15, 0x19, 0x15, 0x19, 0x15, 
	0x11, 0x15, 0x11, 0x15, 0x11, 0x15, 0x11, 0x15, 
	0x11, 0x15, 0x21, 0x99, 0x11, 0x15, 0x11, 0x15, 
	0x11, 0x15, 0x11, 0x15, 0x11, 0x15, 0x11, 0x15, 
	0x11, 0x15, 0x11, 0x55, 0x19, 0x55, 0x11, 0x55, 
	0x19, 0x55, 0x19, 0x55, 0x11, 0x15, 0x11, 0x15, 
	0x11, 0x15, 0x11, 0x15, 0x19, 0x15, 0x19, 0x55, 
	0x19, 0x57, 0x19, 0x57, 0x3a, 0x5d, 0x21, 0x97, 
	0x21, 0x97, 0x11, 0x15, 0x19, 0x55, 0x21, 0x57, 
	0x19, 0x15, 0x11, 0x13, 0x19, 0x55, 0x19, 0x55, 
	0x21, 0x97, 0x21, 0x55, 0x19, 0x15, 0x19, 0x15, 
	0x19, 0x15, 0x21, 0x57, 0x19, 0x15, 0x31, 0xd9, 
	0x19, 0x55, 0x19, 0x55, 0x19, 0x15, 0x21, 0x55, 
	0x19, 0x15, 0x19, 0x15, 0x11, 0x13, 0x19, 0x55, 
	0x21, 0x57, 0x11, 0x13, 0x19, 0x13, 0x11, 0x13, 
	0x11, 0x13, 0x11, 0x13, 0x11, 0x13, 0x21, 0x97, 
	0x19, 0x13, 0x19, 0x13, 0x19, 0x15, 0x19, 0x15, 
	0x19, 0x15, 0x19, 0x15, 0x19, 0x15, 0x11, 0x13, 
	0x11, 0x13, 0x19, 0x15, 0x19, 0x13, 0x19, 0x15, 
	0x19, 0x13, 0x19, 0x13, 0x11, 0x15, 0x11, 0x15, 
	0x11, 0x15, 0x19, 0x15, 0x19, 0x15, 0x19, 0x15, 
	0x19, 0x15, 0x19, 0x17, 0x19, 0x15, 0x19, 0x15, 
	0x11, 0x15, 0x19, 0x15, 0x11, 0x15, 0x11, 0x15, 
	0x11, 0x15, 0x19, 0x15, 0x19, 0x17, 0x19, 0x17, 
	0x19, 0x17, 0x19, 0x17, 0x19, 0x17, 0x19, 0x17, 
	0x21, 0x17, 0x19, 0x17, 0x19, 0x17, 0x21, 0x59, 
	0x21, 0x19, 0x21, 0x19, 0x21, 0x5d, 0x21, 0x5d, 
	0x21, 0x5d, 0x21, 0x5d, 0x21, 0x5d, 0x29, 0x5f, 
	0x31, 0x61, 0x4a, 0x67, 0x39, 0x63, 0x39, 0xa3, 
	0x39, 0x63, 0x39, 0xa3, 0x39, 0x63, 0x31, 0x63, 
	0x39, 0xa3, 0x39, 0xa5, 0x39, 0xa5, 0x39, 0xa5, 
	0x41, 0xe7, 0x39, 0xa5, 0x39, 0xa5, 0x39, 0xa7, 
	0x39, 0xa5, 0x39, 0xa5, 0x41, 0xe7, 0x41, 0xe9, 
	0x39, 0xad, 0x41, 0xf1, 0x41, 0xef, 0x39, 0xad, 
	0x39, 0xab, 0x41, 0xa9, 0x41, 0xeb, 0x49, 0xed, 
	0x49, 0xef, 0x52, 0x2f, 0x49, 0xef, 0x52, 0x31, 
	0x51, 0xef, 0x49, 0xef, 0x49, 0xef, 0x49, 0xed, 
	0x49, 0xed, 0x49, 0xed, 0x49, 0xed, 0x49, 0xed, 
	0x49, 0xed, 0x49, 0xed, 0x41, 0xed, 0x49, 0xed, 
	0x41, 0xed, 0x41, 0xeb, 0x41, 0xeb, 0x41, 0xeb, 
	0x39, 0xa9, 0x31, 0xa7, 0x39, 0xa7, 0x31, 0xa5, 
	0x29, 0xa3, 0x29, 0xa3, 0x3a, 0x27, 0x29, 0xa3, 
	0x29, 0xa3, 0x21, 0xa1, 0x21, 0x5f, 0x21, 0x5f, 
	0x19, 0x5d, 0x19, 0x5b, 0x19, 0x5b, 0x19, 0x9b, 
	0x19, 0x5b, 0x19, 0x5b, 0x11, 0x5b, 0x3a, 0x61, 
	0x11, 0x5b, 0x11, 0x5b, 0x19, 0x5b, 0x11, 0x59, 
	0x19, 0x59, 0x19, 0x59, 0x19, 0x59, 0x19, 0x59, 
	0x19, 0x9b, 0x19, 0x59, 0x11, 0x59, 0x11, 0x59, 
	0x19, 0x59, 0x11, 0x59, 0x11, 0x59, 0x19, 0x9b, 
	0x19, 0x59, 0x19, 0x59, 0x19, 0x59, 0x19, 0x59, 
	0x19, 0x9b, 0x11, 0x59, 0x19, 0x59, 0x19, 0x9b, 
	0x19, 0x59, 0x21, 0x9b, 0x19, 0x59, 0x11, 0x59, 
	0x19, 0x59, 0x11, 0x59, 0x19, 0x59, 0x11, 0x59, 
	0x11, 0x59, 0x19, 0x59, 0x19, 0x59, 0x2a, 0x1d, 
	0x11, 0x59, 0x11, 0x59, 0x19, 0x59, 0x19, 0x59, 
	0x11, 0x59, 0x11, 0x59, 0x19, 0x59, 0x19, 0x59, 
	0x11, 0x59, 0x11, 0x59, 0x19, 0x59, 0x19, 0x59, 
	0x11, 0x59, 0x19, 0x5b, 0x11, 0x59, 0x19, 0x59, 
	0x19, 0x59, 0x11, 0x59, 0x11, 0x59, 0x11, 0x59, 
	0x11, 0x59, 0x19, 0x59, 0x19, 0x19, 0x11, 0x17, 
	0x21, 0x99, 0x19, 0x17, 0x19, 0x59, 0x19, 0x17, 
	0x19, 0x15, 0x19, 0x15, 0x11, 0x15, 0x19, 0x55, 
	0x11, 0x15, 0x21, 0x97, 0x21, 0x99, 0x11, 0x15, 
	0x11, 0x15, 0x11, 0x15, 0x11, 0x15, 0x11, 0x15, 
	0x21, 0x99, 0x19, 0x57, 0x19, 0x57, 0x11, 0x15, 
	0x19, 0x57, 0x19, 0x57, 0x11, 0x15, 0x11, 0x15, 
	0x11, 0x15, 0x19, 0x55, 0x11, 0x15, 0x11, 0x15, 
	0x11, 0x15, 0x11, 0x15, 0x11, 0x15, 0x11, 0x15, 
	0x11, 0x15, 0x11, 0x15, 0x32, 0x1b, 0x32, 0x1b, 
	0x21, 0x97, 0x19, 0x57, 0x11, 0x15, 0x19, 0x55, 
	0x21, 0x97, 0x11, 0x15, 0x19, 0x55, 0x11, 0x15, 
	0x11, 0x15, 0x11, 0x15, 0x19, 0x55, 0x21, 0x57, 
	0x19, 0x55, 0x11, 0x15, 0x19, 0x15, 0x19, 0x15, 
	0x19, 0x15, 0x11, 0x13, 0x11, 0x13, 0x19, 0x55, 
	0x19, 0x15, 0x11, 0x15, 0x11, 0x15, 0x19, 0x15, 
	0x19, 0x15, 0x21, 0x57, 0x3a, 0x1b, 0x19, 0x55, 
	0x19, 0x15, 0x3a, 0x1b, 0x11, 0x13, 0x19, 0x55, 
	0x19, 0x55, 0x19, 0x55, 0x19, 0x15, 0x11, 0x13, 
	0x19, 0x55, 0x11, 0x13, 0x19, 0x15, 0x19, 0x13, 
	0x11, 0x11, 0x11, 0x13, 0x19, 0x13, 0x29, 0xd9, 
	0x19, 0x15, 0x19, 0x55, 0x19, 0x15, 0x19, 0x13, 
	0x11, 0x13, 0x11, 0x13, 0x19, 0x15, 0x11, 0x13, 
	0x19, 0x13, 0x19, 0x13, 0x11, 0x13, 0x11, 0x13, 
	0x11, 0x13, 0x19, 0x13, 0x19, 0x13, 0x11, 0x15, 
	0x11, 0x15, 0x19, 0x15, 0x19, 0x15, 0x19, 0x15, 
	0x19, 0x15, 0x19, 0x57, 0x19, 0x15, 0x19, 0x15, 
	0x5b, 0x23, 0x11, 0x15, 0x19, 0x15, 0x19, 0x15, 
	0x19, 0x15, 0x19, 0x15, 0x19, 0x17, 0x19, 0x17, 
	0x19, 0x17, 0x19, 0x17, 0x21, 0x57, 0x19, 0x17, 
	0x21, 0x17, 0x21, 0x17, 0x19, 0x17, 0x21, 0x59, 
	0x21, 0x19, 0x21, 0x1b, 0x21, 0x1b, 0x21, 0x5d, 
	0x21, 0x5d, 0x21, 0x5d, 0x29, 0x5f, 0x31, 0x61, 
	0x31, 0x61, 0x39, 0xa3, 0x31, 0x61, 0x31, 0x61, 
	0x39, 0x61, 0x31, 0x61, 0x39, 0xa1, 0x31, 0x61, 
	0x31, 0x61, 0x39, 0xa3, 0x41, 0xe5, 0x41, 0xe5, 
	0x41, 0xa5, 0x39, 0xa3, 0x39, 0xa5, 0x39, 0xa5, 
	0x39, 0xa5, 0x31, 0x65, 0x31, 0xa5, 0x4a, 0x2b, 
	0x39, 0xad, 0x41, 0xef, 0x6b, 0x33, 0x39, 0xab, 
	0x31, 0xa9, 0x39, 0xa9, 0x41, 0xa9, 0x49, 0xad, 
	0x49, 0xed, 0x49, 0xed, 0x5a, 0x71, 0x49, 0xef, 
	0x49, 0xef, 0x4a, 0x2f, 0x4a, 0x2f, 0x49, 0xed, 
	0x49, 0xed, 0x52, 0x2d, 0x49, 0xed, 0x4a, 0x2f, 
	0x4a, 0x2f, 0x49, 0xed, 0x49, 0xed, 0x4a, 0x2f, 
	0x5a, 0xb1, 0x41, 0xeb, 0x4a, 0x2b, 0x6b, 0x71, 
	0x39, 0xe9, 0x52, 0x6d, 0x39, 0xe9, 0x39, 0xa7, 
	0x31, 0xa5, 0x31, 0xa3, 0x31, 0xa3, 0x29, 0xa3, 
	0x29, 0xa3, 0x31, 0xe3, 0x29, 0xa1, 0x21, 0x9f, 
	0x21, 0x9f, 0x19, 0x9f, 0x29, 0xdf, 0x21, 0x9d, 
	0x19, 0x5b, 0x11, 0x59, 0x11, 0x5b, 0x11, 0x5b, 
	0x19, 0x5b, 0x19, 0x9b, 0x19, 0x5b, 0x11, 0x5b, 
	0x19, 0x59, 0x19, 0x9b, 0x19, 0x5b, 0x11, 0x59, 
	0x19, 0x9b, 0x19, 0x59, 0x3a, 0x61, 0x11, 0x59, 
	0x32, 0x1f, 0x19, 0x5b, 0x11, 0x59, 0x19, 0x5b, 
	0x19, 0x59, 0x19, 0x9b, 0x19, 0x59, 0x19, 0x59, 
	0x11, 0x59, 0x21, 0x9b, 0x11, 0x59, 0x11, 0x59, 
	0x11, 0x59, 0x11, 0x59, 0x11, 0x59, 0x11, 0x59, 
	0x19, 0x59, 0x11, 0x59, 0x19, 0x59, 0x11, 0x59, 
	0x11, 0x59, 0x19, 0x9b, 0x19, 0x59, 0x19, 0x59, 
	0x11, 0x59, 0x11, 0x59, 0x19, 0x9b, 0x19, 0x59, 
	0x11, 0x59, 0x19, 0x59, 0x11, 0x59, 0x19, 0x5b, 
	0x19, 0x59, 0x19, 0x5b, 0x21, 0xdb, 0x21, 0x9b, 
	0x11, 0x59, 0x11, 0x59, 0x19, 0x59, 0x11, 0x59, 
	0x21, 0x9b, 0x29, 0xdd, 0x21, 0x9b, 0x21, 0x9b, 
	0x29, 0xdb, 0x11, 0x59, 0x19, 0x19, 0x19, 0x59, 
	0x19, 0x59, 0x11, 0x17, 0x19, 0x17, 0x19, 0x17, 
	0x19, 0x17, 0x19, 0x17, 0x19, 0x17, 0x19, 0x15, 
	0x11, 0x15, 0x19, 0x57, 0x11, 0x15, 0x11, 0x15, 
	0x19, 0x57, 0x11, 0x15, 0x19, 0x55, 0x19, 0x57, 
	0x19, 0x57, 0x19, 0x17, 0x19, 0x17, 0x11, 0x15, 
	0x19, 0x55, 0x32, 0x1b, 0x19, 0x55, 0x11, 0x15, 
	0x11, 0x15, 0x11, 0x15, 0x11, 0x15, 0x11, 0x15, 
	0x19, 0x55, 0x21, 0x97, 0x11, 0x15, 0x11, 0x15, 
	0x11, 0x15, 0x11, 0x15, 0x19, 0x55, 0x19, 0x55, 
	0x19, 0x55, 0x11, 0x15, 0x11, 0x15, 0x11, 0x15, 
	0x19, 0x55, 0x11, 0x15, 0x19, 0x15, 0x11, 0x15, 
	0x11, 0x15, 0x11, 0x15, 0x11, 0x15, 0x11, 0x15, 
	0x11, 0x15, 0x11, 0x15, 0x19, 0x15, 0x19, 0x15, 
	0x21, 0x57, 0x11, 0x15, 0x11, 0x15, 0x19, 0x55, 
	0x19, 0x15, 0x11, 0x15, 0x11, 0x15, 0x19, 0x15, 
	0x19, 0x55, 0x19, 0x55, 0x19, 0x55, 0x11, 0x15, 
	0x11, 0x15, 0x19, 0x15, 0x19, 0x55, 0x19, 0x15, 
	0x21, 0x57, 0x42, 0x5d, 0x19, 0x55, 0x19, 0x15, 
	0x11, 0x13, 0x11, 0x13, 0x21, 0x55, 0x19, 0x53, 
	0x11, 0x13, 0x11, 0x13, 0x11, 0x13, 0x19, 0x13, 
	0x19, 0x55, 0x19, 0x15, 0x11, 0x13, 0x19, 0x15, 
	0x19, 0x15, 0x11, 0x13, 0x21, 0x55, 0x21, 0x55, 
	0x19, 0x55, 0x11, 0x13, 0x11, 0x13, 0x11, 0x13, 
	0x11, 0x13, 0x11, 0x13, 0x19, 0x13, 0x11, 0x13, 
	0x11, 0x13, 0x19, 0x15, 0x19, 0x57, 0x21, 0x57, 
	0x19, 0x15, 0x11, 0x15, 0x19, 0x15, 0x11, 0x15, 
	0x19, 0x15, 0x11, 0x15, 0x11, 0x15, 0x11, 0x15, 
	0x19, 0x57, 0x19, 0x17, 0x11, 0x15, 0x11, 0x15, 
	0x19, 0x15, 0x19, 0x15, 0x19, 0x15, 0x19, 0x17, 
	0x19, 0x17, 0x19, 0x17, 0x31, 0xdb, 0x21, 0x19, 
	0x21, 0x19, 0x21, 0x1b, 0x21, 0x1b, 0x21, 0x5d, 
	0x21, 0x5d, 0x39, 0xe1, 0x29, 0x5f, 0x31, 0x61, 
	0x31, 0x61, 0x39, 0x63, 0x39, 0x63, 0x31, 0x63, 
	0x39, 0xa1, 0x41, 0xe3, 0x39, 0x61, 0x39, 0x61, 
	0x39, 0xa3, 0x41, 0xa5, 0x39, 0xa5, 0x41, 0xa5, 
	0x41, 0xa3, 0x39, 0xa3, 0x39, 0xa5, 0x39, 0xa7, 
	0x39, 0xa5, 0x31, 0x65, 0x39, 0xa5, 0x39, 0xe7, 
	0x31, 0xa9, 0x39, 0xad, 0x39, 0xab, 0x31, 0xa9, 
	0x31, 0x67, 0x31, 0x67, 0x39, 0xa7, 0x41, 0xeb, 
	0x49, 0xab, 0x49, 0xad, 0x49, 0xed, 0x49, 0xef, 
	0x52, 0x31, 0x4a, 0x2f, 0x49, 0xed, 0x49, 0xeb, 
	0x49, 0xeb, 0x62, 0xb1, 0x49, 0xed, 0x49, 0xed, 
	0x49, 0xed, 0x49, 0xed, 0x4a, 0x2f, 0x4a, 0x2f, 
	0x49, 0xed, 0x41, 0xed, 0x41, 0xed, 0x42, 0x2d, 
	0x41, 0xeb, 0x41, 0xeb, 0x41, 0xeb, 0x39, 0xa9, 
	0x39, 0xa7, 0x31, 0xa5, 0x29, 0xa3, 0x29, 0xa3, 
	0x3a, 0x27, 0x29, 0xa3, 0x21, 0xa1, 0x21, 0xa1, 
	0x21, 0x9f, 0x21, 0x9f, 0x19, 0x5d, 0x19, 0x5b, 
	0x19, 0x5b, 0x19, 0x5b, 0x19, 0x5b, 0x19, 0x9d, 
	0x19, 0x5b, 0x19, 0x9d, 0x21, 0xdd, 0x11, 0x5b, 
	0x21, 0x9b, 0x42, 0xa5, 0x19, 0x9b, 0x19, 0x5b, 
	0x11, 0x59, 0x11, 0x59, 0x19, 0x59, 0x19, 0x9b, 
	0x19, 0x5b, 0x11, 0x59, 0x19, 0x5b, 0x11, 0x59, 
	0x19, 0x9b, 0x11, 0x59, 0x11, 0x59, 0x19, 0x9b, 
	0x11, 0x59, 0x19, 0x59, 0x11, 0x59, 0x11, 0x59, 
	0x19, 0x59, 0x19, 0x59, 0x11, 0x59, 0x11, 0x59, 
	0x11, 0x59, 0x19, 0x59, 0x19, 0x5b, 0x21, 0x9b, 
	0x11, 0x59, 0x11, 0x59, 0x19, 0x59, 0x11, 0x59, 
	0x11, 0x59, 0x19, 0x59, 0x19, 0x59, 0x19, 0x59, 
	0x19, 0x59, 0x19, 0x59, 0x19, 0x59, 0x29, 0xdd, 
	0x19, 0x5b, 0x19, 0x59, 0x19, 0x59, 0x19, 0x59, 
	0x11, 0x59, 0x19, 0x59, 0x11, 0x59, 0x11, 0x59, 
	0x19, 0x59, 0x21, 0xdb, 0x19, 0x59, 0x11, 0x59, 
	0x11, 0x59, 0x21, 0x9b, 0x19, 0x59, 0x19, 0x59, 
	0x21, 0x9b, 0x19, 0x57, 0x19, 0x17, 0x19, 0x59, 
	0x19, 0x17, 0x19, 0x17, 0x19, 0x57, 0x11, 0x17, 
	0x11, 0x57, 0x21, 0x99, 0x3a, 0x5d, 0x3a, 0x1d, 
	0x11, 0x15, 0x11, 0x15, 0x11, 0x15, 0x19, 0x57, 
	0x19, 0x17, 0x19, 0x17, 0x19, 0x17, 0x19, 0x15, 
	0x11, 0x15, 0x19, 0x55, 0x11, 0x15, 0x21, 0x97, 
	0x11, 0x15, 0x19, 0x55, 0x11, 0x15, 0x11, 0x15, 
	0x19, 0x55, 0x19, 0x57, 0x11, 0x15, 0x11, 0x15, 
	0x21, 0x99, 0x11, 0x15, 0x19, 0x55, 0x19, 0x55, 
	0x19, 0x55, 0x11, 0x15, 0x11, 0x15, 0x19, 0x55, 
	0x19, 0x57, 0x19, 0x15, 0x19, 0x15, 0x11, 0x15, 
	0x11, 0x15, 0x11, 0x15, 0x11, 0x15, 0x11, 0x15, 
	0x11, 0x15, 0x11, 0x15, 0x19, 0x15, 0x19, 0x15, 
	0x19, 0x55, 0x19, 0x15, 0x19, 0x55, 0x19, 0x55, 
	0x19, 0x55, 0x19, 0x55, 0x11, 0x15, 0x19, 0x55, 
	0x19, 0x55, 0x19, 0x15, 0x19, 0x15, 0x11, 0x15, 
	0x19, 0x15, 0x19, 0x15, 0x19, 0x15, 0x19, 0x55, 
	0x19, 0x15, 0x19, 0x15, 0x19, 0x15, 0x19, 0x55, 
	0x19, 0x15, 0x11, 0x13, 0x11, 0x13, 0x11, 0x13, 
	0x19, 0x55, 0x19, 0x13, 0x19, 0x13, 0x11, 0x13, 
	0x11, 0x13, 0x11, 0x13, 0x19, 0x15, 0x29, 0x97, 
	0x19, 0x15, 0x19, 0x55, 0x19, 0x13, 0x19, 0x13, 
	0x19, 0x13, 0x19, 0x13, 0x11, 0x13, 0x11, 0x13, 
	0x11, 0x13, 0x11, 0x13, 0x11, 0x13, 0x11, 0x13, 
	0x11, 0x13, 0x19, 0x15, 0x11, 0x15, 0x19, 0x15, 
	0x19, 0x15, 0x19, 0x15, 0x19, 0x15, 0x19, 0x15, 
	0x11, 0x15, 0x11, 0x15, 0x19, 0x15, 0x19, 0x15, 
	0x19, 0x57, 0x19, 0x17, 0x19, 0x15, 0x19, 0x15, 
	0x19, 0x15, 0x19, 0x17, 0x19, 0x57, 0x19, 0x17, 
	0x21, 0x17, 0x19, 0x17, 0x29, 0x9b, 0x21, 0x59, 
	0x31, 0xdd, 0x21, 0x1b, 0x21, 0x1b, 0x21, 0x1b, 
	0x29, 0x5d, 0x42, 0x23, 0x31, 0x5f, 0x31, 0x61, 
	0x39, 0x61, 0x39, 0x63, 0x39, 0xa3, 0x39, 0x63, 
	0x39, 0x63, 0x39, 0xa3, 0x41, 0xa3, 0x39, 0xa3, 
	0x39, 0x61, 0x39, 0xa3, 0x39, 0xa3, 0x39, 0xa5, 
	0x39, 0xa5, 0x41, 0xa5, 0x39, 0xa5, 0x39, 0xa5, 
	0x31, 0x65, 0x39, 0xa5, 0x39, 0xe5, 0x31, 0x63, 
	0x31, 0x63, 0x31, 0xa9, 0x41, 0xeb, 0x31, 0xa7, 
	0x31, 0x65, 0x31, 0x63, 0x41, 0xe5, 0x49, 0xe9, 
	0x41, 0xa9, 0x49, 0xab, 0x49, 0xad, 0x49, 0xef, 
	0x52, 0x31, 0x6b, 0x35, 0x49, 0xed, 0x4a, 0x2d, 
	0x49, 0xed, 0x49, 0xed, 0x52, 0x2f, 0x49, 0xed, 
	0x4a, 0x2d, 0x4a, 0x2f, 0x49, 0xed, 0x49, 0xed, 
	0x52, 0x6f, 0x41, 0xed, 0x49, 0xef, 0x52, 0x6f, 
	0x42, 0x2d, 0x41, 0xeb, 0x41, 0xeb, 0x41, 0xa9, 
	0x52, 0x6d, 0x39, 0xa5, 0x29, 0xa5, 0x29, 0xa3, 
	0x29, 0x63, 0x29, 0xa3, 0x21, 0xa1, 0x21, 0xa1, 
	0x21, 0x5f, 0x21, 0x5f, 0x19, 0x5d, 0x19, 0x5d, 
	0x19, 0x5b, 0x19, 0x5b, 0x19, 0x9d, 0x19, 0x9d, 
	0x19, 0x5b, 0x11, 0x5b, 0x19, 0x9d, 0x19, 0x5b, 
	0x11, 0x5b, 0x19, 0x5b, 0x19, 0x5b, 0x19, 0x5b, 
	0x11, 0x59, 0x11, 0x59, 0x11, 0x59, 0x19, 0x59, 
	0x19, 0x59, 0x19, 0x59, 0x19, 0x9b, 0x19, 0x5b, 
	0x19, 0x59, 0x19, 0x9b, 0x11, 0x59, 0x21, 0x9b, 
	0x11, 0x59, 0x19, 0x9b, 0x19, 0x59, 0x19, 0x59, 
	0x19, 0x59, 0x11, 0x59, 0x11, 0x59, 0x11, 0x59, 
	0x11, 0x59, 0x11, 0x59, 0x11, 0x59, 0x11, 0x59, 
	0x11, 0x59, 0x11, 0x59, 0x11, 0x59, 0x11, 0x59, 
	0x11, 0x59, 0x11, 0x59, 0x11, 0x59, 0x19, 0x59, 
	0x19, 0x59, 0x19, 0x59, 0x63, 0xa7, 0x19, 0x59, 
	0x11, 0x59, 0x19, 0x59, 0x19, 0x59, 0x19, 0x59, 
	0x21, 0x9b, 0x19, 0x59, 0x19, 0x59, 0x19, 0x59, 
	0x11, 0x59, 0x11, 0x59, 0x11, 0x59, 0x11, 0x59, 
	0x11, 0x59, 0x19, 0x59, 0x11, 0x59, 0x19, 0x59, 
	0x19, 0x59, 0x19, 0x59, 0x21, 0x9b, 0x19, 0x19, 
	0x19, 0x59, 0x19, 0x57, 0x11, 0x17, 0x11, 0x17, 
	0x21, 0x59, 0x32, 0x1b, 0x19, 0x17, 0x19, 0x57, 
	0x19, 0x55, 0x19, 0x55, 0x11, 0x15, 0x19, 0x55, 
	0x11, 0x57, 0x11, 0x57, 0x19, 0x15, 0x19, 0x15, 
	0x19, 0x15, 0x11, 0x15, 0x19, 0x55, 0x11, 0x15, 
	0x11, 0x15, 0x11, 0x15, 0x19, 0x55, 0x11, 0x15, 
	0x19, 0x55, 0x11, 0x15, 0x11, 0x15, 0x11, 0x15, 
	0x11, 0x15, 0x11, 0x15, 0x19, 0x55, 0x11, 0x15, 
	0x19, 0x57, 0x19, 0x57, 0x19, 0x57, 0x21, 0x59, 
	0x19, 0x57, 0x19, 0x15, 0x19, 0x57, 0x11, 0x15, 
	0x11, 0x15, 0x11, 0x15, 0x11, 0x15, 0x11, 0x15, 
	0x11, 0x15, 0x11, 0x15, 0x19, 0x55, 0x19, 0x15, 
	0x19, 0x55, 0x19, 0x15, 0x19, 0x55, 0x21, 0x97, 
	0x19, 0x55, 0x19, 0x55, 0x11, 0x15, 0x19, 0x15, 
	0x19, 0x15, 0x19, 0x15, 0x21, 0x97, 0x21, 0x97, 
	0x3a, 0x5b, 0x19, 0x15, 0x19, 0x15, 0x19, 0x15, 
	0x19, 0x15, 0x19, 0x15, 0x19, 0x15, 0x19, 0x55, 
	0x19, 0x15, 0x19, 0x15, 0x11, 0x15, 0x19, 0x15, 
	0x19, 0x15, 0x19, 0x55, 0x31, 0xd9, 0x11, 0x13, 
	0x11, 0x13, 0x19, 0x15, 0x19, 0x15, 0x19, 0x15, 
	0x21, 0x57, 0x29, 0x97, 0x11, 0x13, 0x19, 0x15, 
	0x11, 0x13, 0x21, 0x55, 0x21, 0x55, 0x21, 0x55, 
	0x11, 0x13, 0x11, 0x13, 0x11, 0x13, 0x11, 0x13, 
	0x11, 0x13, 0x19, 0x15, 0x19, 0x15, 0x19, 0x15, 
	0x19, 0x15, 0x19, 0x15, 0x19, 0x15, 0x11, 0x15, 
	0x11, 0x15, 0x19, 0x15, 0x19, 0x15, 0x11, 0x15, 
	0x19, 0x15, 0x19, 0x15, 0x19, 0x17, 0x19, 0x17, 
	0x21, 0x57, 0x19, 0x15, 0x19, 0x17, 0x19, 0x17, 
	0x19, 0x17, 0x21, 0x17, 0x21, 0x17, 0x19, 0x19, 
	0x29, 0x9b, 0x21, 0x1b, 0x29, 0x5b, 0x29, 0x5d, 
	0x21, 0x1b, 0x29, 0x5d, 0x31, 0x5f, 0x31, 0x5f, 
	0x41, 0xa3, 0x39, 0x63, 0x39, 0xa3, 0x39, 0xa3, 
	0x39, 0xa1, 0x39, 0xa1, 0x41, 0xe3, 0x39, 0x61, 
	0x39, 0xa1, 0x39, 0xa1, 0x39, 0xa3, 0x4a, 0x69, 
	0x39, 0x63, 0x41, 0xa5, 0x39, 0xa5, 0x31, 0x65, 
	0x31, 0x65, 0x31, 0x63, 0x31, 0x61, 0x42, 0x25, 
	0x31, 0x61, 0x29, 0x61, 0x31, 0xa5, 0x31, 0xa5, 
	0x31, 0x63, 0x31, 0x63, 0x31, 0x63, 0x31, 0x63, 
	0x41, 0xe9, 0x41, 0xa9, 0x49, 0xeb, 0x49, 0xed, 
	0x49, 0xef, 0x52, 0x31, 0x49, 0xed, 0x41, 0xed, 
	0x49, 0xed, 0x49, 0xed, 0x49, 0xef, 0x49, 0xed, 
	0x4a, 0x2f, 0x52, 0x31, 0x49, 0xed, 0x49, 0xed, 
	0x52, 0x2f, 0x41, 0xed, 0x4a, 0x2f, 0x49, 0xed, 
	0x41, 0xeb, 0x41, 0xeb, 0x41, 0xeb, 0x41, 0xab, 
	0x4a, 0x2b, 0x31, 0xa7, 0x29, 0xa5, 0x29, 0xa5, 
	0x29, 0xa3, 0x29, 0xa3, 0x21, 0xa1, 0x31, 0xe5, 
	0x29, 0xa3, 0x21, 0xa1, 0x32, 0x23, 0x21, 0x9f, 
	0x21, 0x9d, 0x19, 0x5b, 0x19, 0x5b, 0x19, 0x5b, 
	0x11, 0x5b, 0x19, 0x5b, 0x21, 0xdd, 0x32, 0x1f, 
	0x19, 0x5b, 0x19, 0x5b, 0x21, 0xdd, 0x19, 0x59, 
	0x11, 0x59, 0x11, 0x59, 0x11, 0x59, 0x11, 0x59, 
	0x11, 0x59, 0x11, 0x59, 0x19, 0x59, 0x19, 0x59, 
	0x19, 0x59, 0x11, 0x59, 0x11, 0x59, 0x11, 0x59, 
	0x11, 0x59, 0x19, 0x59, 0x19, 0x59, 0x19, 0x59, 
	0x11, 0x59, 0x11, 0x59, 0x19, 0x59, 0x11, 0x59, 
	0x21, 0x9b, 0x19, 0x9b, 0x11, 0x59, 0x11, 0x59, 
	0x11, 0x59, 0x11, 0x59, 0x11, 0x59, 0x11, 0x59, 
	0x11, 0x59, 0x11, 0x59, 0x11, 0x59, 0x19, 0x59, 
	0x11, 0x59, 0x11, 0x59, 0x3a, 0x5f, 0x11, 0x59, 
	0x11, 0x59, 0x19, 0x59, 0x19, 0x59, 0x19, 0x59, 
	0x42, 0xa3, 0x11, 0x59, 0x19, 0x5b, 0x19, 0x9b, 
	0x19, 0x59, 0x11, 0x59, 0x11, 0x59, 0x11, 0x59, 
	0x11, 0x59, 0x11, 0x59, 0x11, 0x59, 0x19, 0x9b, 
	0x19, 0x59, 0x19, 0x59, 0x19, 0x59, 0x19, 0x57, 
	0x19, 0x59, 0x19, 0x57, 0x19, 0x57, 0x19, 0x57, 
	0x19, 0x59, 0x3a, 0x5d, 0x11, 0x17, 0x11, 0x17, 
	0x19, 0x17, 0x19, 0x57, 0x3a, 0x5d, 0x29, 0xdb, 
	0x11, 0x57, 0x11, 0x57, 0x19, 0x15, 0x19, 0x57, 
	0x19, 0x15, 0x19, 0x15, 0x3a, 0x5d, 0x19, 0x55, 
	0x19, 0x55, 0x11, 0x15, 0x11, 0x15, 0x11, 0x15, 
	0x19, 0x55, 0x11, 0x15, 0x11, 0x15, 0x11, 0x15, 
	0x11, 0x15, 0x11, 0x15, 0x11, 0x15, 0x19, 0x57, 
	0x21, 0x99, 0x29, 0xdb, 0x19, 0x57, 0x19, 0x57, 
	0x19, 0x17, 0x21, 0x99, 0x19, 0x15, 0x11, 0x15, 
	0x11, 0x15, 0x11, 0x15, 0x11, 0x15, 0x11, 0x15, 
	0x11, 0x15, 0x11, 0x15, 0x19, 0x55, 0x19, 0x15, 
	0x19, 0x55, 0x21, 0x97, 0x19, 0x55, 0x29, 0xd9, 
	0x19, 0x55, 0x11, 0x15, 0x11, 0x15, 0x21, 0x57, 
	0x19, 0x15, 0x19, 0x15, 0x21, 0x97, 0x19, 0x15, 
	0x11, 0x15, 0x21, 0x57, 0x19, 0x15, 0x29, 0xd9, 
	0x19, 0x15, 0x19, 0x15, 0x19, 0x15, 0x19, 0x13, 
	0x11, 0x13, 0x19, 0x15, 0x19, 0x15, 0x31, 0xd9, 
	0x19, 0x55, 0x19, 0x15, 0x19, 0x15, 0x19, 0x15, 
	0x11, 0x13, 0x19, 0x15, 0x21, 0x57, 0x11, 0x13, 
	0x19, 0x15, 0x19, 0x15, 0x11, 0x13, 0x19, 0x15, 
	0x11, 0x13, 0x11, 0x13, 0x19, 0x13, 0x19, 0x13, 
	0x19, 0x15, 0x19, 0x13, 0x11, 0x13, 0x11, 0x13, 
	0x11, 0x13, 0x11, 0x13, 0x11, 0x13, 0x19, 0x15, 
	0x19, 0x15, 0x19, 0x15, 0x19, 0x15, 0x19, 0x15, 
	0x19, 0x15, 0x19, 0x15, 0x11, 0x15, 0x19, 0x15, 
	0x11, 0x15, 0x11, 0x15, 0x19, 0x17, 0x11, 0x15, 
	0x19, 0x15, 0x19, 0x15, 0x19, 0x15, 0x19, 0x17, 
	0x21, 0x59, 0x19, 0x17, 0x19, 0x17, 0x19, 0x17, 
	0x21, 0x19, 0x19, 0x19, 0x21, 0x19, 0x31, 0x9f, 
	0x21, 0x1b, 0x21, 0x5b, 0x63, 0x29, 0x31, 0x5f, 
	0x39, 0xa3, 0x31, 0x61, 0x39, 0x63, 0x39, 0xa3, 
	0x39, 0xa3, 0x39, 0xa1, 0x39, 0xa1, 0x39, 0xa1, 
	0x39, 0xa1, 0x5a, 0xa9, 0x39, 0xa3, 0x39, 0xa3, 
	0x39, 0xa5, 0x39, 0xa5, 0x39, 0xa5, 0x39, 0xa5, 
	0x39, 0xa5, 0x39, 0xa3, 0x31, 0x63, 0x31, 0x61, 
	0x29, 0x5f, 0x29, 0x5f, 0x29, 0x61, 0x31, 0xa3, 
	0x31, 0xa3, 0x31, 0x63, 0x31, 0x63, 0x39, 0xa5, 
	0x39, 0xa7, 0x41, 0xa9, 0x41, 0xa9, 0x49, 0xed, 
	0x49, 0xef, 0x49, 0xef, 0x52, 0x2f, 0x49, 0xef, 
	0x49, 0xef, 0x49, 0xef, 0x49, 0xef, 0x4a, 0x2f, 
	0x4a, 0x2f, 0x4a, 0x2f, 0x49, 0xed, 0x49, 0xed, 
	0x49, 0xed, 0x41, 0xed, 0x41, 0xed, 0x49, 0xed, 
	0x49, 0xed, 0x4a, 0x2d, 0x41, 0xeb, 0x41, 0xab, 
	0x41, 0xeb, 0x39, 0xa9, 0x4a, 0x6b, 0x31, 0xa5, 
	0x31, 0xa5, 0x29, 0xa3, 0x29, 0xa3, 0x4a, 0xa9, 
	0x21, 0xa1, 0x21, 0x5f, 0x29, 0xa1, 0x19, 0x5d, 
	0x19, 0x5d, 0x19, 0x5b, 0x19, 0x5b, 0x11, 0x5b, 
	0x19, 0x5b, 0x21, 0x9d, 0x19, 0x5b, 0x19, 0x9b, 
	0x19, 0x5b, 0x11, 0x59, 0x5b, 0x65, 0x19, 0x59, 
	0x11, 0x59, 0x19, 0x59, 0x11, 0x59, 0x11, 0x59, 
	0x11, 0x59, 0x11, 0x59, 0x2a, 0x1d, 0x19, 0x9b, 
	0x19, 0x5b, 0x19, 0x59, 0x11, 0x59, 0x19, 0x59, 
	0x19, 0x5b, 0x19, 0x59, 0x11, 0x59, 0x19, 0x9b, 
	0x19, 0x9b, 0x11, 0x59, 0x19, 0x59, 0x3a, 0x61, 
	0x19, 0x5b, 0x19, 0x59, 0x11, 0x59, 0x11, 0x59, 
	0x19, 0x59, 0x21, 0xdb, 0x11, 0x59, 0x42, 0xa1, 
	0x19, 0x9b, 0x11, 0x59, 0x29, 0xdd, 0x29, 0xdd, 
	0x11, 0x59, 0x11, 0x59, 0x3a, 0x5f, 0x19, 0x59, 
	0x11, 0x59, 0x19, 0x59, 0x19, 0x59, 0x11, 0x59, 
	0x11, 0x59, 0x19, 0x59, 0x11, 0x59, 0x11, 0x59, 
	0x19, 0x5b, 0x11, 0x59, 0x11, 0x59, 0x11, 0x59, 
	0x19, 0x59, 0x11, 0x59, 0x11, 0x59, 0x19, 0x59, 
	0x11, 0x59, 0x11, 0x59, 0x19, 0x19, 0x19, 0x19, 
	0x19, 0x19, 0x19, 0x19, 0x19, 0x19, 0x19, 0x19, 
	0x19, 0x19, 0x19, 0x59, 0x19, 0x57, 0x11, 0x17, 
	0x11, 0x17, 0x21, 0x99, 0x19, 0x17, 0x19, 0x17, 
	0x21, 0x99, 0x19, 0x57, 0x19, 0x15, 0x19, 0x15, 
	0x19, 0x15, 0x19, 0x15, 0x11, 0x15, 0x11, 0x15, 
	0x11, 0x15, 0x11, 0x15, 0x19, 0x55, 0x21, 0x97, 
	0x11, 0x15, 0x19, 0x55, 0x19, 0x55, 0x11, 0x15, 
	0x19, 0x17, 0x19, 0x57, 0x19, 0x17, 0x19, 0x17, 
	0x19, 0x17, 0x19, 0x57, 0x21, 0x99, 0x19, 0x59, 
	0x19, 0x59, 0x31, 0xdb, 0x19, 0x55, 0x19, 0x55, 
	0x11, 0x15, 0x11, 0x15, 0x19, 0x55, 0x29, 0xd9, 
	0x11, 0x15, 0x11, 0x15, 0x11, 0x15, 0x19, 0x55, 
	0x19, 0x55, 0x29, 0x97, 0x19, 0x55, 0x11, 0x15, 
	0x11, 0x15, 0x11, 0x15, 0x19, 0x55, 0x19, 0x15, 
	0x19, 0x15, 0x19, 0x15, 0x19, 0x15, 0x19, 0x15, 
	0x11, 0x15, 0x19, 0x55, 0x19, 0x55, 0x11, 0x15, 
	0x19, 0x15, 0x19, 0x15, 0x29, 0x97, 0x29, 0x99, 
	0x19, 0x15, 0x11, 0x13, 0x19, 0x15, 0x29, 0xd9, 
	0x19, 0x15, 0x19, 0x15, 0x19, 0x55, 0x11, 0x13, 
	0x19, 0x15, 0x11, 0x13, 0x19, 0x15, 0x11, 0x13, 
	0x11, 0x13, 0x11, 0x13, 0x11, 0x13, 0x19, 0x13, 
	0x11, 0x13, 0x11, 0x13, 0x19, 0x13, 0x19, 0x13, 
	0x19, 0x13, 0x11, 0x13, 0x11, 0x13, 0x19, 0x15, 
	0x19, 0x55, 0x11, 0x13, 0x11, 0x13, 0x21, 0x57, 
	0x21, 0x55, 0x31, 0xd9, 0x11, 0x15, 0x11, 0x15, 
	0x19, 0x15, 0x19, 0x15, 0x19, 0x15, 0x29, 0x99, 
	0x19, 0x15, 0x19, 0x15, 0x19, 0x15, 0x19, 0x15, 
	0x19, 0x15, 0x19, 0x17, 0x29, 0x99, 0x21, 0x59, 
	0x29, 0x99, 0x19, 0x17, 0x19, 0x17, 0x21, 0x17, 
	0x21, 0x59, 0x19, 0x17, 0x21, 0x59, 0x31, 0xdf, 
	0x21, 0x1b, 0x21, 0x5b, 0x29, 0x5d, 0x29, 0x5f, 
	0x31, 0x5f, 0x31, 0x5f, 0x41, 0xe3, 0x4a, 0x25, 
	0x39, 0xa3, 0x39, 0xa3, 0x39, 0xa3, 0x39, 0xa3, 
	0x39, 0xa1, 0x41, 0xe5, 0x39, 0x63, 0x31, 0x63, 
	0x39, 0xa3, 0x39, 0xa5, 0x39, 0xa5, 0x31, 0x65, 
	0x31, 0x63, 0x39, 0xa5, 0x39, 0xa3, 0x31, 0xa1, 
	0x29, 0x5f, 0x29, 0x5f, 0x29, 0x5f, 0x29, 0x61, 
	0x31, 0x63, 0x31, 0x63, 0x39, 0xa5, 0x41, 0xa7, 
	0x39, 0xa7, 0x41, 0xa9, 0x41, 0xa9, 0x49, 0xeb, 
	0x49, 0xed, 0x49, 0xef, 0x49, 0xed, 0x49, 0xed, 
	0x49, 0xef, 0x49, 0xf1, 0x49, 0xef, 0x52, 0x2f, 
	0x5a, 0xb3, 0x52, 0x31, 0x49, 0xef, 0x4a, 0x2f, 
	0x49, 0xed, 0x41, 0xed, 0x41, 0xed, 0x49, 0xed, 
	0x41, 0xeb, 0x41, 0xeb, 0x39, 0xa9, 0x41, 0xab, 
	0x41, 0xab, 0x39, 0xa9, 0x39, 0xa7, 0x31, 0xa7, 
	0x31, 0xa7, 0x31, 0xa5, 0x29, 0xa5, 0x29, 0xa5, 
	0x29, 0x63, 0x21, 0x61, 0x21, 0x61, 0x19, 0x5f, 
	0x21, 0x9f, 0x19, 0x5d, 0x19, 0x5d, 0x11, 0x5b, 
	0x11, 0x5b, 0x19, 0x9d, 0x11, 0x5b, 0x19, 0x5b, 
	0x19, 0x5b, 0x19, 0x5b, 0x19, 0x9b, 0x19, 0x59, 
	0x11, 0x59, 0x11, 0x59, 0x11, 0x59, 0x11, 0x59, 
	0x11, 0x59, 0x11, 0x59, 0x11, 0x59, 0x11, 0x59, 
	0x19, 0x9b, 0x19, 0x59, 0x19, 0x59, 0x21, 0x9b, 
	0x19, 0x59, 0x11, 0x59, 0x32, 0x1f, 0x19, 0x59, 
	0x19, 0x59, 0x11, 0x59, 0x19, 0x9b, 0x29, 0xdd, 
	0x11, 0x59, 0x19, 0x5b, 0x11, 0x59, 0x19, 0x59, 
	0x11, 0x59, 0x11, 0x59, 0x19, 0x59, 0x19, 0x59, 
	0x19, 0x59, 0x3a, 0x61, 0x19, 0x59, 0x19, 0x59, 
	0x19, 0x59, 0x11, 0x59, 0x19, 0x9b, 0x19, 0x59, 
	0x19, 0x59, 0x11, 0x59, 0x11, 0x59, 0x19, 0x59, 
	0x19, 0x59, 0x11, 0x59, 0x11, 0x59, 0x19, 0x59, 
	0x19, 0x9b, 0x11, 0x59, 0x11, 0x59, 0x19, 0x5b, 
	0x19, 0x59, 0x11, 0x59, 0x11, 0x59, 0x21, 0xdb, 
	0x11, 0x59, 0x11, 0x59, 0x19, 0x59, 0x19, 0x19, 
	0x19, 0x19, 0x19, 0x19, 0x19, 0x19, 0x19, 0x19, 
	0x19, 0x19, 0x19, 0x19, 0x19, 0x59, 0x21, 0x9b, 
	0x19, 0x57, 0x11, 0x17, 0x11, 0x17, 0x11, 0x17, 
	0x31, 0xdb, 0x3a, 0x5d, 0x21, 0x57, 0x19, 0x17, 
	0x21, 0x99, 0x19, 0x57, 0x11, 0x15, 0x11, 0x15, 
	0x19, 0x55, 0x11, 0x15, 0x11, 0x15, 0x19, 0x57, 
	0x19, 0x55, 0x11, 0x15, 0x11, 0x15, 0x19, 0x17, 
	0x19, 0x57, 0x19, 0x17, 0x19, 0x17, 0x19, 0x17, 
	0x19, 0x17, 0x19, 0x57, 0x6b, 0xe9, 0x19, 0x59, 
	0x19, 0x57, 0x19, 0x57, 0x19, 0x57, 0x19, 0x57, 
	0x11, 0x15, 0x19, 0x55, 0x11, 0x15, 0x11, 0x15, 
	0x11, 0x15, 0x11, 0x15, 0x19, 0x55, 0x19, 0x55, 
	0x19, 0x15, 0x31, 0xd9, 0x11, 0x15, 0x11, 0x15, 
	0x11, 0x15, 0x19, 0x55, 0x19, 0x15, 0x19, 0x15, 
	0x19, 0x55, 0x19, 0x15, 0x21, 0x57, 0x19, 0x55, 
	0x19, 0x57, 0x19, 0x55, 0x11, 0x55, 0x21, 0x97, 
	0x19, 0x15, 0x19, 0x15, 0x19, 0x55, 0x11, 0x13, 
	0x19, 0x15, 0x19, 0x13, 0x19, 0x15, 0x19, 0x15, 
	0x32, 0x1b, 0x21, 0x57, 0x19, 0x15, 0x11, 0x15, 
	0x19, 0x55, 0x19, 0x15, 0x19, 0x15, 0x19, 0x15, 
	0x19, 0x15, 0x11, 0x13, 0x19, 0x15, 0x21, 0x57, 
	0x19, 0x15, 0x11, 0x13, 0x11, 0x13, 0x31, 0xd9, 
	0x19, 0x13, 0x19, 0x13, 0x19, 0x13, 0x19, 0x15, 
	0x11, 0x13, 0x11, 0x13, 0x19, 0x13, 0x19, 0x15, 
	0x19, 0x13, 0x11, 0x15, 0x19, 0x15, 0x19, 0x15, 
	0x21, 0x57, 0x29, 0xd9, 0x19, 0x55, 0x19, 0x15, 
	0x19, 0x15, 0x19, 0x17, 0x19, 0x17, 0x11, 0x15, 
	0x19, 0x17, 0x19, 0x15, 0x19, 0x17, 0x19, 0x17, 
	0x19, 0x17, 0x19, 0x17, 0x19, 0x17, 0x21, 0x59, 
	0x21, 0x17, 0x19, 0x17, 0x21, 0x59, 0x21, 0x19, 
	0x21, 0x1b, 0x21, 0x1b, 0x31, 0x9f, 0x29, 0x5d, 
	0x29, 0x5d, 0x29, 0x5f, 0x29, 0x5f, 0x31, 0x61, 
	0x49, 0xe5, 0x41, 0xa5, 0x39, 0xa3, 0x39, 0xa3, 
	0x39, 0x61, 0x39, 0xa3, 0x39, 0xa3, 0x39, 0xa3, 
	0x31, 0x63, 0x39, 0xa3, 0x39, 0xa5, 0x39, 0xa5, 
	0x41, 0xe5, 0x39, 0x63, 0x39, 0xa3, 0x39, 0xa3, 
	0x31, 0xa1, 0x31, 0x5f, 0x29, 0x5f, 0x31, 0x61, 
	0x39, 0x65, 0x39, 0x65, 0x4a, 0x29, 0x39, 0xa7, 
	0x39, 0xa7, 0x41, 0xa9, 0x41, 0xa9, 0x49, 0xeb, 
	0x49, 0xeb, 0x49, 0xed, 0x49, 0xeb, 0x49, 0xed, 
	0x49, 0xed, 0x49, 0xef, 0x49, 0xef, 0x52, 0x2f, 
	0x62, 0xb3, 0x49, 0xef, 0x49, 0xef, 0x49, 0xed, 
	0x49, 0xed, 0x4a, 0x2f, 0x41, 0xeb, 0x41, 0xeb, 
	0x49, 0xed, 0x49, 0xed, 0x39, 0xab, 0x52, 0x6f, 
	0x4a, 0x2d, 0x41, 0xeb, 0x39, 0xa9, 0x39, 0xa7, 
	0x31, 0xa7, 0x31, 0xa7, 0x31, 0xa5, 0x31, 0xa5, 
	0x31, 0xa5, 0x29, 0xa3, 0x21, 0x61, 0x21, 0x5f, 
	0x21, 0x5f, 0x19, 0x5f, 0x21, 0x9f, 0x19, 0x5d, 
	0x19, 0x5b, 0x11, 0x5b, 0x19, 0x5b, 0x3a, 0x61, 
	0x19, 0x5b, 0x11, 0x59, 0x21, 0x9b, 0x21, 0x9b, 
	0x11, 0x59, 0x11, 0x59, 0x11, 0x59, 0x11, 0x59, 
	0x19, 0x59, 0x11, 0x59, 0x11, 0x59, 0x19, 0x59, 
	0x32, 0x1f, 0x21, 0xdd, 0x19, 0x59, 0x19, 0x59, 
	0x11, 0x59, 0x11, 0x59, 0x19, 0x59, 0x21, 0x9b, 
	0x32, 0x5f, 0x11, 0x59, 0x19, 0x59, 0x19, 0x9b, 
	0x11, 0x59, 0x32, 0x1f, 0x19, 0x59, 0x19, 0x59, 
	0x11, 0x59, 0x11, 0x59, 0x19, 0x59, 0x19, 0x59, 
	0x19, 0x59, 0x21, 0xdb, 0x19, 0x59, 0x19, 0x59, 
	0x19, 0x59, 0x11, 0x59, 0x11, 0x59, 0x19, 0x5b, 
	0x21, 0x9b, 0x19, 0x59, 0x19, 0x59, 0x19, 0x5b, 
	0x11, 0x59, 0x11, 0x59, 0x11, 0x59, 0x11, 0x59, 
	0x11, 0x59, 0x11, 0x59, 0x11, 0x59, 0x11, 0x59, 
	0x21, 0x9b, 0x19, 0x59, 0x11, 0x59, 0x11, 0x59, 
	0x11, 0x59, 0x29, 0xdd, 0x19, 0x59, 0x11, 0x59, 
	0x11, 0x19, 0x11, 0x19, 0x19, 0x19, 0x19, 0x19, 
	0x19, 0x19, 0x19, 0x19, 0x19, 0x19, 0x19, 0x59, 
	0x19, 0x59, 0x19, 0x19, 0x19, 0x19, 0x19, 0x59, 
	0x19, 0x57, 0x19, 0x17, 0x11, 0x17, 0x19, 0x57, 
	0x19, 0x57, 0x19, 0x17, 0x19, 0x57, 0x19, 0x55, 
	0x19, 0x55, 0x21, 0x97, 0x19, 0x55, 0x11, 0x15, 
	0x19, 0x57, 0x19, 0x57, 0x19, 0x17, 0x21, 0x59, 
	0x21, 0x99, 0x29, 0xdb, 0x19, 0x57, 0x19, 0x59, 
	0x19, 0x59, 0x19, 0x57, 0x19, 0x57, 0x19, 0x57, 
	0x19, 0x57, 0x11, 0x17, 0x19, 0x57, 0x19, 0x57, 
	0x19, 0x55, 0x19, 0x55, 0x11, 0x15, 0x11, 0x15, 
	0x19, 0x55, 0x19, 0x55, 0x19, 0x15, 0x11, 0x15, 
	0x11, 0x15, 0x19, 0x55, 0x19, 0x55, 0x11, 0x15, 
	0x11, 0x15, 0x21, 0x97, 0x21, 0x57, 0x19, 0x55, 
	0x19, 0x55, 0x19, 0x15, 0x19, 0x15, 0x19, 0x55, 
	0x19, 0x57, 0x19, 0x55, 0x11, 0x15, 0x19, 0x15, 
	0x19, 0x15, 0x19, 0x15, 0x11, 0x15, 0x19, 0x15, 
	0x19, 0x15, 0x19, 0x15, 0x19, 0x15, 0x19, 0x15, 
	0x19, 0x15, 0x19, 0x15, 0x19, 0x15, 0x19, 0x15, 
	0x21, 0x97, 0x19, 0x13, 0x19, 0x15, 0x19, 0x55, 
	0x19, 0x55, 0x11, 0x13, 0x11, 0x13, 0x29, 0x97, 
	0x21, 0x97, 0x11, 0x13, 0x19, 0x13, 0x11, 0x13, 
	0x11, 0x13, 0x11, 0x13, 0x19, 0x13, 0x11, 0x13, 
	0x11, 0x13, 0x11, 0x13, 0x19, 0x13, 0x19, 0x13, 
	0x19, 0x13, 0x19, 0x15, 0x11, 0x13, 0x19, 0x15, 
	0x19, 0x15, 0x19, 0x55, 0x19, 0x15, 0x11, 0x15, 
	0x19, 0x15, 0x19, 0x15, 0x19, 0x17, 0x19, 0x15, 
	0x19, 0x57, 0x19, 0x17, 0x21, 0x57, 0x19, 0x15, 
	0x21, 0x57, 0x29, 0x99, 0x19, 0x17, 0x19, 0x17, 
	0x19, 0x17, 0x21, 0x17, 0x21, 0x59, 0x31, 0x9d, 
	0x31, 0x9d, 0x29, 0x5d, 0x29, 0x5d, 0x29, 0x5d, 
	0x29, 0x5f, 0x29, 0x5d, 0x29, 0x5f, 0x31, 0x61, 
	0x39, 0x61, 0x39, 0x63, 0x39, 0x61, 0x39, 0x61, 
	0x31, 0x61, 0x39, 0x63, 0x39, 0x63, 0x31, 0x63, 
	0x31, 0x63, 0x31, 0x63, 0x39, 0x63, 0x39, 0x63, 
	0x39, 0x63, 0x39, 0xa3, 0x39, 0x63, 0x31, 0x63, 
	0x39, 0xa3, 0x31, 0x61, 0x31, 0xa1, 0x31, 0x63, 
	0x39, 0xa5, 0x39, 0x65, 0x31, 0x65, 0x39, 0xa5, 
	0x39, 0xa7, 0x41, 0xe9, 0x41, 0xa9, 0x41, 0xa9, 
	0x49, 0xeb, 0x49, 0xeb, 0x41, 0xa9, 0x49, 0xab, 
	0x49, 0xed, 0x49, 0xed, 0x49, 0xef, 0x49, 0xef, 
	0x49, 0xef, 0x49, 0xef, 0x49, 0xef, 0x49, 0xed, 
	0x49, 0xed, 0x49, 0xed, 0x41, 0xab, 0x49, 0xed, 
	0x41, 0xeb, 0x41, 0xed, 0x41, 0xeb, 0x4a, 0x2d, 
	0x41, 0xed, 0x41, 0xad, 0x39, 0xab, 0x39, 0xa9, 
	0x39, 0xa9, 0x39, 0xa9, 0x39, 0xa9, 0x39, 0xa7, 
	0x39, 0xe7, 0x29, 0xa5, 0x29, 0x63, 0x21, 0x61, 
	0x21, 0x5f, 0x21, 0xa1, 0x19, 0x5d, 0x19, 0x5d, 
	0x19, 0x9d, 0x11, 0x5b, 0x19, 0x5b, 0x19, 0x5b, 
	0x11, 0x59, 0x11, 0x59, 0x19, 0x59, 0x11, 0x59, 
	0x19, 0x59, 0x19, 0x59, 0x11, 0x59, 0x29, 0xdd, 
	0x32, 0x5f, 0x11, 0x59, 0x11, 0x59, 0x11, 0x59, 
	0x19, 0x59, 0x11, 0x59, 0x19, 0x5b, 0x11, 0x59, 
	0x11, 0x59, 0x19, 0x9b, 0x19, 0x59, 0x19, 0x59, 
	0x11, 0x59, 0x11, 0x59, 0x11, 0x59, 0x11, 0x59, 
	0x11, 0x59, 0x32, 0x1f, 0x19, 0x59, 0x11, 0x59, 
	0x11, 0x59, 0x19, 0x59, 0x11, 0x59, 0x11, 0x59, 
	0x19, 0x59, 0x19, 0x59, 0x11, 0x59, 0x11, 0x59, 
	0x19, 0x59, 0x11, 0x59, 0x11, 0x59, 0x19, 0x9b, 
	0x19, 0x5b, 0x19, 0x59, 0x11, 0x59, 0x11, 0x59, 
	0x11, 0x59, 0x11, 0x59, 0x19, 0x59, 0x11, 0x59, 
	0x11, 0x59, 0x11, 0x59, 0x11, 0x59, 0x11, 0x59, 
	0x29, 0xdd, 0x32, 0x1f, 0x11, 0x59, 0x11, 0x59, 
	0x19, 0x59, 0x21, 0x9b, 0x19, 0x59, 0x11, 0x59, 
	0x11, 0x59, 0x11, 0x59, 0x19, 0x19, 0x19, 0x19, 
	0x19, 0x19, 0x19, 0x19, 0x19, 0x19, 0x19, 0x19, 
	0x19, 0x19, 0x19, 0x19, 0x19, 0x19, 0x19, 0x19, 
	0x19, 0x17, 0x19, 0x17, 0x19, 0x17, 0x19, 0x17, 
	0x11, 0x17, 0x19, 0x17, 0x11, 0x15, 0x19, 0x55, 
	0x19, 0x55, 0x42, 0x5d, 0x21, 0x99, 0x19, 0x57, 
	0x42, 0xa1, 0x19, 0x57, 0x19, 0x57, 0x19, 0x17, 
	0x19, 0x17, 0x21, 0x99, 0x3a, 0x5f, 0x19, 0x59, 
	0x19, 0x59, 0x19, 0x59, 0x19, 0x59, 0x29, 0xdb, 
	0x19, 0x57, 0x19, 0x57, 0x19, 0x57, 0x19, 0x57, 
	0x19, 0x57, 0x19, 0x57, 0x21, 0x99, 0x19, 0x57, 
	0x19, 0x57, 0x19, 0x55, 0x11, 0x15, 0x11, 0x15, 
	0x11, 0x15, 0x11, 0x15, 0x19, 0x55, 0x19, 0x57, 
	0x19, 0x55, 0x19, 0x55, 0x21, 0x97, 0x11, 0x15, 
	0x11, 0x15, 0x19, 0x15, 0x19, 0x55, 0x19, 0x55, 
	0x21, 0x97, 0x11, 0x15, 0x19, 0x55, 0x3a, 0x5d, 
	0x19, 0x15, 0x19, 0x15, 0x11, 0x15, 0x11, 0x13, 
	0x19, 0x15, 0x19, 0x13, 0x11, 0x15, 0x19, 0x15, 
	0x11, 0x15, 0x19, 0x55, 0x19, 0x15, 0x19, 0x15, 
	0x11, 0x15, 0x29, 0x97, 0x11, 0x13, 0x11, 0x13, 
	0x19, 0x55, 0x11, 0x13, 0x11, 0x13, 0x11, 0x13, 
	0x11, 0x13, 0x11, 0x13, 0x11, 0x13, 0x19, 0x13, 
	0x11, 0x13, 0x11, 0x13, 0x19, 0x55, 0x11, 0x13, 
	0x19, 0x13, 0x11, 0x13, 0x11, 0x13, 0x11, 0x13, 
	0x11, 0x13, 0x19, 0x15, 0x11, 0x13, 0x19, 0x15, 
	0x11, 0x15, 0x11, 0x15, 0x19, 0x15, 0x11, 0x15, 
	0x29, 0xd9, 0x19, 0x15, 0x19, 0x57, 0x21, 0x99, 
	0x11, 0x15, 0x19, 0x15, 0x19, 0x15, 0x19, 0x15, 
	0x21, 0x57, 0x29, 0x99, 0x19, 0x17, 0x19, 0x17, 
	0x19, 0x17, 0x19, 0x17, 0x21, 0x17, 0x21, 0x19, 
	0x21, 0x5b, 0x29, 0x1d, 0x29, 0x5d, 0x29, 0x5f, 
	0x31, 0xa1, 0x29, 0x5f, 0x29, 0x5f, 0x39, 0xa1, 
	0x31, 0x61, 0x31, 0x61, 0x31, 0x61, 0x31, 0x61, 
	0x39, 0xa3, 0x39, 0xa3, 0x4a, 0x27, 0x31, 0x63, 
	0x31, 0x63, 0x31, 0x63, 0x31, 0x61, 0x39, 0x63, 
	0x39, 0x63, 0x4a, 0x27, 0x31, 0xa3, 0x39, 0xa5, 
	0x31, 0x61, 0x31, 0x61, 0x31, 0x63, 0x41, 0xe5, 
	0x39, 0xa5, 0x31, 0x63, 0x31, 0x63, 0x31, 0x65, 
	0x39, 0x67, 0x41, 0xa7, 0x49, 0xeb, 0x41, 0xa9, 
	0x41, 0xa9, 0x49, 0xa9, 0x41, 0xa9, 0x49, 0xeb, 
	0x49, 0xed, 0x52, 0x2f, 0x49, 0xef, 0x49, 0xef, 
	0x49, 0xef, 0x49, 0xef, 0x49, 0xed, 0x49, 0xed, 
	0x49, 0xed, 0x41, 0xab, 0x41, 0xab, 0x49, 0xeb, 
	0x49, 0xed, 0x5a, 0xaf, 0x52, 0x6f, 0x4a, 0x2f, 
	0x41, 0xef, 0x41, 0xad, 0x41, 0xad, 0x39, 0xa9, 
	0x39, 0xab, 0x41, 0xeb, 0x39, 0xab, 0x39, 0xab, 
	0x4a, 0x2b, 0x31, 0xa5, 0x29, 0x65, 0x29, 0x63, 
	0x21, 0x61, 0x21, 0x5f, 0x19, 0x5f, 0x29, 0xe1, 
	0x19, 0x5d, 0x19, 0x5b, 0x19, 0x5b, 0x11, 0x59, 
	0x11, 0x59, 0x11, 0x59, 0x11, 0x59, 0x19, 0x9b, 
	0x19, 0x59, 0x11, 0x59, 0x19, 0x5b, 0x19, 0x59, 
	0x19, 0x59, 0x19, 0x59, 0x11, 0x59, 0x11, 0x59, 
	0x11, 0x59, 0x11, 0x59, 0x19, 0x59, 0x19, 0x9b, 
	0x11, 0x59, 0x19, 0x9b, 0x19, 0x59, 0x19, 0x59, 
	0x11, 0x59, 0x11, 0x59, 0x11, 0x59, 0x11, 0x59, 
	0x11, 0x59, 0x21, 0x9b, 0x19, 0x59, 0x19, 0x9b, 
	0x19, 0x59, 0x19, 0x59, 0x19, 0x59, 0x11, 0x59, 
	0x11, 0x59, 0x19, 0x59, 0x19, 0x59, 0x11, 0x59, 
	0x11, 0x59, 0x11, 0x59, 0x19, 0x59, 0x19, 0x59, 
	0x19, 0x9b, 0x11, 0x59, 0x11, 0x59, 0x11, 0x59, 
	0x11, 0x59, 0x19, 0x59, 0x19, 0x59, 0x11, 0x59, 
	0x11, 0x59, 0x19, 0x5b, 0x19, 0x9b, 0x19, 0x9b, 
	0x11, 0x59, 0x19, 0x5b, 0x19, 0x9b, 0x11, 0x59, 
	0x11, 0x59, 0x11, 0x59, 0x11, 0x59, 0x11, 0x59, 
	0x11, 0x59, 0x11, 0x59, 0x19, 0x19, 0x19, 0x59, 
	0x19, 0x19, 0x19, 0x19, 0x19, 0x19, 0x19, 0x19, 
	0x19, 0x19, 0x19, 0x59, 0x19, 0x19, 0x19, 0x19, 
	0x19, 0x17, 0x19, 0x57, 0x21, 0x59, 0x19, 0x17, 
	0x19, 0x17, 0x19, 0x17, 0x11, 0x15, 0x11, 0x15, 
	0x19, 0x55, 0x19, 0x55, 0x19, 0x57, 0x11, 0x17, 
	0x21, 0x99, 0x19, 0x59, 0x19, 0x17, 0x19, 0x17, 
	0x19, 0x59, 0x19, 0x59, 0x21, 0x9b, 0x19, 0x59, 
	0x19, 0x59, 0x19, 0x59, 0x21, 0x9b, 0x19, 0x57, 
	0x19, 0x57, 0x21, 0x99, 0x19, 0x57, 0x19, 0x55, 
	0x19, 0x55, 0x19, 0x57, 0x11, 0x15, 0x19, 0x55, 
	0x21, 0x97, 0x11, 0x15, 0x11, 0x15, 0x19, 0x55, 
	0x19, 0x55, 0x19, 0x57, 0x19, 0x55, 0x19, 0x57, 
	0x11, 0x15, 0x19, 0x55, 0x11, 0x15, 0x11, 0x15, 
	0x11, 0x15, 0x11, 0x15, 0x11, 0x15, 0x11, 0x15, 
	0x19, 0x55, 0x19, 0x55, 0x19, 0x15, 0x11, 0x15, 
	0x21, 0x97, 0x19, 0x15, 0x11, 0x15, 0x11, 0x15, 
	0x19, 0x15, 0x11, 0x13, 0x11, 0x13, 0x19, 0x15, 
	0x11, 0x15, 0x19, 0x15, 0x21, 0x57, 0x19, 0x15, 
	0x19, 0x15, 0x31, 0xd9, 0x11, 0x13, 0x19, 0x15, 
	0x19, 0x15, 0x19, 0x15, 0x19, 0x55, 0x19, 0x55, 
	0x11, 0x13, 0x11, 0x13, 0x19, 0x13, 0x19, 0x15, 
	0x19, 0x13, 0x11, 0x13, 0x11, 0x13, 0x11, 0x13, 
	0x19, 0x13, 0x19, 0x13, 0x19, 0x13, 0x19, 0x13, 
	0x3a, 0x1b, 0x19, 0x55, 0x19, 0x55, 0x11, 0x15, 
	0x11, 0x15, 0x19, 0x15, 0x19, 0x15, 0x11, 0x15, 
	0x19, 0x15, 0x19, 0x15, 0x31, 0xdb, 0x19, 0x17, 
	0x19, 0x57, 0x19, 0x17, 0x19, 0x15, 0x21, 0x57, 
	0x19, 0x15, 0x21, 0x59, 0x21, 0x57, 0x21, 0x59, 
	0x21, 0x59, 0x21, 0x59, 0x21, 0x17, 0x21, 0x19, 
	0x21, 0x1b, 0x21, 0x1b, 0x29, 0x5d, 0x31, 0x5f, 
	0x31, 0x5f, 0x31, 0x5f, 0x41, 0xe3, 0x31, 0x61, 
	0x31, 0x5f, 0x31, 0x61, 0x31, 0x61, 0x39, 0xa1, 
	0x39, 0xa3, 0x41, 0xe7, 0x31, 0x63, 0x31, 0x63, 
	0x31, 0x63, 0x31, 0x63, 0x31, 0x61, 0x39, 0x61, 
	0x31, 0x61, 0x39, 0xa5, 0x31, 0xa3, 0x39, 0xa3, 
	0x31, 0x63, 0x31, 0x63, 0x39, 0xa5, 0x39, 0xa5, 
	0x31, 0x63, 0x31, 0x61, 0x31, 0x61, 0x31, 0x63, 
	0x39, 0x65, 0x41, 0xa7, 0x41, 0xa9, 0x41, 0xab, 
	0x49, 0xeb, 0x41, 0xa9, 0x49, 0xa9, 0x49, 0xeb, 
	0x49, 0xed, 0x49, 0xed, 0x49, 0xef, 0x49, 0xef, 
	0x52, 0x31, 0x5a, 0x71, 0x49, 0xed, 0x49, 0xed, 
	0x49, 0xed, 0x41, 0xab, 0x41, 0xab, 0x49, 0xed, 
	0x49, 0xed, 0x4a, 0x2d, 0x49, 0xed, 0x49, 0xef, 
	0x41, 0xef, 0x49, 0xed, 0x41, 0xab, 0x41, 0xa9, 
	0x41, 0xa9, 0x41, 0xab, 0x41, 0xed, 0x41, 0xeb, 
	0x31, 0xa7, 0x31, 0xa7, 0x29, 0x65, 0x29, 0x65, 
	0x29, 0x63, 0x21, 0x61, 0x19, 0x5f, 0x19, 0x5d, 
	0x19, 0x5d, 0x19, 0x5b, 0x21, 0x9d, 0x19, 0x5b, 
	0x19, 0x59, 0x11, 0x59, 0x19, 0x59, 0x19, 0x59, 
	0x21, 0x9b, 0x19, 0x9b, 0x19, 0x9b, 0x19, 0x59, 
	0x19, 0x5b, 0x19, 0x59, 0x21, 0xdd, 0x11, 0x59, 
	0x19, 0x59, 0x11, 0x59, 0x21, 0x9b, 0x21, 0x9b, 
	0x2a, 0x1d, 0x19, 0x59, 0x19, 0x59, 0x11, 0x59, 
	0x11, 0x59, 0x21, 0xdb, 0x11, 0x59, 0x19, 0x59, 
	0x19, 0x9b, 0x19, 0x59, 0x19, 0x59, 0x19, 0x59, 
	0x21, 0x9b, 0x21, 0x9b, 0x11, 0x59, 0x19, 0x59, 
	0x32, 0x1f, 0x29, 0xdd, 0x11, 0x59, 0x11, 0x59, 
	0x19, 0x9b, 0x19, 0x59, 0x19, 0x9b, 0x19, 0x5b, 
	0x11, 0x59, 0x11, 0x59, 0x19, 0x59, 0x11, 0x59, 
	0x11, 0x59, 0x19, 0x5b, 0x19, 0x5b, 0x19, 0x59, 
	0x11, 0x59, 0x19, 0x59, 0x19, 0x59, 0x21, 0x9b, 
	0x19, 0x59, 0x11, 0x59, 0x11, 0x59, 0x11, 0x59, 
	0x11, 0x59, 0x11, 0x59, 0x11, 0x59, 0x21, 0x9b, 
	0x19, 0x59, 0x19, 0x59, 0x19, 0x19, 0x19, 0x19, 
	0x19, 0x19, 0x19, 0x19, 0x19, 0x19, 0x19, 0x19, 
	0x19, 0x19, 0x19, 0x59, 0x19, 0x19, 0x19, 0x59, 
	0x11, 0x17, 0x19, 0x57, 0x19, 0x57, 0x11, 0x17, 
	0x19, 0x57, 0x19, 0x57, 0x19, 0x57, 0x19, 0x57, 
	0x19, 0x57, 0x19, 0x17, 0x11, 0x17, 0x11, 0x17, 
	0x19, 0x59, 0x19, 0x59, 0x19, 0x57, 0x19, 0x57, 
	0x19, 0x59, 0x19, 0x19, 0x19, 0x19, 0x19, 0x59, 
	0x19, 0x59, 0x19, 0x59, 0x11, 0x17, 0x19, 0x57, 
	0x19, 0x57, 0x21, 0x59, 0x19, 0x15, 0x21, 0x97, 
	0x3a, 0x5d, 0x19, 0x57, 0x11, 0x15, 0x11, 0x15, 
	0x11, 0x15, 0x11, 0x15, 0x19, 0x57, 0x19, 0x57, 
	0x19, 0x55, 0x19, 0x57, 0x19, 0x55, 0x19, 0x55, 
	0x19, 0x55, 0x11, 0x15, 0x11, 0x15, 0x11, 0x15, 
	0x11, 0x15, 0x19, 0x55, 0x19, 0x55, 0x19, 0x55, 
	0x11, 0x15, 0x11, 0x15, 0x11, 0x15, 0x19, 0x15, 
	0x21, 0x97, 0x19, 0x15, 0x19, 0x15, 0x11, 0x13, 
	0x21, 0x55, 0x11, 0x13, 0x11, 0x15, 0x11, 0x15, 
	0x19, 0x15, 0x11, 0x15, 0x21, 0x55, 0x19, 0x15, 
	0x11, 0x13, 0x11, 0x13, 0x11, 0x13, 0x11, 0x13, 
	0x11, 0x13, 0x19, 0x15, 0x19, 0x15, 0x19, 0x15, 
	0x21, 0x55, 0x11, 0x13, 0x11, 0x13, 0x11, 0x13, 
	0x19, 0x15, 0x19, 0x55, 0x19, 0x13, 0x19, 0x13, 
	0x19, 0x13, 0x19, 0x15, 0x19, 0x13, 0x11, 0x13, 
	0x31, 0xd9, 0x19, 0x15, 0x19, 0x15, 0x19, 0x15, 
	0x19, 0x15, 0x19, 0x15, 0x19, 0x15, 0x19, 0x15, 
	0x19, 0x15, 0x19, 0x15, 0x11, 0x17, 0x11, 0x17, 
	0x21, 0x59, 0x42, 0x5f, 0x19, 0x15, 0x19, 0x17, 
	0x19, 0x15, 0x19, 0x17, 0x19, 0x17, 0x19, 0x57, 
	0x21, 0x57, 0x21, 0x59, 0x21, 0x19, 0x29, 0x5b, 
	0x21, 0x5b, 0x21, 0x5b, 0x29, 0x5d, 0x29, 0x5d, 
	0x31, 0x5f, 0x31, 0x5f, 0x39, 0xa1, 0x31, 0x61, 
	0x31, 0x61, 0x39, 0x61, 0x31, 0x61, 0x31, 0x61, 
	0x31, 0x61, 0x31, 0x63, 0x31, 0x63, 0x31, 0x63, 
	0x31, 0x63, 0x31, 0x63, 0x39, 0x63, 0x39, 0x61, 
	0x39, 0x61, 0x39, 0x63, 0x39, 0xa3, 0x31, 0xa3, 
	0x41, 0xe7, 0x39, 0xa5, 0x39, 0xa5, 0x39, 0xa5, 
	0x31, 0x63, 0x29, 0x61, 0x31, 0x61, 0x31, 0x63, 
	0x39, 0xa5, 0x39, 0x67, 0x49, 0xeb, 0x49, 0xab, 
	0x49, 0xab, 0x41, 0xab, 0x41, 0xa9, 0x41, 0xeb, 
	0x4a, 0x2f, 0x49, 0xef, 0x49, 0xef, 0x49, 0xef, 
	0x49, 0xef, 0x62, 0xb3, 0x49, 0xed, 0x41, 0xed, 
	0x41, 0xeb, 0x62, 0xb1, 0x41, 0xab, 0x41, 0xed, 
	0x49, 0xed, 0x49, 0xed, 0x49, 0xed, 0x49, 0xf1, 
	0x49, 0xb1, 0x49, 0xef, 0x41, 0xab, 0x41, 0xab, 
	0x41, 0xab, 0x41, 0xa9, 0x41, 0xab, 0x39, 0xa9, 
	0x31, 0xa7, 0x31, 0xa5, 0x29, 0xa5, 0x29, 0xa5, 
	0x29, 0xa5, 0x21, 0x61, 0x21, 0x61, 0x19, 0x5f, 
	0x3a, 0x63, 0x19, 0x5b, 0x19, 0x5b, 0x19, 0x59, 
	0x21, 0x9b, 0x19, 0x5b, 0x19, 0x59, 0x11, 0x59, 
	0x19, 0x59, 0x19, 0x59, 0x11, 0x59, 0x19, 0x5b, 
	0x19, 0x5b, 0x11, 0x59, 0x19, 0x59, 0x11, 0x59, 
	0x11, 0x59, 0x19, 0x9b, 0x19, 0x59, 0x11, 0x59, 
	0x3a, 0xa1, 0x11, 0x59, 0x19, 0x9b, 0x19, 0x59, 
	0x11, 0x59, 0x3a, 0x61, 0x19, 0x5b, 0x19, 0x59, 
	0x19, 0x59, 0x21, 0x9b, 0x19, 0x59, 0x11, 0x59, 
	0x11, 0x59, 0x21, 0xdd, 0x19, 0x59, 0x19, 0x59, 
	0x42, 0xa3, 0x21, 0x9b, 0x19, 0x59, 0x19, 0x59, 
	0x19, 0x9b, 0x19, 0x59, 0x21, 0x9b, 0x42, 0xa3, 
	0x19, 0x5b, 0x19, 0x5b, 0x32, 0x5f, 0x11, 0x59, 
	0x11, 0x59, 0x19, 0x9b, 0x19, 0x59, 0x11, 0x59, 
	0x19, 0x59, 0x11, 0x59, 0x11, 0x59, 0x19, 0x5b, 
	0x11, 0x59, 0x19, 0x59, 0x11, 0x59, 0x11, 0x59, 
	0x19, 0x59, 0x19, 0x59, 0x42, 0xa1, 0x19, 0x59, 
	0x19, 0x59, 0x19, 0x59, 0x19, 0x19, 0x19, 0x19, 
	0x19, 0x19, 0x19, 0x19, 0x19, 0x19, 0x19, 0x19, 
	0x19, 0x19, 0x19, 0x19, 0x19, 0x19, 0x19, 0x19, 
	0x11, 0x17, 0x19, 0x57, 0x19, 0x57, 0x11, 0x17, 
	0x11, 0x17, 0x11, 0x17, 0x11, 0x17, 0x19, 0x17, 
	0x19, 0x57, 0x19, 0x57, 0x21, 0x99, 0x19, 0x57, 
	0x19, 0x59, 0x19, 0x59, 0x19, 0x19, 0x19, 0x19, 
	0x29, 0xdb, 0x19, 0x19, 0x31, 0xdd, 0x32, 0x1d, 
	0x19, 0x19, 0x19, 0x59, 0x19, 0x57, 0x19, 0x57, 
	0x19, 0x57, 0x19, 0x57, 0x19, 0x57, 0x11, 0x15, 
	0x19, 0x55, 0x21, 0x57, 0x19, 0x55, 0x19, 0x55, 
	0x11, 0x15, 0x11, 0x15, 0x21, 0x97, 0x19, 0x57, 
	0x19, 0x57, 0x19, 0x55, 0x19, 0x57, 0x19, 0x15, 
	0x19, 0x57, 0x19, 0x57, 0x21, 0x99, 0x19, 0x15, 
	0x19, 0x57, 0x19, 0x55, 0x11, 0x15, 0x19, 0x55, 
	0x19, 0x57, 0x11, 0x15, 0x11, 0x15, 0x11, 0x15, 
	0x19, 0x15, 0x19, 0x15, 0x19, 0x15, 0x11, 0x15, 
	0x11, 0x15, 0x11, 0x13, 0x19, 0x55, 0x11, 0x15, 
	0x11, 0x15, 0x19, 0x55, 0x11, 0x13, 0x19, 0x15, 
	0x19, 0x15, 0x19, 0x15, 0x11, 0x13, 0x11, 0x13, 
	0x11, 0x13, 0x11, 0x13, 0x19, 0x15, 0x19, 0x15, 
	0x19, 0x13, 0x11, 0x13, 0x19, 0x15, 0x11, 0x13, 
	0x19, 0x13, 0x11, 0x13, 0x21, 0x55, 0x31, 0xd9, 
	0x19, 0x15, 0x21, 0x55, 0x21, 0x97, 0x11, 0x13, 
	0x11, 0x13, 0x3a, 0x1b, 0x19, 0x15, 0x19, 0x15, 
	0x19, 0x15, 0x19, 0x15, 0x19, 0x15, 0x19, 0x15, 
	0x19, 0x15, 0x19, 0x15, 0x11, 0x17, 0x19, 0x57, 
	0x19, 0x57, 0x21, 0x57, 0x19, 0x17, 0x19, 0x15, 
	0x19, 0x15, 0x19, 0x17, 0x21, 0x59, 0x21, 0x57, 
	0x31, 0xdb, 0x19, 0x17, 0x19, 0x19, 0x21, 0x19, 
	0x29, 0x9b, 0x21, 0x5b, 0x29, 0x5d, 0x29, 0x1d, 
	0x41, 0xe3, 0x41, 0xe3, 0x31, 0x5f, 0x31, 0x61, 
	0x31, 0x61, 0x31, 0x61, 0x31, 0x61, 0x31, 0x61, 
	0x31, 0x61, 0x31, 0x63, 0x31, 0x63, 0x31, 0x63, 
	0x39, 0xa3, 0x39, 0xa3, 0x39, 0x63, 0x41, 0xa3, 
	0x39, 0x61, 0x39, 0x63, 0x39, 0x63, 0x39, 0xa5, 
	0x41, 0xe7, 0x41, 0xe7, 0x31, 0x65, 0x39, 0xa5, 
	0x31, 0x63, 0x29, 0x61, 0x39, 0xe3, 0x31, 0x63, 
	0x39, 0x63, 0x39, 0x65, 0x41, 0xa7, 0x41, 0xa9, 
	0x49, 0xeb, 0x41, 0xab, 0x41, 0xab, 0x41, 0xab, 
	0x49, 0xed, 0x49, 0xef, 0x49, 0xef, 0x49, 0xef, 
	0x49, 0xef, 0x52, 0x31, 0x52, 0x2f, 0x49, 0xed, 
	0x41, 0xab, 0x49, 0xed, 0x49, 0xed, 0x41, 0xab, 
	0x49, 0xed, 0x41, 0xed, 0x49, 0xed, 0x49, 0xaf, 
	0x41, 0xaf, 0x49, 0xed, 0x41, 0xab, 0x41, 0xab, 
	0x41, 0xa9, 0x39, 0x69, 0x41, 0xab, 0x39, 0xa7, 
	0x31, 0xa7, 0x31, 0xa7, 0x31, 0xa7, 0x31, 0xa5, 
	0x29, 0xa5, 0x29, 0xa5, 0x21, 0x61, 0x19, 0x5f, 
	0x29, 0xe1, 0x19, 0x5b, 0x21, 0x9d, 0x19, 0x59, 
	0x19, 0x5b, 0x11, 0x59, 0x19, 0x9b, 0x11, 0x59, 
	0x19, 0x5b, 0x11, 0x59, 0x21, 0x9b, 0x2a, 0x1d, 
	0x19, 0x9b, 0x19, 0x59, 0x11, 0x59, 0x11, 0x59, 
	0x11, 0x59, 0x11, 0x59, 0x19, 0x59, 0x11, 0x59, 
	0x19, 0x59, 0x19, 0x9b, 0x19, 0x59, 0x19, 0x59, 
	0x11, 0x59, 0x19, 0x9b, 0x19, 0x59, 0x11, 0x59, 
	0x19, 0x59, 0x19, 0x59, 0x11, 0x59, 0x11, 0x59, 
	0x19, 0x59, 0x21, 0x9b, 0x3a, 0x5f, 0x19, 0x59, 
	0x19, 0x59, 0x19, 0x59, 0x19, 0x59, 0x19, 0x59, 
	0x19, 0x59, 0x19, 0x59, 0x19, 0x5b, 0x19, 0x9b, 
	0x19, 0x9b, 0x19, 0x59, 0x19, 0x59, 0x19, 0x59, 
	0x19, 0x5b, 0x19, 0x59, 0x21, 0x9b, 0x19, 0x9b, 
	0x19, 0x59, 0x19, 0x59, 0x11, 0x59, 0x11, 0x59, 
	0x11, 0x59, 0x21, 0x9b, 0x11, 0x59, 0x19, 0x59, 
	0x19, 0x59, 0x19, 0x59, 0x19, 0x59, 0x19, 0x59, 
	0x19, 0x59, 0x19, 0x59, 0x19, 0x19, 0x19, 0x19, 
	0x19, 0x19, 0x19, 0x19, 0x19, 0x19, 0x19, 0x19, 
	0x19, 0x19, 0x19, 0x19, 0x19, 0x19, 0x19, 0x19, 
	0x11, 0x17, 0x19, 0x57, 0x19, 0x57, 0x19, 0x57, 
	0x19, 0x57, 0x11, 0x17, 0x11, 0x17, 0x11, 0x17, 
	0x11, 0x17, 0x21, 0x99, 0x42, 0x5f, 0x21, 0x59, 
	0x21, 0x9b, 0x19, 0x19, 0x19, 0x59, 0x19, 0x19, 
	0x19, 0x59, 0x19, 0x19, 0x19, 0x19, 0x19, 0x59, 
	0x19, 0x19, 0x19, 0x19, 0x19, 0x57, 0x19, 0x59, 
	0x19, 0x57, 0x19, 0x57, 0x29, 0xd9, 0x21, 0x99, 
	0x19, 0x57, 0x19, 0x55, 0x21, 0x99, 0x19, 0x55, 
	0x19, 0x55, 0x21, 0x97, 0x19, 0x55, 0x19, 0x55, 
	0x19, 0x15, 0x19, 0x17, 0x19, 0x17, 0x19, 0x17, 
	0x19, 0x57, 0x19, 0x57, 0x19, 0x57, 0x29, 0x99, 
	0x19, 0x55, 0x19, 0x55, 0x21, 0x57, 0x19, 0x55, 
	0x19, 0x55, 0x11, 0x15, 0x19, 0x55, 0x19, 0x15, 
	0x19, 0x15, 0x19, 0x15, 0x19, 0x15, 0x19, 0x15, 
	0x11, 0x15, 0x11, 0x15, 0x21, 0x57, 0x19, 0x15, 
	0x19, 0x15, 0x63, 0x63, 0x19, 0x15, 0x11, 0x13, 
	0x19, 0x15, 0x19, 0x15, 0x19, 0x15, 0x19, 0x15, 
	0x19, 0x15, 0x11, 0x13, 0x11, 0x13, 0x11, 0x13, 
	0x19, 0x55, 0x11, 0x13, 0x19, 0x55, 0x19, 0x55, 
	0x19, 0x15, 0x19, 0x13, 0x19, 0x13, 0x11, 0x13, 
	0x19, 0x13, 0x19, 0x15, 0x21, 0x97, 0x19, 0x55, 
	0x19, 0x15, 0x4a, 0x9d, 0x19, 0x15, 0x19, 0x15, 
	0x19, 0x15, 0x19, 0x15, 0x32, 0x1b, 0x19, 0x55, 
	0x19, 0x15, 0x19, 0x15, 0x19, 0x57, 0x11, 0x15, 
	0x11, 0x15, 0x19, 0x57, 0x19, 0x57, 0x19, 0x15, 
	0x19, 0x15, 0x19, 0x15, 0x21, 0x59, 0x3a, 0x1b, 
	0x19, 0x17, 0x21, 0x59, 0x21, 0x19, 0x21, 0x19, 
	0x21, 0x19, 0x21, 0x5b, 0x29, 0x5d, 0x31, 0x9f, 
	0x31, 0xa1, 0x31, 0x5f, 0x31, 0x5f, 0x39, 0xa1, 
	0x31, 0x61, 0x31, 0x61, 0x31, 0x61, 0x31, 0x61, 
	0x31, 0x63, 0x31, 0x63, 0x31, 0xa3, 0x39, 0x63, 
	0x39, 0xa5, 0x39, 0xa3, 0x39, 0x63, 0x39, 0x61, 
	0x39, 0x61, 0x39, 0x63, 0x39, 0x63, 0x39, 0xa5, 
	0x39, 0x65, 0x39, 0x65, 0x39, 0xa5, 0x31, 0x65, 
	0x41, 0xe7, 0x31, 0x63, 0x31, 0x61, 0x39, 0xa3, 
	0x31, 0x63, 0x39, 0x65, 0x41, 0xa7, 0x41, 0xa7, 
	0x41, 0xa7, 0x41, 0xa9, 0x41, 0xa9, 0x41, 0xab, 
	0x41, 0xab, 0x41, 0xed, 0x49, 0xed, 0x49, 0xed, 
	0x52, 0x71, 0x49, 0xed, 0x49, 0xed, 0x51, 0xef, 
	0x49, 0xed, 0x41, 0xab, 0x41, 0xab, 0x49, 0xed, 
	0x41, 0xab, 0x41, 0xed, 0x49, 0xed, 0x49, 0xef, 
	0x41, 0xad, 0x41, 0xad, 0x49, 0xeb, 0x52, 0x2f, 
	0x41, 0xa9, 0x39, 0xa9, 0x41, 0xa9, 0x39, 0xa7, 
	0x39, 0xa7, 0x31, 0xa7, 0x31, 0xa7, 0x31, 0xa5, 
	0x29, 0xa5, 0x29, 0xa5, 0x29, 0xa3, 0x21, 0x61, 
	0x19, 0x5d, 0x19, 0x5d, 0x19, 0x5b, 0x19, 0x5b, 
	0x19, 0x59, 0x11, 0x59, 0x19, 0x9b, 0x11, 0x59, 
	0x11, 0x59, 0x19, 0x59, 0x19, 0x5b, 0x19, 0x9b, 
	0x11, 0x5b, 0x11, 0x59, 0x11, 0x59, 0x19, 0x9b, 
	0x11, 0x59, 0x19, 0x59, 0x19, 0x59, 0x19, 0x59, 
	0x19, 0x5b, 0x19, 0x9b, 0x19, 0x59, 0x19, 0x59, 
	0x19, 0x9b, 0x11, 0x59, 0x21, 0xdd, 0x19, 0x5b, 
	0x11, 0x59, 0x19, 0x59, 0x19, 0x5b, 0x19, 0x5b, 
	0x21, 0x9b, 0x19, 0x59, 0x29, 0xdd, 0x11, 0x59, 
	0x19, 0x59, 0x21, 0x9b, 0x21, 0x9b, 0x11, 0x59, 
	0x19, 0x59, 0x11, 0x59, 0x11, 0x59, 0x11, 0x59, 
	0x19, 0x59, 0x11, 0x59, 0x11, 0x59, 0x11, 0x59, 
	0x11, 0x59, 0x19, 0x5b, 0x11, 0x59, 0x21, 0x9b, 
	0x19, 0x59, 0x19, 0x59, 0x21, 0x9b, 0x11, 0x59, 
	0x19, 0x59, 0x11, 0x59, 0x11, 0x59, 0x19, 0x59, 
	0x19, 0x59, 0x21, 0x59, 0x19, 0x19, 0x19, 0x59, 
	0x19, 0x59, 0x19, 0x59, 0x19, 0x59, 0x19, 0x59, 
	0x19, 0x19, 0x19, 0x19, 0x19, 0x19, 0x19, 0x19, 
	0x19, 0x19, 0x19, 0x19, 0x21, 0x9b, 0x29, 0x9b, 
	0x19, 0x17, 0x11, 0x17, 0x11, 0x17, 0x11, 0x17, 
	0x19, 0x57, 0x19, 0x57, 0x11, 0x17, 0x11, 0x17, 
	0x19, 0x19, 0x19, 0x19, 0x19, 0x59, 0x19, 0x59, 
	0x19, 0x59, 0x19, 0x59, 0x19, 0x59, 0x11, 0x19, 
	0x19, 0x19, 0x19, 0x59, 0x19, 0x19, 0x19, 0x19, 
	0x19, 0x59, 0x19, 0x59, 0x19, 0x59, 0x19, 0x59, 
	0x19, 0x17, 0x19, 0x57, 0x3a, 0x1d, 0x19, 0x57, 
	0x19, 0x55, 0x21, 0x97, 0x19, 0x55, 0x19, 0x57, 
	0x11, 0x15, 0x19, 0x57, 0x19, 0x57, 0x19, 0x57, 
	0x19, 0x17, 0x19, 0x17, 0x19, 0x17, 0x19, 0x17, 
	0x19, 0x57, 0x19, 0x59, 0x19, 0x57, 0x21, 0x57, 
	0x21, 0x57, 0x19, 0x55, 0x19, 0x55, 0x19, 0x55, 
	0x6b, 0xa5, 0x11, 0x15, 0x11, 0x15, 0x11, 0x15, 
	0x11, 0x15, 0x11, 0x15, 0x11, 0x15, 0x29, 0xd9, 
	0x19, 0x55, 0x11, 0x15, 0x19, 0x15, 0x19, 0x15, 
	0x19, 0x15, 0x31, 0xd9, 0x19, 0x15, 0x19, 0x55, 
	0x19, 0x15, 0x19, 0x15, 0x19, 0x15, 0x19, 0x55, 
	0x19, 0x15, 0x19, 0x15, 0x11, 0x15, 0x11, 0x15, 
	0x11, 0x13, 0x19, 0x15, 0x19, 0x55, 0x19, 0x15, 
	0x19, 0x15, 0x19, 0x15, 0x19, 0x15, 0x19, 0x55, 
	0x11, 0x13, 0x19, 0x15, 0x32, 0x1b, 0x19, 0x15, 
	0x19, 0x15, 0x19, 0x55, 0x19, 0x55, 0x19, 0x15, 
	0x11, 0x15, 0x11, 0x13, 0x21, 0x55, 0x19, 0x55, 
	0x21, 0x97, 0x19, 0x15, 0x19, 0x17, 0x11, 0x15, 
	0x11, 0x15, 0x19, 0x17, 0x19, 0x17, 0x19, 0x15, 
	0x19, 0x15, 0x19, 0x15, 0x19, 0x17, 0x19, 0x17, 
	0x19, 0x17, 0x19, 0x17, 0x21, 0x17, 0x21, 0x59, 
	0x21, 0x19, 0x21, 0x1b, 0x31, 0x5d, 0x29, 0x5d, 
	0x29, 0x5f, 0x29, 0x5f, 0x29, 0x5f, 0x29, 0x5f, 
	0x31, 0x61, 0x31, 0x61, 0x31, 0x61, 0x31, 0x61, 
	0x31, 0x63, 0x31, 0x63, 0x39, 0xa5, 0x39, 0x63, 
	0x41, 0xa5, 0x39, 0xa3, 0x39, 0x63, 0x39, 0x61, 
	0x41, 0xa3, 0x39, 0x63, 0x39, 0xa5, 0x49, 0xe7, 
	0x39, 0xa5, 0x39, 0x65, 0x39, 0xa7, 0x31, 0x65, 
	0x39, 0xa5, 0x31, 0xa3, 0x39, 0xe3, 0x39, 0xa3, 
	0x31, 0x63, 0x39, 0x65, 0x39, 0x65, 0x41, 0xa5, 
	0x73, 0x6f, 0x41, 0xa7, 0x39, 0xa9, 0x41, 0xa9, 
	0x41, 0xab, 0x41, 0xab, 0x41, 0xab, 0x41, 0xeb, 
	0x41, 0xeb, 0x49, 0xed, 0x49, 0xed, 0x52, 0x2f, 
	0x49, 0xed, 0x49, 0xed, 0x41, 0xab, 0x49, 0xed, 
	0x41, 0xad, 0x52, 0x2f, 0x49, 0xef, 0x49, 0xed, 
	0x41, 0xad, 0x41, 0xad, 0x41, 0xab, 0x4a, 0x2d, 
	0x41, 0xab, 0x41, 0xa9, 0x41, 0xa9, 0x39, 0xa9, 
	0x39, 0xe9, 0x31, 0xa7, 0x39, 0xe7, 0x31, 0xa7, 
	0x29, 0x65, 0x29, 0x65, 0x31, 0xe5, 0x21, 0x61, 
	0x21, 0x5f, 0x21, 0x9d, 0x19, 0x5b, 0x19, 0x5b, 
	0x19, 0x5b, 0x19, 0x59, 0x21, 0x9b, 0x21, 0x9b, 
	0x21, 0x9d, 0x11, 0x5b, 0x11, 0x5b, 0x19, 0x5b, 
	0x11, 0x5b, 0x19, 0x5b, 0x19, 0x9b, 0x19, 0x9b, 
	0x11, 0x59, 0x19, 0x59, 0x19, 0x9b, 0x19, 0x59, 
	0x11, 0x59, 0x19, 0x59, 0x19, 0x59, 0x11, 0x59, 
	0x19, 0x59, 0x19, 0x59, 0x11, 0x59, 0x11, 0x59, 
	0x19, 0x9b, 0x19, 0x9b, 0x19, 0x59, 0x11, 0x59, 
	0x21, 0xdb, 0x19, 0x59, 0x19, 0x59, 0x19, 0x59, 
	0x19, 0x59, 0x32, 0x1d, 0x63, 0xa7, 0x19, 0x59, 
	0x19, 0x59, 0x11, 0x59, 0x19, 0x59, 0x11, 0x59, 
	0x11, 0x59, 0x11, 0x59, 0x19, 0x59, 0x19, 0x59, 
	0x11, 0x59, 0x19, 0x9b, 0x19, 0x9b, 0x19, 0x59, 
	0x11, 0x59, 0x11, 0x59, 0x21, 0xdd, 0x11, 0x59, 
	0x19, 0x59, 0x19, 0x9b, 0x11, 0x59, 0x11, 0x59, 
	0x11, 0x59, 0x19, 0x59, 0x19, 0x59, 0x19, 0x59, 
	0x19, 0x59, 0x19, 0x59, 0x19, 0x59, 0x19, 0x59, 
	0x19, 0x59, 0x19, 0x59, 0x19, 0x19, 0x19, 0x19, 
	0x21, 0x9b, 0x19, 0x59, 0x19, 0x19, 0x29, 0xdd, 
	0x11, 0x57, 0x19, 0x57, 0x19, 0x57, 0x42, 0x5f, 
	0x19, 0x59, 0x21, 0x9b, 0x11, 0x17, 0x19, 0x59, 
	0x19, 0x59, 0x19, 0x19, 0x19, 0x59, 0x19, 0x19, 
	0x19, 0x59, 0x19, 0x19, 0x19, 0x19, 0x19, 0x19, 
	0x19, 0x19, 0x19, 0x59, 0x21, 0x5b, 0x19, 0x59, 
	0x19, 0x59, 0x19, 0x19, 0x19, 0x59, 0x19, 0x59, 
	0x21, 0x59, 0x21, 0x9b, 0x11, 0x57, 0x11, 0x55, 
	0x19, 0x55, 0x19, 0x57, 0x19, 0x57, 0x19, 0x15, 
	0x11, 0x15, 0x11, 0x17, 0x19, 0x17, 0x19, 0x57, 
	0x19, 0x57, 0x11, 0x17, 0x11, 0x17, 0x19, 0x59, 
	0x21, 0x99, 0x19, 0x57, 0x19, 0x57, 0x21, 0x99, 
	0x19, 0x55, 0x19, 0x55, 0x11, 0x15, 0x11, 0x15, 
	0x11, 0x15, 0x11, 0x15, 0x21, 0x57, 0x11, 0x15, 
	0x11, 0x15, 0x11, 0x15, 0x11, 0x15, 0x11, 0x15, 
	0x11, 0x15, 0x19, 0x55, 0x19, 0x15, 0x19, 0x15, 
	0x19, 0x15, 0x21, 0x57, 0x19, 0x55, 0x21, 0x57, 
	0x19, 0x15, 0x19, 0x15, 0x19, 0x55, 0x21, 0x57, 
	0x19, 0x55, 0x19, 0x15, 0x21, 0x97, 0x19, 0x15, 
	0x11, 0x15, 0x19, 0x15, 0x29, 0xd9, 0x19, 0x55, 
	0x19, 0x15, 0x19, 0x55, 0x19, 0x15, 0x19, 0x55, 
	0x11, 0x15, 0x19, 0x55, 0x11, 0x15, 0x19, 0x15, 
	0x19, 0x15, 0x19, 0x55, 0x21, 0x57, 0x19, 0x55, 
	0x19, 0x15, 0x19, 0x15, 0x19, 0x55, 0x11, 0x13, 
	0x19, 0x13, 0x19, 0x15, 0x11, 0x15, 0x19, 0x17, 
	0x19, 0x17, 0x19, 0x17, 0x19, 0x17, 0x19, 0x15, 
	0x19, 0x15, 0x19, 0x15, 0x19, 0x15, 0x19, 0x15, 
	0x19, 0x17, 0x19, 0x17, 0x21, 0x59, 0x21, 0x17, 
	0x29, 0x5b, 0x31, 0x9d, 0x29, 0x5d, 0x39, 0x9f, 
	0x29, 0x5d, 0x29, 0x5f, 0x29, 0x5f, 0x29, 0x1f, 
	0x29, 0x5f, 0x42, 0x25, 0x31, 0x61, 0x31, 0x61, 
	0x31, 0x63, 0x39, 0x65, 0x39, 0xa5, 0x39, 0x63, 
	0x39, 0xa3, 0x39, 0x63, 0x39, 0x63, 0x39, 0x61, 
	0x39, 0x61, 0x39, 0x63, 0x39, 0xa5, 0x39, 0xa5, 
	0x39, 0xa5, 0x39, 0x65, 0x39, 0xa5, 0x39, 0xa7, 
	0x31, 0x65, 0x31, 0x63, 0x31, 0x61, 0x31, 0x63, 
	0x31, 0x63, 0x39, 0x65, 0x41, 0xa7, 0x41, 0xa7, 
	0x41, 0xa7, 0x41, 0xa9, 0x41, 0xa9, 0x41, 0xa9, 
	0x41, 0xa9, 0x41, 0xab, 0x41, 0xab, 0x41, 0xa9, 
	0x49, 0xeb, 0x49, 0xab, 0x49, 0xed, 0x52, 0x2f, 
	0x5a, 0x6f, 0x49, 0xed, 0x49, 0xab, 0x49, 0xed, 
	0x49, 0xed, 0x41, 0xed, 0x4a, 0x2f, 0x49, 0xed, 
	0x41, 0xed, 0x41, 0xad, 0x52, 0x2f, 0x41, 0xad, 
	0x41, 0xad, 0x41, 0xab, 0x41, 0xa9, 0x41, 0xa9, 
	0x39, 0xa9, 0x39, 0xa7, 0x31, 0xa7, 0x31, 0xa5, 
	0x29, 0xa5, 0x29, 0x65, 0x29, 0xa3, 0x21, 0x61, 
	0x21, 0x61, 0x21, 0x5d, 0x21, 0x9d, 0x21, 0x9d, 
	0x32, 0x21, 0x19, 0x5b, 0x19, 0x9b, 0x19, 0x59, 
	0x19, 0x5b, 0x11, 0x5b, 0x11, 0x5b, 0x19, 0x5b, 
	0x11, 0x5b, 0x19, 0x59, 0x11, 0x59, 0x21, 0x9b, 
	0x19, 0x9b, 0x19, 0x59, 0x19, 0x9b, 0x19, 0x59, 
	0x19, 0x5b, 0x19, 0x59, 0x11, 0x59, 0x11, 0x59, 
	0x11, 0x59, 0x19, 0x5b, 0x19, 0x59, 0x19, 0x9b, 
	0x19, 0x5b, 0x19, 0x9b, 0x21, 0xdd, 0x19, 0x59, 
	0x19, 0x59, 0x19, 0x59, 0x29, 0xdd, 0x19, 0x59, 
	0x19, 0x59, 0x19, 0x9b, 0x19, 0x9b, 0x19, 0x59, 
	0x19, 0x9b, 0x3a, 0x61, 0x19, 0x5b, 0x11, 0x59, 
	0x11, 0x59, 0x11, 0x59, 0x19, 0x59, 0x19, 0x9b, 
	0x29, 0xdd, 0x19, 0x59, 0x19, 0x59, 0x19, 0x9b, 
	0x19, 0x59, 0x11, 0x59, 0x19, 0x9b, 0x21, 0xdd, 
	0x11, 0x59, 0x19, 0x59, 0x11, 0x59, 0x11, 0x59, 
	0x19, 0x9b, 0x11, 0x59, 0x19, 0x59, 0x19, 0x59, 
	0x19, 0x59, 0x19, 0x59, 0x11, 0x59, 0x11, 0x59, 
	0x19, 0x59, 0x29, 0xdd, 0x19, 0x59, 0x19, 0x19, 
	0x19, 0x19, 0x19, 0x19, 0x19, 0x19, 0x19, 0x59, 
	0x21, 0x9b, 0x11, 0x57, 0x19, 0x59, 0x19, 0x59, 
	0x19, 0x57, 0x19, 0x57, 0x19, 0x57, 0x19, 0x59, 
	0x21, 0x5b, 0x19, 0x59, 0x19, 0x19, 0x19, 0x19, 
	0x21, 0x9b, 0x19, 0x19, 0x19, 0x19, 0x19, 0x59, 
	0x19, 0x59, 0x21, 0x59, 0x19, 0x59, 0x19, 0x59, 
	0x21, 0x9b, 0x19, 0x19, 0x19, 0x59, 0x21, 0x5b, 
	0x19, 0x59, 0x19, 0x57, 0x19, 0x57, 0x19, 0x55, 
	0x29, 0xd9, 0x29, 0x99, 0x11, 0x15, 0x19, 0x57, 
	0x19, 0x57, 0x19, 0x57, 0x19, 0x57, 0x19, 0x17, 
	0x19, 0x17, 0x19, 0x17, 0x19, 0x57, 0x19, 0x57, 
	0x19, 0x57, 0x21, 0x99, 0x11, 0x17, 0x19, 0x57, 
	0x19, 0x55, 0x11, 0x15, 0x19, 0x15, 0x11, 0x15, 
	0x11, 0x15, 0x21, 0x97, 0x19, 0x55, 0x11, 0x15, 
	0x11, 0x15, 0x11, 0x15, 0x19, 0x55, 0x19, 0x55, 
	0x11, 0x15, 0x11, 0x15, 0x19, 0x55, 0x19, 0x15, 
	0x19, 0x15, 0x19, 0x15, 0x19, 0x55, 0x19, 0x15, 
	0x19, 0x15, 0x19, 0x15, 0x11, 0x15, 0x19, 0x15, 
	0x21, 0x57, 0x19, 0x15, 0x21, 0x57, 0x19, 0x55, 
	0x19, 0x15, 0x19, 0x15, 0x21, 0x97, 0x19, 0x15, 
	0x11, 0x15, 0x19, 0x55, 0x19, 0x55, 0x19, 0x15, 
	0x19, 0x55, 0x21, 0x97, 0x19, 0x15, 0x32, 0x1b, 
	0x19, 0x15, 0x11, 0x15, 0x19, 0x55, 0x19, 0x55, 
	0x19, 0x15, 0x19, 0x55, 0x19, 0x55, 0x19, 0x15, 
	0x19, 0x15, 0x19, 0x15, 0x19, 0x15, 0x19, 0x57, 
	0x19, 0x57, 0x19, 0x57, 0x19, 0x17, 0x19, 0x15, 
	0x21, 0x57, 0x21, 0x57, 0x19, 0x15, 0x21, 0x57, 
	0x3a, 0x1d, 0x19, 0x17, 0x19, 0x17, 0x21, 0x17, 
	0x29, 0x9b, 0x39, 0xdf, 0x29, 0x1b, 0x29, 0x1d, 
	0x29, 0x1d, 0x29, 0x5d, 0x29, 0x5f, 0x29, 0x1f, 
	0x29, 0x61, 0x31, 0x63, 0x39, 0xa5, 0x31, 0x63, 
	0x31, 0x65, 0x39, 0xa5, 0x39, 0xa5, 0x39, 0xa3, 
	0x39, 0x63, 0x39, 0x63, 0x39, 0x61, 0x39, 0x61, 
	0x39, 0x61, 0x39, 0x63, 0x39, 0xa5, 0x39, 0xa7, 
	0x39, 0xa7, 0x4a, 0x29, 0x41, 0xe7, 0x39, 0x65, 
	0x39, 0xa5, 0x31, 0x63, 0x39, 0x63, 0x31, 0x63, 
	0x39, 0x63, 0x39, 0x65, 0x41, 0xa5, 0x41, 0x65, 
	0x41, 0xa7, 0x41, 0xa7, 0x41, 0xa9, 0x41, 0xa9, 
	0x41, 0xab, 0x41, 0xeb, 0x41, 0xeb, 0x49, 0xed, 
	0x41, 0xa9, 0x49, 0xeb, 0x49, 0xed, 0x52, 0x2f, 
	0x62, 0xb1, 0x49, 0xed, 0x5a, 0x6f, 0x49, 0xed, 
	0x49, 0xed, 0x49, 0xed, 0x49, 0xed, 0x62, 0xb1, 
	0x49, 0xed, 0x41, 0xad, 0x52, 0x2f, 0x49, 0xef, 
	0x41, 0xad, 0x41, 0xab, 0x41, 0xab, 0x41, 0xa9, 
	0x41, 0xa9, 0x39, 0xa9, 0x39, 0xa7, 0x31, 0xa7, 
	0x31, 0xa5, 0x29, 0xa3, 0x21, 0x61, 0x29, 0xa3, 
	0x29, 0xa3, 0x21, 0x5f, 0x21, 0x5d, 0x19, 0x5d, 
	0x32, 0x21, 0x21, 0x9d, 0x19, 0x5b, 0x29, 0xdd, 
	0x19, 0x5b, 0x19, 0x5b, 0x19, 0x5b, 0x19, 0x5b, 
	0x19, 0x5b, 0x19, 0x9b, 0x11, 0x59, 0x11, 0x59, 
	0x19, 0x9b, 0x19, 0x59, 0x11, 0x59, 0x19, 0x59, 
	0x19, 0x9b, 0x11, 0x59, 0x11, 0x59, 0x11, 0x59, 
	0x11, 0x59, 0x19, 0x59, 0x19, 0x5b, 0x21, 0xdd, 
	0x19, 0x59, 0x21, 0xdd, 0x19, 0x9b, 0x21, 0x9b, 
	0x19, 0x59, 0x19, 0x59, 0x32, 0x1f, 0x19, 0x9b, 
	0x19, 0x9b, 0x19, 0x59, 0x21, 0x9b, 0x19, 0x9b, 
	0x11, 0x59, 0x11, 0x59, 0x19, 0x59, 0x11, 0x59, 
	0x11, 0x59, 0x19, 0x59, 0x19, 0x59, 0x19, 0x59, 
	0x2a, 0x1d, 0x19, 0x59, 0x19, 0x59, 0x19, 0x59, 
	0x19, 0x59, 0x11, 0x59, 0x11, 0x59, 0x19, 0x9b, 
	0x11, 0x59, 0x11, 0x59, 0x11, 0x59, 0x19, 0x59, 
	0x11, 0x59, 0x19, 0x9b, 0x11, 0x59, 0x19, 0x59, 
	0x11, 0x59, 0x19, 0x59, 0x21, 0x9b, 0x19, 0x59, 
	0x11, 0x59, 0x11, 0x59, 0x11, 0x59, 0x19, 0x19, 
	0x19, 0x19, 0x19, 0x19, 0x19, 0x59, 0x19, 0x19, 
	0x11, 0x59, 0x11, 0x57, 0x21, 0x99, 0x19, 0x59, 
	0x19, 0x59, 0x19, 0x57, 0x19, 0x57, 0x19, 0x19, 
	0x19, 0x59, 0x21, 0x9b, 0x19, 0x59, 0x19, 0x19, 
	0x21, 0x5b, 0x19, 0x59, 0x19, 0x59, 0x19, 0x59, 
	0x19, 0x19, 0x19, 0x19, 0x19, 0x19, 0x19, 0x19, 
	0x19, 0x19, 0x19, 0x19, 0x19, 0x59, 0x21, 0x9b, 
	0x19, 0x59, 0x11, 0x17, 0x19, 0x57, 0x11, 0x15, 
	0x19, 0x57, 0x19, 0x15, 0x19, 0x15, 0x11, 0x57, 
	0x19, 0x57, 0x19, 0x57, 0x21, 0x99, 0x19, 0x17, 
	0x21, 0x9b, 0x3a, 0x1f, 0x21, 0x99, 0x19, 0x57, 
	0x11, 0x17, 0x19, 0x57, 0x11, 0x17, 0x19, 0x17, 
	0x19, 0x55, 0x19, 0x55, 0x19, 0x57, 0x11, 0x15, 
	0x11, 0x15, 0x11, 0x15, 0x11, 0x15, 0x19, 0x55, 
	0x11, 0x15, 0x11, 0x15, 0x11, 0x15, 0x11, 0x15, 
	0x11, 0x15, 0x11, 0x15, 0x29, 0xd9, 0x21, 0x55, 
	0x19, 0x15, 0x19, 0x15, 0x19, 0x55, 0x19, 0x15, 
	0x21, 0x97, 0x19, 0x55, 0x19, 0x15, 0x19, 0x55, 
	0x19, 0x15, 0x19, 0x15, 0x19, 0x15, 0x19, 0x15, 
	0x21, 0x57, 0x19, 0x55, 0x19, 0x15, 0x11, 0x15, 
	0x11, 0x15, 0x11, 0x15, 0x11, 0x15, 0x19, 0x15, 
	0x19, 0x15, 0x11, 0x15, 0x11, 0x15, 0x19, 0x55, 
	0x11, 0x15, 0x11, 0x55, 0x11, 0x15, 0x21, 0x57, 
	0x19, 0x15, 0x19, 0x15, 0x19, 0x15, 0x19, 0x15, 
	0x19, 0x15, 0x21, 0x57, 0x19, 0x15, 0x19, 0x55, 
	0x19, 0x17, 0x19, 0x17, 0x19, 0x17, 0x21, 0x57, 
	0x19, 0x15, 0x19, 0x15, 0x19, 0x15, 0x19, 0x15, 
	0x21, 0x57, 0x21, 0x59, 0x19, 0x17, 0x19, 0x17, 
	0x21, 0x19, 0x21, 0x1b, 0x29, 0x5b, 0x21, 0x1b, 
	0x31, 0x9f, 0x29, 0x5d, 0x29, 0x5d, 0x29, 0x1f, 
	0x31, 0x5f, 0x39, 0xa3, 0x31, 0x63, 0x31, 0x65, 
	0x31, 0x65, 0x39, 0x65, 0x39, 0xa5, 0x41, 0xa5, 
	0x41, 0xe5, 0x39, 0xa3, 0x39, 0xa3, 0x39, 0x61, 
	0x41, 0xa5, 0x39, 0xa5, 0x39, 0xa7, 0x39, 0xa7, 
	0x39, 0xa7, 0x39, 0xa7, 0x39, 0xa7, 0x39, 0x65, 
	0x39, 0x65, 0x4a, 0x27, 0x39, 0x63, 0x41, 0xe7, 
	0x49, 0xe7, 0x39, 0x65, 0x39, 0x65, 0x41, 0xa7, 
	0x41, 0xa7, 0x41, 0xa7, 0x41, 0xa9, 0x41, 0xa9, 
	0x41, 0xa9, 0x49, 0xeb, 0x49, 0xed, 0x49, 0xed, 
	0x41, 0xab, 0x41, 0xa9, 0x41, 0xab, 0x5a, 0x6f, 
	0x49, 0xed, 0x52, 0x2f, 0x49, 0xed, 0x49, 0xed, 
	0x49, 0xef, 0x49, 0xef, 0x49, 0xed, 0x49, 0xef, 
	0x49, 0xed, 0x49, 0xed, 0x41, 0xad, 0x49, 0xed, 
	0x49, 0xed, 0x41, 0xab, 0x41, 0xab, 0x41, 0xab, 
	0x41, 0xab, 0x41, 0xab, 0x39, 0xa9, 0x39, 0xa7, 
	0x31, 0xa5, 0x31, 0xa5, 0x29, 0x63, 0x21, 0x61, 
	0x21, 0x61, 0x21, 0x61, 0x29, 0xa1, 0x19, 0x5d, 
	0x19, 0x5d, 0x21, 0x9d, 0x19, 0x5d, 0x19, 0x5b, 
	0x19, 0x5b, 0x19, 0x5b, 0x19, 0x5b, 0x21, 0x9b, 
	0x19, 0x5b, 0x21, 0x9b, 0x11, 0x59, 0x11, 0x59, 
	0x19, 0x9b, 0x19, 0x59, 0x19, 0x59, 0x19, 0x59, 
	0x19, 0x59, 0x11, 0x59, 0x11, 0x59, 0x11, 0x59, 
	0x19, 0x59, 0x19, 0x59, 0x19, 0x59, 0x19, 0x9b, 
	0x3a, 0x5f, 0x32, 0x1f, 0x21, 0x9b, 0x21, 0x9b, 
	0x11, 0x59, 0x19, 0x9b, 0x19, 0x59, 0x19, 0x59, 
	0x19, 0x59, 0x21, 0x9b, 0x19, 0x9b, 0x19, 0x9b, 
	0x19, 0x59, 0x19, 0x59, 0x19, 0x5b, 0x11, 0x59, 
	0x11, 0x59, 0x19, 0x59, 0x19, 0x59, 0x19, 0x59, 
	0x19, 0x59, 0x19, 0x59, 0x11, 0x59, 0x19, 0x59, 
	0x21, 0xdb, 0x19, 0x59, 0x21, 0x9b, 0x11, 0x59, 
	0x19, 0x59, 0x19, 0x9b, 0x11, 0x59, 0x19, 0x9b, 
	0x19, 0x59, 0x19, 0x59, 0x11, 0x59, 0x11, 0x59, 
	0x19, 0x59, 0x19, 0x9b, 0x19, 0x59, 0x19, 0x59, 
	0x19, 0x59, 0x11, 0x59, 0x11, 0x59, 0x19, 0x59, 
	0x19, 0x19, 0x19, 0x19, 0x19, 0x19, 0x19, 0x19, 
	0x19, 0x59, 0x19, 0x9b, 0x21, 0xdb, 0x21, 0x9b, 
	0x19, 0x59, 0x29, 0x9b, 0x19, 0x59, 0x19, 0x59, 
	0x19, 0x59, 0x21, 0x9b, 0x19, 0x59, 0x19, 0x19, 
	0x19, 0x59, 0x19, 0x59, 0x19, 0x19, 0x19, 0x19, 
	0x19, 0x19, 0x19, 0x59, 0x21, 0x9b, 0x19, 0x19, 
	0x19, 0x19, 0x19, 0x19, 0x19, 0x59, 0x19, 0x59, 
	0x29, 0xdb, 0x11, 0x17, 0x11, 0x57, 0x19, 0x57, 
	0x19, 0x57, 0x21, 0x99, 0x19, 0x17, 0x11, 0x17, 
	0x19, 0x57, 0x19, 0x59, 0x19, 0x59, 0x19, 0x59, 
	0x21, 0x59, 0x21, 0x9b, 0x19, 0x59, 0x19, 0x57, 
	0x11, 0x17, 0x11, 0x17, 0x11, 0x17, 0x19, 0x17, 
	0x21, 0x99, 0x11, 0x15, 0x29, 0xd9, 0x11, 0x15, 
	0x11, 0x15, 0x11, 0x15, 0x11, 0x15, 0x11, 0x15, 
	0x11, 0x15, 0x11, 0x15, 0x11, 0x15, 0x11, 0x15, 
	0x21, 0x97, 0x19, 0x55, 0x19, 0x55, 0x11, 0x15, 
	0x11, 0x15, 0x11, 0x15, 0x11, 0x15, 0x11, 0x15, 
	0x29, 0xd9, 0x11, 0x15, 0x19, 0x55, 0x19, 0x55, 
	0x19, 0x55, 0x11, 0x15, 0x19, 0x55, 0x19, 0x57, 
	0x19, 0x55, 0x19, 0x55, 0x11, 0x15, 0x21, 0x57, 
	0x19, 0x55, 0x11, 0x15, 0x11, 0x15, 0x11, 0x15, 
	0x11, 0x15, 0x11, 0x15, 0x19, 0x55, 0x11, 0x15, 
	0x11, 0x15, 0x19, 0x55, 0x19, 0x55, 0x19, 0x55, 
	0x11, 0x15, 0x31, 0xd9, 0x19, 0x15, 0x19, 0x15, 
	0x19, 0x55, 0x21, 0x97, 0x11, 0x15, 0x11, 0x15, 
	0x19, 0x15, 0x19, 0x57, 0x19, 0x15, 0x19, 0x55, 
	0x19, 0x15, 0x19, 0x15, 0x19, 0x17, 0x19, 0x17, 
	0x19, 0x17, 0x29, 0x9b, 0x21, 0x17, 0x29, 0x99, 
	0x21, 0x59, 0x21, 0x1b, 0x29, 0x5d, 0x21, 0x1b, 
	0x21, 0x1b, 0x29, 0x5d, 0x29, 0x5d, 0x29, 0x1d, 
	0x31, 0x5f, 0x41, 0xe3, 0x39, 0xa5, 0x31, 0x65, 
	0x31, 0x65, 0x39, 0x63, 0x39, 0xa5, 0x41, 0xa5, 
	0x41, 0xa5, 0x41, 0xa5, 0x39, 0xa3, 0x39, 0x63, 
	0x39, 0x65, 0x39, 0x65, 0x39, 0xa7, 0x39, 0xa7, 
	0x41, 0xa7, 0x39, 0xa7, 0x39, 0xa5, 0x39, 0x65, 
	0x39, 0x65, 0x4a, 0x29, 0x39, 0xa5, 0x39, 0x65, 
	0x41, 0xa5, 0x39, 0x65, 0x39, 0x67, 0x41, 0xa7, 
	0x41, 0xa7, 0x52, 0x2b, 0x41, 0xa9, 0x41, 0xa9, 
	0x41, 0xeb, 0x41, 0xeb, 0x41, 0xab, 0x49, 0xed, 
	0x49, 0xab, 0x41, 0xa9, 0x41, 0xa9, 0x5a, 0x6d, 
	0x49, 0xed, 0x4a, 0x2f, 0x49, 0xef, 0x49, 0xef, 
	0x49, 0xef, 0x49, 0xed, 0x6a, 0xf3, 0x49, 0xef, 
	0x49, 0xed, 0x5a, 0xb1, 0x49, 0xed, 0x41, 0xad, 
	0x49, 0xad, 0x49, 0xed, 0x49, 0xad, 0x41, 0xab, 
	0x49, 0xad, 0x41, 0xab, 0x49, 0xed, 0x41, 0xeb, 
	0x39, 0xa9, 0x31, 0xa5, 0x29, 0x65, 0x29, 0x63, 
	0x29, 0xa3, 0x29, 0xa1, 0x29, 0xe1, 0x21, 0x5d, 
	0x21, 0x5d, 0x21, 0x5d, 0x21, 0x9d, 0x19, 0x5b, 
	0x19, 0x5b, 0x19, 0x5b, 0x19, 0x5b, 0x29, 0xdd, 
	0x11, 0x5b, 0x19, 0x5b, 0x11, 0x59, 0x11, 0x59, 
	0x19, 0x9b, 0x21, 0x9b, 0x19, 0x9b, 0x21, 0x9b, 
	0x19, 0x59, 0x19, 0x59, 0x19, 0x9b, 0x19, 0x9b, 
	0x21, 0x9b, 0x21, 0xdd, 0x11, 0x5b, 0x11, 0x5b, 
	0x21, 0xdb, 0x21, 0x9b, 0x19, 0x5b, 0x19, 0x9b, 
	0x19, 0x59, 0x21, 0x9b, 0x21, 0x9b, 0x19, 0x59, 
	0x19, 0x59, 0x19, 0x59, 0x19, 0x59, 0x19, 0x9b, 
	0x19, 0x9b, 0x11, 0x59, 0x19, 0x59, 0x19, 0x59, 
	0x19, 0x59, 0x21, 0xdd, 0x21, 0x9b, 0x19, 0x59, 
	0x19, 0x59, 0x19, 0x59, 0x32, 0x1f, 0x21, 0x9b, 
	0x21, 0x9b, 0x11, 0x59, 0x11, 0x59, 0x19, 0x9b, 
	0x21, 0xdb, 0x19, 0x9b, 0x19, 0x59, 0x19, 0x9b, 
	0x19, 0x9b, 0x19, 0x59, 0x19, 0x59, 0x19, 0x5b, 
	0x11, 0x59, 0x11, 0x59, 0x11, 0x59, 0x11, 0x59, 
	0x11, 0x59, 0x11, 0x59, 0x11, 0x59, 0x11, 0x59, 
	0x11, 0x59, 0x19, 0x19, 0x19, 0x59, 0x19, 0x57, 
	0x21, 0x9b, 0x19, 0x59, 0x11, 0x59, 0x11, 0x59, 
	0x21, 0x9b, 0x42, 0x61, 0x19, 0x9b, 0x11, 0x59, 
	0x11, 0x59, 0x11, 0x59, 0x19, 0x9b, 0x19, 0x9b, 
	0x29, 0xdb, 0x19, 0x59, 0x19, 0x19, 0x19, 0x19, 
	0x19, 0x19, 0x19, 0x19, 0x19, 0x59, 0x19, 0x59, 
	0x19, 0x59, 0x19, 0x19, 0x19, 0x17, 0x19, 0x59, 
	0x11, 0x17, 0x11, 0x17, 0x29, 0xdb, 0x19, 0x57, 
	0x19, 0x57, 0x19, 0x57, 0x19, 0x17, 0x19, 0x57, 
	0x19, 0x57, 0x19, 0x19, 0x19, 0x19, 0x21, 0x9b, 
	0x19, 0x59, 0x21, 0x9b, 0x19, 0x59, 0x31, 0xdd, 
	0x11, 0x17, 0x19, 0x57, 0x11, 0x17, 0x19, 0x17, 
	0x19, 0x55, 0x11, 0x15, 0x11, 0x15, 0x19, 0x57, 
	0x19, 0x55, 0x11, 0x15, 0x11, 0x15, 0x19, 0x55, 
	0x21, 0x97, 0x11, 0x15, 0x11, 0x15, 0x11, 0x15, 
	0x3a, 0x5b, 0x3a, 0x1b, 0x19, 0x55, 0x11, 0x15, 
	0x11, 0x15, 0x19, 0x55, 0x32, 0x1b, 0x19, 0x55, 
	0x11, 0x15, 0x11, 0x15, 0x11, 0x15, 0x11, 0x15, 
	0x19, 0x55, 0x19, 0x55, 0x11, 0x15, 0x11, 0x15, 
	0x11, 0x15, 0x21, 0x57, 0x21, 0x97, 0x11, 0x15, 
	0x19, 0x55, 0x19, 0x55, 0x19, 0x57, 0x19, 0x55, 
	0x21, 0x57, 0x11, 0x15, 0x21, 0x97, 0x11, 0x15, 
	0x19, 0x55, 0x19, 0x55, 0x11, 0x15, 0x19, 0x55, 
	0x19, 0x15, 0x19, 0x15, 0x19, 0x15, 0x19, 0x15, 
	0x11, 0x15, 0x19, 0x55, 0x11, 0x15, 0x11, 0x15, 
	0x19, 0x57, 0x19, 0x55, 0x19, 0x55, 0x19, 0x57, 
	0x19, 0x15, 0x19, 0x17, 0x19, 0x17, 0x21, 0x59, 
	0x29, 0x99, 0x19, 0x17, 0x19, 0x17, 0x21, 0x59, 
	0x21, 0x59, 0x21, 0x1b, 0x21, 0x1b, 0x29, 0x5d, 
	0x21, 0x1b, 0x29, 0x1d, 0x42, 0x21, 0x29, 0x1d, 
	0x29, 0x5d, 0x31, 0x5f, 0x39, 0xa3, 0x39, 0xa5, 
	0x39, 0x65, 0x39, 0x63, 0x41, 0xa5, 0x41, 0xa5, 
	0x41, 0xa5, 0x39, 0xa5, 0x39, 0xa3, 0x39, 0x63, 
	0x39, 0x65, 0x39, 0x65, 0x39, 0xa7, 0x41, 0xa7, 
	0x39, 0xa7, 0x39, 0xa7, 0x39, 0xa5, 0x39, 0x65, 
	0x39, 0x65, 0x39, 0x65, 0x41, 0xa5, 0x39, 0xa3, 
	0x39, 0xa5, 0x39, 0xa5, 0x31, 0xa7, 0x39, 0xa7, 
	0x39, 0x67, 0x41, 0xa7, 0x41, 0xa7, 0x52, 0x6b, 
	0x41, 0xa9, 0x41, 0xeb, 0x41, 0xeb, 0x49, 0xed, 
	0x41, 0xab, 0x41, 0xa9, 0x41, 0xa9, 0x41, 0xab, 
	0x49, 0xed, 0x52, 0x2f, 0x41, 0xef, 0x49, 0xef, 
	0x49, 0xed, 0x49, 0xef, 0x49, 0xef, 0x49, 0xed, 
	0x49, 0xed, 0x49, 0xed, 0x49, 0xed, 0x41, 0xad, 
	0x49, 0xad, 0x49, 0xad, 0x52, 0x2d, 0x49, 0xed, 
	0x49, 0xed, 0x49, 0xad, 0x41, 0xab, 0x41, 0xab, 
	0x41, 0xab, 0x39, 0xa7, 0x31, 0xa5, 0x29, 0xa5, 
	0x29, 0xa3, 0x29, 0xa3, 0x21, 0x61, 0x21, 0x5f, 
	0x21, 0x5d, 0x21, 0x5d, 0x21, 0x9f, 0x19, 0x5d, 
	0x19, 0x5b, 0x2a, 0x1f, 0x19, 0x9b, 0x19, 0x5b, 
	0x21, 0x9b, 0x11, 0x59, 0x11, 0x59, 0x11, 0x59, 
	0x19, 0x59, 0x19, 0x9b, 0x19, 0x9b, 0x19, 0x9b, 
	0x19, 0x59, 0x19, 0x59, 0x11, 0x59, 0x19, 0x9b, 
	0x19, 0x9b, 0x21, 0xdd, 0x19, 0x5b, 0x11, 0x5b, 
	0x11, 0x59, 0x11, 0x59, 0x11, 0x59, 0x19, 0x9b, 
	0x11, 0x59, 0x19, 0x59, 0x19, 0x9b, 0x19, 0x59, 
	0x19, 0x59, 0x19, 0x59, 0x19, 0x9b, 0x19, 0x9b, 
	0x19, 0x59, 0x19, 0x9b, 0x19, 0x59, 0x19, 0x9b, 
	0x19, 0x59, 0x3a, 0x5f, 0x19, 0x9b, 0x11, 0x59, 
	0x11, 0x59, 0x19, 0x59, 0x11, 0x59, 0x11, 0x59, 
	0x11, 0x59, 0x19, 0x9b, 0x19, 0x59, 0x19, 0x5b, 
	0x19, 0x9b, 0x19, 0x59, 0x19, 0x9b, 0x21, 0xdb, 
	0x2a, 0x1d, 0x21, 0x9b, 0x19, 0x59, 0x19, 0x59, 
	0x11, 0x59, 0x11, 0x59, 0x11, 0x59, 0x19, 0x59, 
	0x11, 0x59, 0x19, 0x59, 0x11, 0x59, 0x11, 0x59, 
	0x11, 0x59, 0x19, 0x19, 0x19, 0x57, 0x21, 0x9b, 
	0x21, 0x9b, 0x19, 0x9b, 0x19, 0x59, 0x11, 0x59, 
	0x19, 0x5b, 0x21, 0x9b, 0x11, 0x59, 0x11, 0x59, 
	0x19, 0x59, 0x19, 0x59, 0x11, 0x59, 0x11, 0x59, 
	0x3a, 0x5f, 0x19, 0x59, 0x19, 0x59, 0x19, 0x59, 
	0x19, 0x59, 0x19, 0x59, 0x11, 0x59, 0x21, 0x9b, 
	0x19, 0x59, 0x19, 0x57, 0x19, 0x59, 0x19, 0x57, 
	0x11, 0x17, 0x11, 0x17, 0x11, 0x17, 0x19, 0x57, 
	0x42, 0x5f, 0x19, 0x57, 0x21, 0x99, 0x29, 0xdb, 
	0x19, 0x59, 0x19, 0x19, 0x19, 0x59, 0x19, 0x59, 
	0x19, 0x59, 0x19, 0x59, 0x19, 0x59, 0x21, 0x59, 
	0x11, 0x17, 0x19, 0x57, 0x19, 0x57, 0x19, 0x17, 
	0x19, 0x55, 0x19, 0x55, 0x11, 0x15, 0x19, 0x57, 
	0x11, 0x15, 0x19, 0x55, 0x19, 0x55, 0x19, 0x55, 
	0x11, 0x15, 0x11, 0x15, 0x21, 0x97, 0x19, 0x55, 
	0x19, 0x55, 0x19, 0x15, 0x11, 0x15, 0x11, 0x15, 
	0x19, 0x55, 0x11, 0x15, 0x21, 0x97, 0x11, 0x15, 
	0x19, 0x55, 0x19, 0x55, 0x29, 0xd9, 0x19, 0x55, 
	0x19, 0x55, 0x19, 0x55, 0x11, 0x15, 0x19, 0x55, 
	0x19, 0x55, 0x21, 0x97, 0x29, 0x97, 0x11, 0x15, 
	0x19, 0x55, 0x11, 0x15, 0x11, 0x15, 0x11, 0x15, 
	0x11, 0x15, 0x19, 0x55, 0x19, 0x55, 0x21, 0x97, 
	0x19, 0x55, 0x19, 0x57, 0x19, 0x55, 0x11, 0x15, 
	0x19, 0x15, 0x19, 0x15, 0x19, 0x15, 0x19, 0x15, 
	0x19, 0x15, 0x11, 0x15, 0x19, 0x57, 0x19, 0x55, 
	0x19, 0x55, 0x19, 0x55, 0x19, 0x55, 0x19, 0x15, 
	0x19, 0x17, 0x19, 0x17, 0x21, 0x57, 0x21, 0x57, 
	0x21, 0x59, 0x19, 0x17, 0x19, 0x17, 0x3a, 0x1f, 
	0x31, 0xdd, 0x29, 0x5d, 0x39, 0xdf, 0x21, 0x1b, 
	0x29, 0x5d, 0x29, 0x5d, 0x29, 0x5d, 0x39, 0xe1, 
	0x39, 0x9f, 0x31, 0x5f, 0x31, 0x61, 0x39, 0x63, 
	0x52, 0x27, 0x41, 0xa5, 0x41, 0xa5, 0x41, 0xa5, 
	0x41, 0xa5, 0x39, 0xa5, 0x39, 0xa5, 0x39, 0xa5, 
	0x39, 0x65, 0x39, 0xa5, 0x39, 0xa7, 0x39, 0xa7, 
	0x39, 0xa7, 0x39, 0xa5, 0x39, 0xa5, 0x39, 0x63, 
	0x39, 0x63, 0x39, 0x63, 0x49, 0xe5, 0x39, 0xa3, 
	0x39, 0xa3, 0x31, 0x65, 0x39, 0xa7, 0x41, 0xeb, 
	0x39, 0xa7, 0x41, 0xa7, 0x41, 0xe9, 0x41, 0xa7, 
	0x41, 0xe9, 0x41, 0xa9, 0x39, 0xa9, 0x39, 0xa9, 
	0x41, 0xa9, 0x49, 0xeb, 0x41, 0xa9, 0x41, 0xab, 
	0x49, 0xad, 0x49, 0xed, 0x41, 0xed, 0x41, 0xed, 
	0x41, 0xed, 0x4a, 0x2f, 0x49, 0xef, 0x52, 0x2f, 
	0x52, 0x2f, 0x49, 0xed, 0x52, 0x2f, 0x49, 0xed, 
	0x49, 0xad, 0x49, 0xed, 0x52, 0x2f, 0x52, 0x2f, 
	0x49, 0xed, 0x49, 0xed, 0x51, 0xef, 0x49, 0xed, 
	0x41, 0xab, 0x39, 0xa7, 0x31, 0xa5, 0x39, 0xe7, 
	0x31, 0xa5, 0x29, 0x63, 0x21, 0x61, 0x21, 0x61, 
	0x21, 0x5f, 0x21, 0x5d, 0x21, 0x5d, 0x21, 0x9d, 
	0x19, 0x5d, 0x19, 0x5b, 0x19, 0x9b, 0x21, 0xdd, 
	0x2a, 0x1d, 0x11, 0x59, 0x11, 0x59, 0x19, 0x59, 
	0x21, 0x9b, 0x19, 0x9b, 0x19, 0x59, 0x19, 0x9b, 
	0x19, 0x59, 0x19, 0x59, 0x11, 0x59, 0x19, 0x9b, 
	0x19, 0x9b, 0x11, 0x9b, 0x19, 0x9b, 0x11, 0x9b, 
	0x19, 0x9b, 0x19, 0x9b, 0x19, 0x9b, 0x11, 0x59, 
	0x11, 0x5b, 0x11, 0x59, 0x11, 0x5b, 0x21, 0xdd, 
	0x19, 0x9b, 0x19, 0x9b, 0x19, 0x59, 0x19, 0x59, 
	0x19, 0x59, 0x29, 0xdd, 0x19, 0x59, 0x19, 0x59, 
	0x19, 0x59, 0x19, 0x59, 0x19, 0x59, 0x19, 0x59, 
	0x11, 0x59, 0x11, 0x59, 0x19, 0x59, 0x19, 0x59, 
	0x19, 0x59, 0x19, 0x59, 0x11, 0x59, 0x19, 0x59, 
	0x11, 0x59, 0x11, 0x59, 0x19, 0x59, 0x19, 0x59, 
	0x11, 0x59, 0x11, 0x59, 0x19, 0x59, 0x19, 0x59, 
	0x19, 0x59, 0x19, 0x59, 0x11, 0x59, 0x42, 0xa1, 
	0x19, 0x9b, 0x19, 0x59, 0x11, 0x59, 0x11, 0x59, 
	0x11, 0x59, 0x19, 0x57, 0x19, 0x57, 0x19, 0x57, 
	0x19, 0x5b, 0x19, 0x5b, 0x19, 0x59, 0x11, 0x59, 
	0x19, 0x59, 0x19, 0x59, 0x11, 0x59, 0x19, 0x59, 
	0x11, 0x59, 0x19, 0x59, 0x19, 0x59, 0x19, 0x59, 
	0x19, 0x59, 0x19, 0x59, 0x11, 0x59, 0x11, 0x59, 
	0x11, 0x59, 0x19, 0x59, 0x19, 0x59, 0x11, 0x59, 
	0x11, 0x57, 0x19, 0x57, 0x19, 0x59, 0x19, 0x59, 
	0x19, 0x57, 0x11, 0x17, 0x11, 0x17, 0x19, 0x17, 
	0x19, 0x59, 0x19, 0x57, 0x21, 0x59, 0x21, 0x9b, 
	0x19, 0x59, 0x19, 0x59, 0x19, 0x59, 0x21, 0x9b, 
	0x21, 0x9b, 0x19, 0x59, 0x11, 0x17, 0x19, 0x57, 
	0x19, 0x59, 0x11, 0x17, 0x19, 0x57, 0x19, 0x17, 
	0x19, 0x15, 0x11, 0x15, 0x19, 0x55, 0x32, 0x1b, 
	0x19, 0x55, 0x19, 0x15, 0x11, 0x15, 0x11, 0x15, 
	0x11, 0x15, 0x11, 0x15, 0x19, 0x57, 0x19, 0x15, 
	0x19, 0x57, 0x19, 0x57, 0x19, 0x57, 0x11, 0x15, 
	0x19, 0x55, 0x19, 0x55, 0x11, 0x15, 0x11, 0x15, 
	0x11, 0x15, 0x19, 0x15, 0x11, 0x15, 0x21, 0x97, 
	0x29, 0x97, 0x19, 0x55, 0x11, 0x15, 0x29, 0xd9, 
	0x19, 0x55, 0x11, 0x15, 0x19, 0x55, 0x11, 0x15, 
	0x11, 0x15, 0x19, 0x57, 0x19, 0x55, 0x21, 0x97, 
	0x11, 0x15, 0x19, 0x15, 0x11, 0x15, 0x11, 0x15, 
	0x11, 0x15, 0x19, 0x57, 0x19, 0x57, 0x21, 0x99, 
	0x11, 0x15, 0x19, 0x15, 0x19, 0x15, 0x19, 0x57, 
	0x11, 0x15, 0x11, 0x15, 0x21, 0x57, 0x19, 0x57, 
	0x19, 0x57, 0x19, 0x55, 0x19, 0x55, 0x19, 0x15, 
	0x19, 0x17, 0x19, 0x17, 0x19, 0x17, 0x21, 0x59, 
	0x21, 0x17, 0x19, 0x17, 0x21, 0x19, 0x21, 0x5b, 
	0x21, 0x1b, 0x29, 0x5d, 0x21, 0x5b, 0x21, 0x1b, 
	0x29, 0x1b, 0x4a, 0x23, 0x29, 0x5d, 0x31, 0x5d, 
	0x39, 0x5f, 0x31, 0x5f, 0x31, 0x5f, 0x39, 0x63, 
	0x39, 0x63, 0x39, 0xa3, 0x39, 0x63, 0x39, 0xa3, 
	0x41, 0xa5, 0x41, 0xa5, 0x39, 0xa3, 0x39, 0x63, 
	0x52, 0x67, 0x39, 0xa5, 0x39, 0xa7, 0x39, 0xa7, 
	0x39, 0xa7, 0x39, 0xa5, 0x39, 0xa5, 0x39, 0xa3, 
	0x39, 0x63, 0x39, 0x63, 0x39, 0x63, 0x31, 0x63, 
	0x31, 0x63, 0x31, 0x65, 0x39, 0xa7, 0x39, 0xa9, 
	0x39, 0x67, 0x39, 0xa7, 0x41, 0xa7, 0x39, 0xa7, 
	0x41, 0xa9, 0x39, 0xa9, 0x39, 0xa9, 0x39, 0xa9, 
	0x52, 0x6b, 0x6b, 0x2d, 0x49, 0xab, 0x49, 0xab, 
	0x49, 0xed, 0x49, 0xed, 0x41, 0xed, 0x41, 0xed, 
	0x41, 0xed, 0x41, 0xed, 0x49, 0xed, 0x49, 0xef, 
	0x52, 0x2f, 0x49, 0xef, 0x49, 0xef, 0x49, 0xad, 
	0x49, 0xed, 0x49, 0xed, 0x49, 0xed, 0x49, 0xed, 
	0x49, 0xed, 0x49, 0xad, 0x49, 0xad, 0x49, 0xad, 
	0x41, 0xab, 0x39, 0xa9, 0x39, 0xa7, 0x31, 0xa5, 
	0x31, 0xa5, 0x29, 0x63, 0x29, 0x61, 0x21, 0x61, 
	0x21, 0x5f, 0x3a, 0x65, 0x21, 0x5d, 0x19, 0x5d, 
	0x19, 0x5d, 0x19, 0x5b, 0x19, 0x5b, 0x19, 0x59, 
	0x11, 0x59, 0x11, 0x59, 0x11, 0x59, 0x11, 0x59, 
	0x19, 0x59, 0x19, 0x59, 0x21, 0xdb, 0x42, 0xa1, 
	0x19, 0x9b, 0x19, 0x59, 0x19, 0x59, 0x11, 0x59, 
	0x11, 0x5b, 0x11, 0x9b, 0x19, 0x9b, 0x19, 0x9b, 
	0x19, 0x9b, 0x19, 0x9b, 0x19, 0x9b, 0x11, 0x9b, 
	0x11, 0x5b, 0x21, 0xdd, 0x11, 0x5b, 0x19, 0x59, 
	0x19, 0x59, 0x11, 0x59, 0x19, 0x9b, 0x19, 0x9b, 
	0x19, 0x9b, 0x19, 0x59, 0x19, 0x59, 0x19, 0x59, 
	0x19, 0x59, 0x19, 0x9b, 0x11, 0x59, 0x19, 0x99, 
	0x32, 0x5f, 0x19, 0x59, 0x19, 0x59, 0x19, 0x59, 
	0x19, 0x59, 0x19, 0x59, 0x19, 0x59, 0x19, 0x9b, 
	0x19, 0x9b, 0x11, 0x59, 0x11, 0x59, 0x19, 0x9b, 
	0x11, 0x59, 0x11, 0x59, 0x19, 0x59, 0x19, 0x59, 
	0x19, 0x59, 0x11, 0x59, 0x11, 0x59, 0x19, 0x59, 
	0x19, 0x59, 0x11, 0x57, 0x11, 0x57, 0x11, 0x57, 
	0x11, 0x57, 0x19, 0x57, 0x19, 0x57, 0x19, 0x57, 
	0x21, 0x9b, 0x4b, 0x25, 0x29, 0xdd, 0x11, 0x59, 
	0x11, 0x59, 0x11, 0x59, 0x11, 0x59, 0x11, 0x59, 
	0x11, 0x59, 0x21, 0x9b, 0x11, 0x59, 0x19, 0x59, 
	0x19, 0x59, 0x19, 0x59, 0x11, 0x59, 0x11, 0x59, 
	0x11, 0x59, 0x11, 0x59, 0x11, 0x59, 0x11, 0x59, 
	0x19, 0x57, 0x19, 0x57, 0x19, 0x57, 0x19, 0x57, 
	0x19, 0x59, 0x19, 0x57, 0x19, 0x59, 0x19, 0x19, 
	0x19, 0x59, 0x19, 0x59, 0x19, 0x19, 0x19, 0x59, 
	0x19, 0x59, 0x19, 0x19, 0x19, 0x59, 0x19, 0x19, 
	0x19, 0x19, 0x19, 0x59, 0x11, 0x19, 0x11, 0x17, 
	0x19, 0x57, 0x19, 0x59, 0x19, 0x59, 0x19, 0x17, 
	0x11, 0x15, 0x19, 0x55, 0x19, 0x55, 0x11, 0x15, 
	0x11, 0x15, 0x19, 0x15, 0x21, 0x99, 0x19, 0x15, 
	0x19, 0x17, 0x19, 0x17, 0x19, 0x17, 0x19, 0x17, 
	0x19, 0x17, 0x19, 0x17, 0x19, 0x17, 0x19, 0x57, 
	0x19, 0x15, 0x11, 0x15, 0x11, 0x15, 0x11, 0x15, 
	0x11, 0x15, 0x11, 0x15, 0x11, 0x15, 0x11, 0x15, 
	0x11, 0x15, 0x11, 0x15, 0x11, 0x15, 0x3a, 0x5d, 
	0x11, 0x15, 0x19, 0x55, 0x19, 0x55, 0x11, 0x15, 
	0x11, 0x15, 0x11, 0x15, 0x11, 0x15, 0x11, 0x15, 
	0x32, 0x1b, 0x19, 0x55, 0x21, 0x97, 0x19, 0x15, 
	0x11, 0x15, 0x19, 0x57, 0x21, 0x97, 0x19, 0x55, 
	0x19, 0x55, 0x11, 0x15, 0x19, 0x55, 0x19, 0x55, 
	0x11, 0x15, 0x19, 0x55, 0x19, 0x55, 0x11, 0x15, 
	0x21, 0x57, 0x19, 0x55, 0x11, 0x15, 0x19, 0x15, 
	0x19, 0x17, 0x19, 0x17, 0x19, 0x57, 0x19, 0x17, 
	0x29, 0x99, 0x21, 0x59, 0x29, 0x9b, 0x31, 0x9d, 
	0x21, 0x1b, 0x21, 0x5b, 0x21, 0x1b, 0x21, 0x1b, 
	0x29, 0x1b, 0x29, 0x5d, 0x29, 0x5d, 0x29, 0x5d, 
	0x31, 0x5f, 0x31, 0x5f, 0x31, 0x5f, 0x39, 0x61, 
	0x39, 0x61, 0x39, 0x61, 0x41, 0xa3, 0x39, 0x63, 
	0x41, 0xe5, 0x39, 0xa5, 0x39, 0xa5, 0x39, 0x63, 
	0x6b, 0x2b, 0x39, 0xa5, 0x39, 0xa7, 0x39, 0xa7, 
	0x41, 0xa7, 0x39, 0xa5, 0x39, 0xa5, 0x41, 0xe5, 
	0x39, 0x63, 0x39, 0x63, 0x39, 0x61, 0x39, 0x63, 
	0x31, 0x63, 0x31, 0x63, 0x39, 0xa7, 0x39, 0x67, 
	0x39, 0x67, 0x39, 0x65, 0x39, 0x65, 0x39, 0xa7, 
	0x39, 0xa7, 0x39, 0xa9, 0x39, 0xa9, 0x39, 0xa7, 
	0x39, 0xa7, 0x39, 0xa9, 0x49, 0xeb, 0x49, 0xed, 
	0x41, 0xed, 0x41, 0xed, 0x49, 0xed, 0x49, 0xed, 
	0x4a, 0x2d, 0x41, 0xed, 0x41, 0xed, 0x41, 0xed, 
	0x49, 0xef, 0x49, 0xef, 0x49, 0xed, 0x49, 0xed, 
	0x41, 0xad, 0x49, 0xef, 0x49, 0xed, 0x49, 0xef, 
	0x51, 0xef, 0x49, 0xad, 0x49, 0xad, 0x49, 0xed, 
	0x41, 0xab, 0x41, 0xab, 0x41, 0xe9, 0x39, 0xa7, 
	0x31, 0xa5, 0x29, 0x63, 0x29, 0x63, 0x21, 0x61, 
	0x21, 0x5f, 0x19, 0x5f, 0x21, 0x5f, 0x19, 0x5d, 
	0x19, 0x5d, 0x19, 0x9d, 0x19, 0x5b, 0x19, 0x5b, 
	0x19, 0x5b, 0x11, 0x5b, 0x11, 0x5b, 0x19, 0x59, 
	0x19, 0x9b, 0x11, 0x59, 0x21, 0x9b, 0x42, 0xa1, 
	0x19, 0x59, 0x19, 0x59, 0x11, 0x59, 0x11, 0x5b, 
	0x11, 0x5b, 0x11, 0x9b, 0x19, 0x9b, 0x19, 0x9b, 
	0x19, 0x9b, 0x11, 0x9b, 0x42, 0xe3, 0x11, 0x9b, 
	0x19, 0x9b, 0x19, 0x9b, 0x11, 0x9b, 0x19, 0x9b, 
	0x11, 0x99, 0x11, 0x59, 0x19, 0xdb, 0x19, 0x9b, 
	0x19, 0x9b, 0x11, 0x59, 0x19, 0x59, 0x19, 0x59, 
	0x19, 0x59, 0x19, 0x59, 0x19, 0x9b, 0x19, 0x59, 
	0x11, 0x59, 0x11, 0x59, 0x19, 0x59, 0x19, 0x59, 
	0x19, 0x59, 0x19, 0x59, 0x11, 0x59, 0x53, 0x27, 
	0x21, 0x9b, 0x19, 0x59, 0x19, 0x9b, 0x42, 0xa1, 
	0x11, 0x59, 0x19, 0x59, 0x11, 0x59, 0x11, 0x57, 
	0x19, 0x59, 0x19, 0x59, 0x11, 0x57, 0x19, 0x99, 
	0x11, 0x57, 0x19, 0x59, 0x19, 0x99, 0x11, 0x57, 
	0x19, 0x59, 0x19, 0x57, 0x19, 0x57, 0x19, 0x57, 
	0x19, 0x59, 0x21, 0x9b, 0x19, 0x9b, 0x11, 0x59, 
	0x11, 0x59, 0x11, 0x59, 0x11, 0x59, 0x19, 0x59, 
	0x19, 0x59, 0x19, 0x59, 0x11, 0x59, 0x19, 0x59, 
	0x21, 0x9b, 0x19, 0x59, 0x11, 0x59, 0x19, 0x59, 
	0x19, 0x59, 0x11, 0x59, 0x19, 0x59, 0x11, 0x57, 
	0x19, 0x59, 0x11, 0x57, 0x11, 0x57, 0x11, 0x57, 
	0x11, 0x57, 0x19, 0x59, 0x11, 0x59, 0x11, 0x59, 
	0x11, 0x59, 0x19, 0x19, 0x19, 0x59, 0x19, 0x59, 
	0x19, 0x19, 0x19, 0x59, 0x19, 0x59, 0x19, 0x19, 
	0x19, 0x59, 0x21, 0x9b, 0x19, 0x59, 0x19, 0x19, 
	0x19, 0x57, 0x19, 0x57, 0x19, 0x17, 0x19, 0x17, 
	0x19, 0x57, 0x19, 0x57, 0x19, 0x55, 0x11, 0x15, 
	0x19, 0x57, 0x19, 0x17, 0x19, 0x57, 0x11, 0x17, 
	0x19, 0x57, 0x11, 0x17, 0x19, 0x17, 0x19, 0x17, 
	0x19, 0x17, 0x3a, 0x5f, 0x19, 0x57, 0x19, 0x17, 
	0x11, 0x15, 0x19, 0x15, 0x19, 0x55, 0x11, 0x15, 
	0x11, 0x15, 0x11, 0x15, 0x11, 0x15, 0x11, 0x15, 
	0x11, 0x15, 0x11, 0x15, 0x11, 0x15, 0x11, 0x15, 
	0x19, 0x55, 0x19, 0x55, 0x11, 0x15, 0x11, 0x15, 
	0x11, 0x15, 0x11, 0x15, 0x19, 0x55, 0x11, 0x15, 
	0x21, 0x97, 0x19, 0x55, 0x11, 0x15, 0x19, 0x55, 
	0x11, 0x15, 0x19, 0x55, 0x21, 0x97, 0x19, 0x55, 
	0x11, 0x15, 0x19, 0x55, 0x29, 0xd9, 0x19, 0x55, 
	0x11, 0x15, 0x19, 0x57, 0x19, 0x55, 0x21, 0x97, 
	0x53, 0x21, 0x19, 0x55, 0x19, 0x55, 0x19, 0x55, 
	0x19, 0x57, 0x19, 0x57, 0x19, 0x57, 0x19, 0x57, 
	0x19, 0x57, 0x19, 0x59, 0x29, 0x5b, 0x29, 0x5b, 
	0x21, 0x5b, 0x21, 0x5b, 0x21, 0x1b, 0x21, 0x1b, 
	0x29, 0x5d, 0x29, 0x5d, 0x42, 0x21, 0x31, 0x5f, 
	0x31, 0x5f, 0x31, 0x5f, 0x31, 0x5f, 0x39, 0xa1, 
	0x39, 0x5f, 0x4a, 0x25, 0x39, 0x61, 0x39, 0x61, 
	0x39, 0x63, 0x39, 0xa5, 0x39, 0x63, 0x39, 0x63, 
	0x39, 0x63, 0x39, 0x63, 0x39, 0xa5, 0x39, 0x65, 
	0x39, 0xa5, 0x39, 0xa5, 0x39, 0xa5, 0x39, 0xa3, 
	0x39, 0x63, 0x39, 0x63, 0x31, 0x61, 0x39, 0xa3, 
	0x31, 0x63, 0x31, 0x65, 0x39, 0xa5, 0x31, 0x67, 
	0x39, 0xa7, 0x39, 0xa5, 0x31, 0x65, 0x39, 0x65, 
	0x39, 0xa5, 0x39, 0xa7, 0x41, 0xa9, 0x39, 0xa7, 
	0x39, 0xa7, 0x39, 0xa9, 0x41, 0xab, 0x41, 0xab, 
	0x41, 0xab, 0x41, 0xeb, 0x41, 0xed, 0x41, 0xed, 
	0x41, 0xed, 0x41, 0xed, 0x41, 0xed, 0x41, 0xed, 
	0x49, 0xed, 0x49, 0xed, 0x41, 0xad, 0x49, 0xed, 
	0x49, 0xed, 0x49, 0xed, 0x49, 0xed, 0x52, 0x2f, 
	0x5a, 0x71, 0x49, 0xef, 0x49, 0xef, 0x51, 0xef, 
	0x41, 0xab, 0x41, 0xab, 0x41, 0xa9, 0x39, 0xa7, 
	0x31, 0xa5, 0x29, 0x65, 0x29, 0x63, 0x21, 0x61, 
	0x21, 0x61, 0x21, 0x5f, 0x21, 0x5f, 0x19, 0x5d, 
	0x19, 0x5d, 0x19, 0x5d, 0x21, 0x9d, 0x19, 0x5b, 
	0x19, 0x5b, 0x19, 0x5b, 0x19, 0x5b, 0x19, 0x59, 
	0x21, 0x9b, 0x19, 0x59, 0x19, 0x5b, 0x21, 0x9b, 
	0x19, 0x59, 0x19, 0x59, 0x19, 0x59, 0x11, 0x5b, 
	0x11, 0x5b, 0x11, 0x9b, 0x11, 0x9b, 0x19, 0x9b, 
	0x19, 0x9b, 0x11, 0x9b, 0x19, 0x9b, 0x19, 0x9b, 
	0x19, 0x9b, 0x19, 0x9b, 0x19, 0x9b, 0x11, 0x9b, 
	0x11, 0x5b, 0x11, 0x5b, 0x19, 0x9b, 0x11, 0x59, 
	0x11, 0x59, 0x11, 0x59, 0x19, 0x9b, 0x19, 0x9b, 
	0x3a, 0x61, 0x19, 0x9b, 0x29, 0xdd, 0x19, 0x59, 
	0x19, 0x59, 0x19, 0x59, 0x19, 0x59, 0x19, 0x99, 
	0x19, 0x5b, 0x19, 0x59, 0x19, 0x59, 0x21, 0x9b, 
	0x19, 0x59, 0x11, 0x59, 0x19, 0x59, 0x21, 0x9b, 
	0x19, 0x59, 0x19, 0x59, 0x21, 0xdb, 0x19, 0x59, 
	0x11, 0x57, 0x21, 0x9b, 0x19, 0x59, 0x19, 0x59, 
	0x19, 0x57, 0x19, 0x59, 0x19, 0x57, 0x21, 0x99, 
	0x11, 0x57, 0x19, 0x57, 0x19, 0x57, 0x19, 0x57, 
	0x19, 0x59, 0x19, 0x59, 0x19, 0x5b, 0x11, 0x59, 
	0x11, 0x59, 0x11, 0x59, 0x11, 0x59, 0x19, 0x9b, 
	0x29, 0xdd, 0x19, 0x59, 0x19, 0x59, 0x11, 0x59, 
	0x21, 0x9b, 0x19, 0x9b, 0x11, 0x59, 0x19, 0x59, 
	0x19, 0x59, 0x19, 0x59, 0x29, 0xdd, 0x11, 0x59, 
	0x19, 0x57, 0x11, 0x57, 0x3a, 0x5f, 0x11, 0x57, 
	0x11, 0x57, 0x19, 0x59, 0x11, 0x59, 0x11, 0x59, 
	0x11, 0x59, 0x19, 0x59, 0x19, 0x59, 0x19, 0x19, 
	0x19, 0x19, 0x19, 0x59, 0x21, 0x9b, 0x19, 0x19, 
	0x19, 0x19, 0x19, 0x59, 0x19, 0x19, 0x19, 0x19, 
	0x19, 0x57, 0x19, 0x57, 0x11, 0x17, 0x19, 0x17, 
	0x19, 0x15, 0x19, 0x57, 0x19, 0x57, 0x19, 0x15, 
	0x19, 0x57, 0x19, 0x57, 0x19, 0x17, 0x19, 0x57, 
	0x11, 0x17, 0x11, 0x17, 0x19, 0x57, 0x19, 0x17, 
	0x19, 0x57, 0x32, 0x1d, 0x19, 0x57, 0x19, 0x17, 
	0x19, 0x57, 0x21, 0x97, 0x19, 0x55, 0x11, 0x15, 
	0x19, 0x55, 0x11, 0x15, 0x11, 0x15, 0x11, 0x15, 
	0x19, 0x55, 0x11, 0x15, 0x19, 0x55, 0x11, 0x15, 
	0x11, 0x15, 0x19, 0x55, 0x11, 0x15, 0x11, 0x15, 
	0x11, 0x15, 0x19, 0x55, 0x19, 0x55, 0x11, 0x15, 
	0x19, 0x55, 0x19, 0x55, 0x19, 0x57, 0x21, 0x97, 
	0x42, 0x5d, 0x11, 0x15, 0x19, 0x57, 0x11, 0x15, 
	0x11, 0x15, 0x19, 0x55, 0x19, 0x57, 0x11, 0x15, 
	0x11, 0x15, 0x11, 0x15, 0x11, 0x15, 0x19, 0x55, 
	0x19, 0x57, 0x11, 0x15, 0x19, 0x55, 0x19, 0x57, 
	0x21, 0x57, 0x21, 0x59, 0x19, 0x57, 0x19, 0x17, 
	0x19, 0x19, 0x19, 0x19, 0x21, 0x19, 0x21, 0x19, 
	0x21, 0x19, 0x21, 0x19, 0x21, 0x1b, 0x21, 0x5b, 
	0x21, 0x1b, 0x29, 0x1d, 0x29, 0x5d, 0x29, 0x5d, 
	0x31, 0x5d, 0x31, 0x5f, 0x31, 0x5f, 0x39, 0x5f, 
	0x31, 0x5f, 0x39, 0x5f, 0x39, 0x5f, 0x39, 0x61, 
	0x39, 0x63, 0x41, 0xa5, 0x39, 0xa3, 0x39, 0x63, 
	0x39, 0x63, 0x39, 0x63, 0x39, 0xa5, 0x39, 0x65, 
	0x39, 0xa5, 0x39, 0xa3, 0x39, 0xa5, 0x39, 0xa3, 
	0x39, 0xa5, 0x39, 0xa3, 0x39, 0x61, 0x31, 0x61, 
	0x41, 0xe5, 0x52, 0x69, 0x31, 0x65, 0x39, 0x65, 
	0x39, 0xa7, 0x39, 0xa5, 0x31, 0x63, 0x31, 0x63, 
	0x39, 0x65, 0x39, 0xa5, 0x39, 0x65, 0x49, 0xe9, 
	0x39, 0x67, 0x39, 0xa9, 0x41, 0xab, 0x41, 0xab, 
	0x39, 0xa9, 0x39, 0xa9, 0x41, 0xeb, 0x41, 0xed, 
	0x41, 0xed, 0x41, 0xed, 0x41, 0xed, 0x41, 0xed, 
	0x41, 0xed, 0x49, 0xed, 0x41, 0xab, 0x49, 0xed, 
	0x41, 0xed, 0x41, 0xed, 0x41, 0xed, 0x49, 0xef, 
	0x51, 0xef, 0x51, 0xf1, 0x51, 0xf1, 0x51, 0xef, 
	0x49, 0xed, 0x41, 0xab, 0x39, 0xa9, 0x73, 0x6f, 
	0x39, 0xe7, 0x31, 0xa5, 0x29, 0x65, 0x29, 0x63, 
	0x21, 0x61, 0x21, 0x61, 0x21, 0x5f, 0x19, 0x5d, 
	0x19, 0x5d, 0x21, 0x9d, 0x3a, 0x63, 0x19, 0x9d, 
	0x19, 0x5d, 0x3a, 0x63, 0x19, 0x5d, 0x19, 0x5b, 
	0x19, 0x5b, 0x19, 0x5b, 0x21, 0x9d, 0x19, 0x9b, 
	0x19, 0x59, 0x19, 0x59, 0x19, 0x59, 0x11, 0x59, 
	0x11, 0x5b, 0x11, 0x5b, 0x11, 0x9b, 0x19, 0x9b, 
	0x21, 0xdd, 0x2a, 0x1f, 0x19, 0x9b, 0x2a, 0x1f, 
	0x11, 0x9b, 0x19, 0x9b, 0x19, 0x9b, 0x21, 0xdd, 
	0x2a, 0x1f, 0x11, 0x9b, 0x21, 0xdd, 0x21, 0xdd, 
	0x21, 0xdd, 0x32, 0x1f, 0x3a, 0xa1, 0x19, 0x9b, 
	0x19, 0x9b, 0x19, 0x9b, 0x19, 0x59, 0x19, 0x59, 
	0x19, 0x59, 0x19, 0x59, 0x19, 0x59, 0x19, 0x59, 
	0x19, 0x59, 0x19, 0x59, 0x19, 0x59, 0x19, 0x59, 
	0x19, 0x59, 0x19, 0x59, 0x11, 0x59, 0x19, 0x9b, 
	0x19, 0x9b, 0x11, 0x59, 0x19, 0x59, 0x19, 0x59, 
	0x19, 0x57, 0x11, 0x57, 0x19, 0x99, 0x19, 0x59, 
	0x19, 0x59, 0x11, 0x57, 0x11, 0x57, 0x19, 0x59, 
	0x21, 0x99, 0x19, 0x57, 0x19, 0x57, 0x19, 0x57, 
	0x19, 0x59, 0x11, 0x59, 0x11, 0x59, 0x21, 0xdd, 
	0x11, 0x59, 0x11, 0x59, 0x11, 0x59, 0x19, 0x59, 
	0x21, 0x9b, 0x19, 0x59, 0x11, 0x57, 0x11, 0x57, 
	0x11, 0x59, 0x19, 0x59, 0x11, 0x59, 0x11, 0x59, 
	0x21, 0x9b, 0x11, 0x59, 0x19, 0x59, 0x42, 0xa1, 
	0x19, 0x57, 0x11, 0x57, 0x19, 0x59, 0x19, 0x99, 
	0x11, 0x59, 0x19, 0x59, 0x19, 0x59, 0x19, 0x59, 
	0x19, 0x59, 0x11, 0x19, 0x11, 0x59, 0x11, 0x59, 
	0x19, 0x19, 0x19, 0x59, 0x19, 0x59, 0x19, 0x19, 
	0x19, 0x19, 0x19, 0x19, 0x19, 0x19, 0x19, 0x19, 
	0x19, 0x57, 0x21, 0x59, 0x19, 0x57, 0x19, 0x57, 
	0x19, 0x17, 0x19, 0x17, 0x19, 0x17, 0x19, 0x17, 
	0x19, 0x17, 0x42, 0xa1, 0x19, 0x57, 0x32, 0x1d, 
	0x19, 0x59, 0x19, 0x59, 0x19, 0x59, 0x19, 0x57, 
	0x11, 0x17, 0x11, 0x17, 0x31, 0xdb, 0x19, 0x17, 
	0x19, 0x57, 0x29, 0xd9, 0x11, 0x15, 0x29, 0x99, 
	0x29, 0x99, 0x11, 0x15, 0x19, 0x55, 0x11, 0x15, 
	0x19, 0x55, 0x11, 0x15, 0x19, 0x55, 0x19, 0x55, 
	0x32, 0x1b, 0x19, 0x55, 0x11, 0x15, 0x11, 0x15, 
	0x11, 0x15, 0x19, 0x55, 0x19, 0x55, 0x11, 0x15, 
	0x11, 0x15, 0x11, 0x15, 0x19, 0x55, 0x11, 0x15, 
	0x21, 0x97, 0x19, 0x55, 0x11, 0x15, 0x19, 0x15, 
	0x29, 0xd9, 0x11, 0x15, 0x31, 0xdb, 0x11, 0x15, 
	0x11, 0x15, 0x19, 0x55, 0x19, 0x57, 0x19, 0x55, 
	0x19, 0x57, 0x19, 0x55, 0x11, 0x15, 0x21, 0x57, 
	0x19, 0x57, 0x19, 0x57, 0x19, 0x57, 0x19, 0x59, 
	0x19, 0x59, 0x19, 0x19, 0x19, 0x19, 0x21, 0x19, 
	0x21, 0x19, 0x21, 0x19, 0x21, 0x19, 0x21, 0x5b, 
	0x21, 0x5b, 0x21, 0x5b, 0x29, 0x1d, 0x31, 0x5d, 
	0x29, 0x5d, 0x31, 0x5d, 0x39, 0xa1, 0x31, 0x5f, 
	0x39, 0x61, 0x31, 0x5f, 0x39, 0x61, 0x39, 0x61, 
	0x39, 0x63, 0x39, 0xa3, 0x41, 0xe5, 0x39, 0xa3, 
	0x39, 0x63, 0x31, 0x63, 0x31, 0x63, 0x39, 0x63, 
	0x39, 0x63, 0x41, 0xa5, 0x4a, 0x27, 0x39, 0xa5, 
	0x39, 0xa3, 0x39, 0xa3, 0x39, 0x61, 0x39, 0x61, 
	0x31, 0x63, 0x39, 0x65, 0x31, 0x65, 0x52, 0x69, 
	0x31, 0x65, 0x39, 0xa5, 0x39, 0xa3, 0x31, 0x61, 
	0x39, 0xa5, 0x39, 0x65, 0x39, 0x65, 0x39, 0x65, 
	0x39, 0x67, 0x39, 0x67, 0x41, 0xa9, 0x41, 0xa9, 
	0x39, 0xa7, 0x39, 0xa9, 0x4a, 0x2d, 0x52, 0x71, 
	0x41, 0xed, 0x4a, 0x2f, 0x49, 0xed, 0x49, 0xeb, 
	0x41, 0xeb, 0x4a, 0x2d, 0x5a, 0x6f, 0x4a, 0x2d, 
	0x41, 0xad, 0x41, 0xed, 0x4a, 0x2f, 0x49, 0xed, 
	0x51, 0xef, 0x51, 0xf1, 0x51, 0xf1, 0x49, 0xef, 
	0x49, 0xed, 0x41, 0xab, 0x39, 0xa9, 0x39, 0xa9, 
	0x31, 0xa7, 0x31, 0xa7, 0x29, 0xa5, 0x29, 0x63, 
	0x29, 0x63, 0x21, 0x61, 0x21, 0x61, 0x21, 0x5f, 
	0x21, 0x5d, 0x19, 0x5d, 0x19, 0x5d, 0x19, 0x5d, 
	0x19, 0x5d, 0x21, 0x9f, 0x21, 0x9f, 0x19, 0x5d, 
	0x19, 0x5d, 0x19, 0x5b, 0x19, 0x5b, 0x21, 0x9d, 
	0x19, 0x5b, 0x19, 0x9b, 0x19, 0x59, 0x19, 0x9b, 
	0x19, 0x9b, 0x19, 0x9b, 0x11, 0x9b, 0x19, 0x9b, 
	0x19, 0x9b, 0x19, 0x9b, 0x19, 0x9b, 0x19, 0x9b, 
	0x19, 0x9b, 0x19, 0x9b, 0x19, 0x9b, 0x19, 0x9b, 
	0x3a, 0xa1, 0x19, 0x9b, 0x19, 0x9b, 0x19, 0x5b, 
	0x19, 0x5b, 0x21, 0x9b, 0x11, 0x59, 0x2a, 0x1d, 
	0x19, 0x9b, 0x19, 0x9b, 0x11, 0x59, 0x11, 0x59, 
	0x11, 0x59, 0x19, 0x9b, 0x19, 0x59, 0x19, 0x59, 
	0x19, 0x59, 0x19, 0x59, 0x19, 0x59, 0x19, 0x59, 
	0x19, 0x59, 0x19, 0x9b, 0x19, 0x99, 0x19, 0x59, 
	0x19, 0x59, 0x19, 0x59, 0x19, 0x99, 0x21, 0xdb, 
	0x11, 0x57, 0x11, 0x57, 0x19, 0x57, 0x19, 0x57, 
	0x11, 0x57, 0x11, 0x57, 0x11, 0x57, 0x11, 0x57, 
	0x29, 0xdb, 0x19, 0x57, 0x19, 0x57, 0x19, 0x57, 
	0x21, 0x9b, 0x19, 0x9b, 0x11, 0x59, 0x19, 0x59, 
	0x11, 0x59, 0x11, 0x59, 0x11, 0x59, 0x19, 0x59, 
	0x19, 0x59, 0x19, 0x59, 0x19, 0x57, 0x19, 0x57, 
	0x19, 0x59, 0x19, 0x59, 0x19, 0x59, 0x19, 0x59, 
	0x19, 0x59, 0x19, 0x59, 0x21, 0xdb, 0x21, 0x9b, 
	0x19, 0x59, 0x21, 0x9b, 0x19, 0x59, 0x19, 0x59, 
	0x19, 0x59, 0x19, 0x9b, 0x19, 0x9b, 0x11, 0x59, 
	0x11, 0x59, 0x11, 0x59, 0x19, 0x59, 0x11, 0x59, 
	0x19, 0x19, 0x19, 0x59, 0x19, 0x19, 0x19, 0x19, 
	0x19, 0x19, 0x19, 0x19, 0x19, 0x19, 0x19, 0x19, 
	0x19, 0x59, 0x19, 0x59, 0x19, 0x57, 0x21, 0x99, 
	0x11, 0x17, 0x19, 0x57, 0x19, 0x17, 0x19, 0x17, 
	0x19, 0x57, 0x19, 0x59, 0x19, 0x59, 0x32, 0x1f, 
	0x19, 0x59, 0x19, 0x59, 0x21, 0x9b, 0x19, 0x59, 
	0x19, 0x59, 0x11, 0x17, 0x5b, 0x63, 0x19, 0x57, 
	0x19, 0x55, 0x19, 0x55, 0x11, 0x15, 0x21, 0x97, 
	0x19, 0x55, 0x21, 0x57, 0x29, 0xd9, 0x11, 0x15, 
	0x11, 0x15, 0x11, 0x15, 0x19, 0x55, 0x19, 0x55, 
	0x19, 0x55, 0x11, 0x15, 0x11, 0x15, 0x11, 0x15, 
	0x11, 0x15, 0x19, 0x55, 0x19, 0x55, 0x11, 0x15, 
	0x19, 0x55, 0x19, 0x15, 0x11, 0x15, 0x11, 0x15, 
	0x19, 0x15, 0x19, 0x57, 0x19, 0x55, 0x19, 0x55, 
	0x19, 0x55, 0x19, 0x57, 0x19, 0x55, 0x11, 0x15, 
	0x11, 0x15, 0x11, 0x15, 0x11, 0x15, 0x19, 0x55, 
	0x21, 0x99, 0x19, 0x57, 0x11, 0x15, 0x19, 0x57, 
	0x21, 0x99, 0x19, 0x57, 0x19, 0x17, 0x19, 0x57, 
	0x4a, 0x9f, 0x19, 0x17, 0x19, 0x19, 0x21, 0x19, 
	0x21, 0x19, 0x21, 0x19, 0x21, 0x19, 0x29, 0x5b, 
	0x21, 0x5b, 0x21, 0x5b, 0x29, 0x1d, 0x31, 0x5f, 
	0x29, 0x1d, 0x31, 0x5f, 0x39, 0x5f, 0x31, 0x5f, 
	0x41, 0xa1, 0x39, 0x5f, 0x31, 0x5f, 0x39, 0x61, 
	0x39, 0x61, 0x31, 0x63, 0x39, 0x61, 0x39, 0x63, 
	0x39, 0xa3, 0x31, 0x63, 0x31, 0x63, 0x39, 0x65, 
	0x39, 0x63, 0x39, 0xa5, 0x39, 0xa3, 0x39, 0xa3, 
	0x39, 0xa3, 0x39, 0x63, 0x39, 0x61, 0x73, 0x6b, 
	0x31, 0x61, 0x31, 0x63, 0x31, 0x63, 0x31, 0x63, 
	0x31, 0x63, 0x31, 0x63, 0x31, 0x61, 0x31, 0x61, 
	0x52, 0x69, 0x39, 0xa5, 0x31, 0x65, 0x39, 0x65, 
	0x39, 0x67, 0x39, 0x67, 0x41, 0xa7, 0x41, 0xa9, 
	0x41, 0xa7, 0x41, 0xeb, 0x41, 0xed, 0x41, 0xed, 
	0x49, 0xed, 0x49, 0xef, 0x5a, 0x31, 0x49, 0xed, 
	0x49, 0xed, 0x41, 0xab, 0x41, 0xeb, 0x41, 0xab, 
	0x52, 0x6f, 0x5a, 0x6f, 0x49, 0xef, 0x49, 0xed, 
	0x49, 0xad, 0x49, 0xef, 0x51, 0xef, 0x49, 0xef, 
	0x51, 0xef, 0x49, 0xed, 0x41, 0xab, 0x39, 0xa9, 
	0x39, 0xa9, 0x31, 0xa7, 0x31, 0xa7, 0x29, 0xa5, 
	0x29, 0x63, 0x29, 0xa3, 0x21, 0x61, 0x21, 0x61, 
	0x21, 0x5f, 0x21, 0x5f, 0x19, 0x5f, 0x3a, 0x65, 
	0x21, 0x9f, 0x21, 0x9f, 0x21, 0xa1, 0x21, 0xa1, 
	0x21, 0x9f, 0x21, 0xe1, 0x19, 0x5d, 0x3a, 0x63, 
	0x21, 0x9d, 0x19, 0x5b, 0x11, 0x59, 0x19, 0x9b, 
	0x11, 0x5b, 0x19, 0x9b, 0x19, 0x9b, 0x19, 0x9b, 
	0x19, 0x9b, 0x19, 0xdd, 0x21, 0xdd, 0x19, 0x9b, 
	0x19, 0x9b, 0x21, 0xdd, 0x21, 0xdd, 0x19, 0x9b, 
	0x19, 0x9b, 0x19, 0x9b, 0x11, 0x5b, 0x21, 0xdd, 
	0x21, 0xdd, 0x19, 0x9b, 0x19, 0x9b, 0x19, 0x9b, 
	0x19, 0x9b, 0x11, 0x59, 0x19, 0x9b, 0x19, 0x9b, 
	0x19, 0x9b, 0x21, 0x9b, 0x19, 0x59, 0x19, 0x59, 
	0x19, 0x9b, 0x19, 0x59, 0x19, 0x9b, 0x19, 0x59, 
	0x21, 0x9b, 0x19, 0x59, 0x19, 0x9b, 0x19, 0x59, 
	0x19, 0x59, 0x19, 0x59, 0x19, 0x59, 0x19, 0x57, 
	0x11, 0x57, 0x11, 0x57, 0x11, 0x57, 0x19, 0x57, 
	0x19, 0x59, 0x11, 0x57, 0x11, 0x57, 0x19, 0x99, 
	0x21, 0x99, 0x21, 0xd9, 0x19, 0x57, 0x19, 0x57, 
	0x19, 0x9b, 0x19, 0x59, 0x11, 0x59, 0x11, 0x59, 
	0x19, 0x59, 0x19, 0x59, 0x19, 0x59, 0x19, 0x59, 
	0x19, 0x59, 0x19, 0x59, 0x19, 0x59, 0x19, 0x59, 
	0x21, 0x99, 0x19, 0x59, 0x21, 0x9b, 0x11, 0x59, 
	0x11, 0x59, 0x19, 0x59, 0x11, 0x59, 0x19, 0x59, 
	0x19, 0x59, 0x11, 0x59, 0x19, 0x59, 0x19, 0x59, 
	0x19, 0x59, 0x19, 0x59, 0x19, 0x59, 0x11, 0x59, 
	0x11, 0x59, 0x19, 0x59, 0x21, 0x9b, 0x21, 0x9b, 
	0x3a, 0x1f, 0x31, 0xdd, 0x19, 0x59, 0x19, 0x19, 
	0x19, 0x19, 0x19, 0x19, 0x19, 0x59, 0x19, 0x19, 
	0x19, 0x57, 0x19, 0x57, 0x11, 0x17, 0x19, 0x57, 
	0x11, 0x17, 0x11, 0x17, 0x19, 0x59, 0x11, 0x17, 
	0x19, 0x59, 0x19, 0x59, 0x19, 0x19, 0x19, 0x5b, 
	0x19, 0x19, 0x19, 0x19, 0x19, 0x19, 0x3a, 0x1f, 
	0x19, 0x19, 0x11, 0x19, 0x19, 0x57, 0x19, 0x57, 
	0x19, 0x15, 0x11, 0x15, 0x19, 0x55, 0x11, 0x15, 
	0x19, 0x55, 0x19, 0x55, 0x11, 0x15, 0x11, 0x15, 
	0x19, 0x55, 0x19, 0x57, 0x19, 0x57, 0x29, 0xd9, 
	0x11, 0x15, 0x11, 0x15, 0x11, 0x15, 0x19, 0x55, 
	0x11, 0x15, 0x11, 0x15, 0x21, 0x97, 0x11, 0x15, 
	0x11, 0x15, 0x11, 0x15, 0x29, 0xd9, 0x19, 0x15, 
	0x19, 0x57, 0x19, 0x55, 0x19, 0x55, 0x19, 0x57, 
	0x11, 0x15, 0x11, 0x15, 0x11, 0x15, 0x11, 0x15, 
	0x11, 0x15, 0x11, 0x15, 0x11, 0x15, 0x11, 0x15, 
	0x29, 0xd9, 0x19, 0x55, 0x19, 0x15, 0x32, 0x1b, 
	0x21, 0x57, 0x19, 0x57, 0x19, 0x57, 0x19, 0x17, 
	0x4a, 0x9f, 0x19, 0x17, 0x19, 0x17, 0x21, 0x19, 
	0x21, 0x19, 0x19, 0x19, 0x21, 0x19, 0x21, 0x5b, 
	0x21, 0x5b, 0x21, 0x5b, 0x29, 0x5b, 0x29, 0x5d, 
	0x39, 0x9f, 0x41, 0xe1, 0x31, 0x5d, 0x41, 0xe1, 
	0x31, 0x5f, 0x39, 0x5f, 0x31, 0x5f, 0x31, 0x5f, 
	0x41, 0xe3, 0x31, 0x61, 0x31, 0x61, 0x39, 0x63, 
	0x39, 0xa3, 0x39, 0x63, 0x39, 0x63, 0x39, 0x65, 
	0x39, 0x65, 0x39, 0x63, 0x39, 0x63, 0x39, 0xa3, 
	0x39, 0x63, 0x39, 0x61, 0x39, 0x61, 0x39, 0x63, 
	0x31, 0x61, 0x31, 0x61, 0x31, 0x63, 0x31, 0x63, 
	0x31, 0x61, 0x31, 0x61, 0x31, 0x61, 0x31, 0x61, 
	0x31, 0x61, 0x39, 0x63, 0x31, 0x65, 0x39, 0x65, 
	0x39, 0x67, 0x39, 0xa7, 0x41, 0xa7, 0x41, 0xa7, 
	0x41, 0xa9, 0x41, 0xab, 0x49, 0xeb, 0x49, 0xed, 
	0x49, 0xed, 0x51, 0xed, 0x51, 0xef, 0x51, 0xed, 
	0x8b, 0xf1, 0x41, 0xa9, 0x41, 0xab, 0x41, 0xab, 
	0x41, 0xab, 0x49, 0xed, 0x49, 0xed, 0x4a, 0x2d, 
	0x41, 0xab, 0x49, 0xed, 0x51, 0xef, 0x49, 0xad, 
	0x41, 0xab, 0x49, 0xed, 0x4a, 0x2d, 0x39, 0xab, 
	0x39, 0xab, 0x41, 0xeb, 0x31, 0xa7, 0x31, 0xa5, 
	0x29, 0xa5, 0x29, 0x63, 0x21, 0x63, 0x29, 0xa3, 
	0x21, 0x61, 0x21, 0x61, 0x21, 0x5f, 0x21, 0x9f, 
	0x21, 0x9f, 0x21, 0x5f, 0x21, 0xa1, 0x21, 0xa1, 
	0x21, 0xa1, 0x21, 0xa1, 0x21, 0x5f, 0x21, 0x5f, 
	0x19, 0x5b, 0x19, 0x59, 0x19, 0x59, 0x21, 0xdb, 
	0x11, 0x9b, 0x21, 0xdd, 0x19, 0xdd, 0x19, 0x9b, 
	0x19, 0x9b, 0x19, 0x9b, 0x19, 0x9b, 0x19, 0x9b, 
	0x19, 0x9b, 0x11, 0x9b, 0x19, 0x9b, 0x19, 0x9b, 
	0x19, 0x9b, 0x11, 0x9b, 0x19, 0x9b, 0x19, 0x9b, 
	0x11, 0x9b, 0x11, 0x9b, 0x19, 0x9b, 0x19, 0x9b, 
	0x11, 0x9b, 0x19, 0x9b, 0x21, 0xdd, 0x19, 0x9b, 
	0x19, 0x99, 0x19, 0x59, 0x19, 0x59, 0x19, 0x59, 
	0x19, 0x59, 0x21, 0x9b, 0x19, 0x9b, 0x21, 0xdb, 
	0x32, 0x1f, 0x19, 0x9b, 0x19, 0x59, 0x19, 0x59, 
	0x19, 0x59, 0x19, 0x59, 0x19, 0x59, 0x11, 0x57, 
	0x19, 0x57, 0x11, 0x57, 0x21, 0x99, 0x19, 0x57, 
	0x19, 0x57, 0x11, 0x57, 0x21, 0x99, 0x19, 0x99, 
	0x21, 0xdb, 0x32, 0x1d, 0x19, 0x57, 0x11, 0x57, 
	0x11, 0x59, 0x19, 0x59, 0x19, 0x59, 0x19, 0x59, 
	0x19, 0x59, 0x11, 0x59, 0x19, 0x59, 0x21, 0x9b, 
	0x19, 0x59, 0x19, 0x57, 0x19, 0x57, 0x11, 0x57, 
	0x19, 0x59, 0x11, 0x57, 0x11, 0x59, 0x11, 0x59, 
	0x11, 0x59, 0x42, 0xa1, 0x21, 0x99, 0x11, 0x59, 
	0x11, 0x59, 0x11, 0x59, 0x19, 0x59, 0x19, 0x59, 
	0x19, 0x9b, 0x11, 0x59, 0x11, 0x59, 0x11, 0x59, 
	0x11, 0x59, 0x19, 0x59, 0x11, 0x59, 0x29, 0xdd, 
	0x19, 0x59, 0x19, 0x59, 0x19, 0x59, 0x19, 0x59, 
	0x19, 0x59, 0x19, 0x59, 0x19, 0x59, 0x19, 0x59, 
	0x19, 0x57, 0x19, 0x59, 0x19, 0x57, 0x19, 0x59, 
	0x19, 0x57, 0x19, 0x59, 0x19, 0x59, 0x19, 0x59, 
	0x19, 0x19, 0x19, 0x19, 0x19, 0x19, 0x19, 0x59, 
	0x19, 0x59, 0x19, 0x19, 0x19, 0x59, 0x21, 0x9b, 
	0x19, 0x59, 0x19, 0x59, 0x21, 0x59, 0x21, 0x99, 
	0x19, 0x57, 0x19, 0x55, 0x19, 0x55, 0x11, 0x15, 
	0x19, 0x57, 0x11, 0x15, 0x19, 0x55, 0x19, 0x55, 
	0x19, 0x55, 0x19, 0x57, 0x19, 0x55, 0x11, 0x15, 
	0x11, 0x15, 0x11, 0x15, 0x11, 0x15, 0x11, 0x15, 
	0x11, 0x15, 0x11, 0x15, 0x11, 0x15, 0x21, 0x97, 
	0x19, 0x55, 0x19, 0x57, 0x19, 0x17, 0x19, 0x17, 
	0x19, 0x17, 0x19, 0x15, 0x11, 0x15, 0x19, 0x55, 
	0x19, 0x55, 0x19, 0x55, 0x11, 0x15, 0x32, 0x1b, 
	0x19, 0x57, 0x11, 0x15, 0x19, 0x57, 0x11, 0x15, 
	0x19, 0x55, 0x19, 0x55, 0x19, 0x57, 0x19, 0x17, 
	0x19, 0x57, 0x19, 0x57, 0x11, 0x17, 0x19, 0x17, 
	0x19, 0x57, 0x19, 0x17, 0x19, 0x17, 0x21, 0x19, 
	0x21, 0x19, 0x19, 0x19, 0x29, 0x9b, 0x21, 0x5b, 
	0x21, 0x5b, 0x21, 0x5b, 0x21, 0x5b, 0x29, 0x5b, 
	0x29, 0x5d, 0x39, 0x9f, 0x31, 0x5d, 0x41, 0xe1, 
	0x31, 0x5d, 0x39, 0x5f, 0x31, 0x5f, 0x31, 0x5f, 
	0x41, 0xe3, 0x31, 0x61, 0x31, 0x61, 0x4a, 0x25, 
	0x31, 0x63, 0x39, 0x63, 0x31, 0x63, 0x39, 0x65, 
	0x31, 0x65, 0x31, 0x63, 0x31, 0x63, 0x39, 0x63, 
	0x39, 0x63, 0x39, 0x61, 0x39, 0x61, 0x39, 0x61, 
	0x31, 0x61, 0x31, 0x61, 0x31, 0x61, 0x31, 0x61, 
	0x31, 0x61, 0x31, 0x5f, 0x31, 0x61, 0x39, 0xa1, 
	0x39, 0xa1, 0x31, 0x63, 0x39, 0xa5, 0x39, 0x65, 
	0x39, 0x67, 0x39, 0xa7, 0x39, 0xa7, 0x41, 0xa7, 
	0x49, 0xeb, 0x41, 0xab, 0x49, 0xab, 0x49, 0xed, 
	0x49, 0xed, 0x49, 0xed, 0x51, 0xed, 0x51, 0xef, 
	0x51, 0xed, 0x49, 0xed, 0x41, 0xab, 0x41, 0xeb, 
	0x41, 0xab, 0x49, 0xed, 0x49, 0xed, 0x49, 0xed, 
	0x41, 0xab, 0x41, 0xab, 0x52, 0x2f, 0x52, 0x2d, 
	0x41, 0xab, 0x41, 0xab, 0x41, 0xab, 0x39, 0xab, 
	0x39, 0xab, 0x39, 0xab, 0x39, 0xa9, 0x31, 0xa7, 
	0x31, 0xa5, 0x29, 0xa5, 0x29, 0xa3, 0x29, 0x63, 
	0x29, 0x61, 0x21, 0x61, 0x21, 0x61, 0x21, 0x5f, 
	0x21, 0x5f, 0x21, 0x5f, 0x21, 0x61, 0x29, 0xa1, 
	0x29, 0xa1, 0x29, 0xe3, 0x21, 0xa1, 0x21, 0x9f, 
	0x19, 0x5b, 0x19, 0x5b, 0x19, 0x9b, 0x32, 0x5f, 
	0x19, 0x9b, 0x21, 0xdd, 0x19, 0x9b, 0x19, 0x9b, 
	0x11, 0x9b, 0x19, 0x9b, 0x2a, 0x1f, 0x19, 0x9b, 
	0x19, 0x9b, 0x21, 0xdd, 0x2a, 0x1f, 0x19, 0x9b, 
	0x19, 0x9b, 0x11, 0x9b, 0x21, 0xdd, 0x19, 0x9b, 
	0x11, 0x9b, 0x11, 0x9b, 0x11, 0x9b, 0x11, 0x5b, 
	0x11, 0x5b, 0x11, 0x5b, 0x11, 0x5b, 0x21, 0x9b, 
	0x19, 0x9b, 0x19, 0x9b, 0x11, 0x59, 0x19, 0x59, 
	0x19, 0x59, 0x11, 0x59, 0x19, 0x59, 0x21, 0xdb, 
	0x11, 0x59, 0x19, 0x59, 0x19, 0x59, 0x19, 0x59, 
	0x11, 0x59, 0x11, 0x59, 0x11, 0x59, 0x11, 0x57, 
	0x21, 0x9b, 0x19, 0x57, 0x19, 0x57, 0x19, 0x57, 
	0x19, 0x57, 0x11, 0x57, 0x19, 0x99, 0x19, 0x57, 
	0x11, 0x57, 0x19, 0x57, 0x11, 0x57, 0x11, 0x57, 
	0x19, 0x59, 0x19, 0x59, 0x21, 0x9b, 0x19, 0x59, 
	0x19, 0x59, 0x19, 0x59, 0x19, 0x59, 0x19, 0x57, 
	0x21, 0x9b, 0x19, 0x57, 0x19, 0x57, 0x11, 0x57, 
	0x11, 0x57, 0x11, 0x57, 0x11, 0x59, 0x11, 0x57, 
	0x11, 0x57, 0x19, 0x59, 0x11, 0x57, 0x21, 0xdb, 
	0x11, 0x59, 0x11, 0x59, 0x19, 0x59, 0x19, 0x99, 
	0x21, 0x9b, 0x11, 0x59, 0x11, 0x59, 0x11, 0x59, 
	0x11, 0x59, 0x19, 0x59, 0x11, 0x59, 0x11, 0x59, 
	0x19, 0x59, 0x19, 0x59, 0x19, 0x59, 0x19, 0x59, 
	0x19, 0x59, 0x19, 0x59, 0x11, 0x59, 0x19, 0x59, 
	0x19, 0x59, 0x21, 0x99, 0x19, 0x17, 0x19, 0x57, 
	0x19, 0x57, 0x19, 0x59, 0x3a, 0x1f, 0x19, 0x19, 
	0x19, 0x19, 0x19, 0x59, 0x19, 0x59, 0x19, 0x59, 
	0x19, 0x19, 0x19, 0x59, 0x19, 0x59, 0x19, 0x59, 
	0x19, 0x19, 0x19, 0x59, 0x19, 0x59, 0x21, 0x59, 
	0x19, 0x57, 0x21, 0x97, 0x19, 0x55, 0x11, 0x15, 
	0x21, 0x97, 0x11, 0x15, 0x11, 0x15, 0x19, 0x55, 
	0x11, 0x15, 0x19, 0x55, 0x19, 0x55, 0x19, 0x55, 
	0x19, 0x55, 0x11, 0x15, 0x19, 0x57, 0x19, 0x57, 
	0x11, 0x15, 0x19, 0x57, 0x19, 0x17, 0x19, 0x17, 
	0x19, 0x57, 0x19, 0x57, 0x19, 0x57, 0x19, 0x17, 
	0x19, 0x17, 0x3a, 0x1d, 0x11, 0x15, 0x19, 0x55, 
	0x21, 0x97, 0x31, 0xd9, 0x19, 0x57, 0x11, 0x15, 
	0x19, 0x55, 0x19, 0x55, 0x19, 0x55, 0x19, 0x57, 
	0x19, 0x55, 0x19, 0x55, 0x21, 0x97, 0x19, 0x15, 
	0x19, 0x15, 0x19, 0x57, 0x19, 0x57, 0x19, 0x55, 
	0x19, 0x17, 0x19, 0x57, 0x19, 0x17, 0x19, 0x19, 
	0x19, 0x19, 0x19, 0x19, 0x29, 0x9b, 0x21, 0x5b, 
	0x21, 0x5b, 0x29, 0x5d, 0x21, 0x5b, 0x5a, 0xe5, 
	0x29, 0x1d, 0x31, 0x5d, 0x31, 0x5d, 0x31, 0x5d, 
	0x31, 0x1d, 0x31, 0x5f, 0x31, 0x5f, 0x31, 0x5d, 
	0x31, 0x5d, 0x31, 0x5f, 0x39, 0x61, 0x31, 0x5f, 
	0x31, 0x61, 0x31, 0x63, 0x31, 0x63, 0x41, 0xe7, 
	0x31, 0x63, 0x31, 0x63, 0x31, 0x63, 0x39, 0xa1, 
	0x31, 0x61, 0x31, 0x61, 0x31, 0x61, 0x39, 0x61, 
	0x31, 0x61, 0x31, 0x61, 0x31, 0x61, 0x31, 0xa1, 
	0x31, 0x61, 0x31, 0x5f, 0x31, 0x61, 0x31, 0x61, 
	0x31, 0xa1, 0x31, 0xa3, 0x31, 0x63, 0x39, 0x65, 
	0x39, 0x65, 0x39, 0xa7, 0x39, 0xa7, 0x41, 0xa7, 
	0x49, 0xab, 0x41, 0xab, 0x41, 0xab, 0x49, 0xab, 
	0x49, 0xeb, 0x49, 0xed, 0x49, 0xed, 0x49, 0xed, 
	0x52, 0x2f, 0x5a, 0x6f, 0x49, 0xeb, 0x41, 0xab, 
	0x41, 0xab, 0x49, 0xed, 0x49, 0xed, 0x49, 0xed, 
	0x49, 0xab, 0x49, 0xad, 0x49, 0xed, 0x4a, 0x2d, 
	0x41, 0xab, 0x41, 0xab, 0x39, 0xab, 0x41, 0xed, 
	0x41, 0xed, 0x39, 0xed, 0x39, 0xad, 0x39, 0xa9, 
	0x31, 0xa7, 0x31, 0xa5, 0x31, 0xa5, 0x29, 0xa3, 
	0x29, 0x63, 0x21, 0x61, 0x21, 0x61, 0x21, 0x5f, 
	0x21, 0xa1, 0x21, 0xa1, 0x29, 0xa1, 0x29, 0xa1, 
	0x21, 0xa1, 0x21, 0xa1, 0x21, 0x9f, 0x21, 0x5f, 
	0x19, 0x5d, 0x21, 0xdd, 0x19, 0x59, 0x19, 0x9b, 
	0x19, 0x9b, 0x19, 0x9b, 0x21, 0xdd, 0x19, 0x9b, 
	0x19, 0x9b, 0x11, 0x9b, 0x11, 0x9b, 0x19, 0x9b, 
	0x19, 0x9b, 0x19, 0x9b, 0x3a, 0x5f, 0x21, 0xdd, 
	0x11, 0x9b, 0x19, 0x9b, 0x19, 0x9b, 0x19, 0x9b, 
	0x11, 0x9b, 0x21, 0xdd, 0x21, 0xdd, 0x19, 0x9b, 
	0x19, 0x9b, 0x11, 0x5b, 0x11, 0x5b, 0x19, 0x59, 
	0x11, 0x59, 0x11, 0x59, 0x11, 0x59, 0x11, 0x59, 
	0x11, 0x59, 0x11, 0x59, 0x11, 0x59, 0x11, 0x59, 
	0x11, 0x59, 0x19, 0x59, 0x19, 0x59, 0x11, 0x57, 
	0x11, 0x57, 0x11, 0x57, 0x11, 0x57, 0x11, 0x57, 
	0x11, 0x57, 0x11, 0x57, 0x19, 0x57, 0x19, 0x57, 
	0x19, 0x59, 0x21, 0x59, 0x19, 0x57, 0x11, 0x57, 
	0x11, 0x57, 0x19, 0x57, 0x11, 0x57, 0x11, 0x57, 
	0x19, 0x59, 0x19, 0x59, 0x19, 0x59, 0x19, 0x59, 
	0x19, 0x59, 0x19, 0x59, 0x21, 0x59, 0x19, 0x59, 
	0x19, 0x57, 0x19, 0x57, 0x19, 0x57, 0x19, 0x99, 
	0x11, 0x57, 0x11, 0x57, 0x19, 0x57, 0x19, 0x59, 
	0x11, 0x57, 0x11, 0x57, 0x11, 0x59, 0x19, 0x59, 
	0x11, 0x59, 0x19, 0x59, 0x11, 0x59, 0x19, 0x59, 
	0x19, 0x59, 0x19, 0x59, 0x19, 0x59, 0x11, 0x59, 
	0x11, 0x59, 0x19, 0x59, 0x5b, 0x65, 0x19, 0x57, 
	0x19, 0x57, 0x19, 0x57, 0x11, 0x59, 0x19, 0x99, 
	0x19, 0x59, 0x19, 0x9b, 0x19, 0x59, 0x19, 0x99, 
	0x19, 0x59, 0x21, 0x99, 0x11, 0x57, 0x11, 0x57, 
	0x32, 0x1d, 0x21, 0x9b, 0x21, 0x59, 0x19, 0x19, 
	0x19, 0x19, 0x19, 0x59, 0x19, 0x59, 0x19, 0x59, 
	0x19, 0x59, 0x21, 0x5b, 0x19, 0x19, 0x3a, 0x5f, 
	0x19, 0x19, 0x19, 0x59, 0x19, 0x59, 0x19, 0x57, 
	0x19, 0x57, 0x19, 0x55, 0x19, 0x57, 0x29, 0xd9, 
	0x19, 0x55, 0x11, 0x15, 0x21, 0x97, 0x11, 0x15, 
	0x19, 0x55, 0x19, 0x55, 0x19, 0x57, 0x19, 0x55, 
	0x19, 0x57, 0x19, 0x57, 0x11, 0x17, 0x19, 0x57, 
	0x19, 0x57, 0x19, 0x57, 0x19, 0x57, 0x19, 0x57, 
	0x19, 0x57, 0x11, 0x17, 0x19, 0x57, 0x19, 0x57, 
	0x19, 0x57, 0x19, 0x57, 0x19, 0x57, 0x11, 0x15, 
	0x19, 0x55, 0x21, 0x57, 0x11, 0x15, 0x19, 0x55, 
	0x19, 0x57, 0x11, 0x15, 0x19, 0x55, 0x19, 0x57, 
	0x11, 0x15, 0x11, 0x15, 0x19, 0x55, 0x19, 0x57, 
	0x19, 0x15, 0x21, 0x97, 0x29, 0x99, 0x19, 0x57, 
	0x19, 0x17, 0x19, 0x17, 0x19, 0x17, 0x19, 0x19, 
	0x19, 0x19, 0x21, 0x59, 0x21, 0x59, 0x21, 0x5b, 
	0x21, 0x5b, 0x21, 0x5b, 0x21, 0x5b, 0x42, 0x1f, 
	0x29, 0x1d, 0x31, 0x5d, 0x31, 0x1d, 0x31, 0x5f, 
	0x31, 0x5d, 0x31, 0x5f, 0x31, 0x5f, 0x39, 0x9f, 
	0x31, 0x5d, 0x31, 0x5d, 0x31, 0x5f, 0x31, 0x5f, 
	0x31, 0x5f, 0x31, 0x61, 0x31, 0x63, 0x31, 0x63, 
	0x31, 0x63, 0x31, 0x63, 0x41, 0xe5, 0x41, 0xe3, 
	0x4a, 0x25, 0x31, 0x5f, 0x31, 0x5f, 0x31, 0x5f, 
	0x31, 0x5f, 0x31, 0x5f, 0x31, 0x61, 0x31, 0x61, 
	0x31, 0xa1, 0x31, 0x5f, 0x31, 0x61, 0x31, 0x61, 
	0x31, 0x5f, 0x39, 0xa3, 0x31, 0x63, 0x39, 0xa5, 
	0x39, 0x65, 0x39, 0xa7, 0x39, 0xa7, 0x39, 0xa7, 
	0x41, 0xa9, 0x41, 0xa9, 0x41, 0xa9, 0x5a, 0x6f, 
	0x49, 0xed, 0x49, 0xab, 0x49, 0xab, 0x49, 0xed, 
	0x51, 0xef, 0x49, 0xed, 0x51, 0xed, 0x41, 0xeb, 
	0x49, 0xeb, 0x49, 0xed, 0x49, 0xed, 0x49, 0xed, 
	0x49, 0xeb, 0x49, 0xed, 0x49, 0xeb, 0x41, 0xeb, 
	0x41, 0xab, 0x41, 0xad, 0x52, 0x71, 0x41, 0xed, 
	0x39, 0xad, 0x39, 0xed, 0x41, 0xed, 0x39, 0xab, 
	0x31, 0xa9, 0x31, 0xa7, 0x4a, 0x2b, 0x31, 0xa5, 
	0x29, 0x63, 0x29, 0xa3, 0x29, 0x61, 0x21, 0x61, 
	0x21, 0xa1, 0x31, 0xe3, 0x29, 0xa1, 0x29, 0xa3, 
	0x31, 0xe3, 0x21, 0x5f, 0x19, 0x5f, 0x19, 0x5d, 
	0x19, 0x5b, 0x19, 0x5b, 0x19, 0x5b, 0x19, 0x5b, 
	0x21, 0xdd, 0x19, 0x9b, 0x19, 0x9b, 0x19, 0x9b, 
	0x21, 0xdd, 0x19, 0x9b, 0x19, 0x9b, 0x11, 0x9b, 
	0x11, 0x9b, 0x42, 0xe3, 0x19, 0x9b, 0x11, 0x9b, 
	0x11, 0x5b, 0x32, 0x5f, 0x19, 0x9b, 0x19, 0x9b, 
	0x19, 0x9d, 0x11, 0x9b, 0x19, 0x9b, 0x19, 0x9b, 
	0x19, 0x9b, 0x11, 0x5b, 0x11, 0x5b, 0x11, 0x59, 
	0x19, 0x9b, 0x21, 0xdd, 0x19, 0x9b, 0x11, 0x59, 
	0x11, 0x59, 0x11, 0x59, 0x19, 0x9b, 0x11, 0x59, 
	0x11, 0x59, 0x11, 0x59, 0x11, 0x59, 0x11, 0x57, 
	0x11, 0x57, 0x11, 0x57, 0x11, 0x57, 0x11, 0x57, 
	0x11, 0x57, 0x11, 0x57, 0x21, 0x9b, 0x21, 0x59, 
	0x19, 0x57, 0x19, 0x57, 0x19, 0x57, 0x11, 0x57, 
	0x11, 0x57, 0x3a, 0x5f, 0x19, 0x59, 0x11, 0x57, 
	0x19, 0x59, 0x19, 0x59, 0x19, 0x59, 0x19, 0x59, 
	0x19, 0x59, 0x19, 0x59, 0x19, 0x59, 0x19, 0x59, 
	0x19, 0x57, 0x19, 0x59, 0x19, 0x57, 0x19, 0x57, 
	0x19, 0x57, 0x19, 0x57, 0x19, 0x57, 0x11, 0x57, 
	0x11, 0x57, 0x11, 0x57, 0x11, 0x57, 0x11, 0x59, 
	0x11, 0x59, 0x11, 0x59, 0x11, 0x59, 0x11, 0x59, 
	0x19, 0x59, 0x19, 0x59, 0x21, 0xdb, 0x19, 0x59, 
	0x11, 0x59, 0x19, 0x59, 0x42, 0x5d, 0x19, 0x17, 
	0x19, 0x57, 0x11, 0x59, 0x11, 0x59, 0x19, 0x9b, 
	0x11, 0x59, 0x11, 0x59, 0x21, 0x9b, 0x19, 0x59, 
	0x11, 0x59, 0x11, 0x57, 0x11, 0x57, 0x11, 0x57, 
	0x19, 0x59, 0x19, 0x59, 0x19, 0x19, 0x19, 0x59, 
	0x19, 0x19, 0x19, 0x19, 0x11, 0x19, 0x19, 0x19, 
	0x19, 0x19, 0x19, 0x19, 0x19, 0x19, 0x11, 0x19, 
	0x19, 0x59, 0x19, 0x19, 0x19, 0x57, 0x19, 0x17, 
	0x19, 0x57, 0x19, 0x55, 0x19, 0x55, 0x21, 0x97, 
	0x19, 0x55, 0x19, 0x55, 0x19, 0x55, 0x11, 0x15, 
	0x11, 0x15, 0x19, 0x15, 0x19, 0x57, 0x19, 0x15, 
	0x19, 0x57, 0x11, 0x17, 0x11, 0x17, 0x11, 0x17, 
	0x11, 0x17, 0x11, 0x17, 0x11, 0x17, 0x19, 0x57, 
	0x21, 0x99, 0x11, 0x57, 0x11, 0x57, 0x11, 0x57, 
	0x19, 0x57, 0x19, 0x57, 0x19, 0x17, 0x11, 0x15, 
	0x11, 0x15, 0x11, 0x15, 0x32, 0x1b, 0x19, 0x55, 
	0x19, 0x57, 0x19, 0x55, 0x11, 0x15, 0x11, 0x15, 
	0x11, 0x15, 0x11, 0x15, 0x11, 0x15, 0x19, 0x15, 
	0x19, 0x57, 0x19, 0x15, 0x11, 0x15, 0x19, 0x15, 
	0x19, 0x17, 0x19, 0x17, 0x19, 0x17, 0x19, 0x19, 
	0x19, 0x19, 0x21, 0x59, 0x19, 0x19, 0x21, 0x19, 
	0x21, 0x1b, 0x21, 0x19, 0x21, 0x19, 0x42, 0x21, 
	0x29, 0x1d, 0x29, 0x1d, 0x31, 0x5d, 0x39, 0x5f, 
	0x31, 0x5f, 0x31, 0x5d, 0x31, 0x5d, 0x31, 0x9f, 
	0x31, 0x9f, 0x29, 0x5d, 0x31, 0x5d, 0x31, 0x5f, 
	0x31, 0x5f, 0x31, 0x61, 0x31, 0xa3, 0x31, 0x63, 
	0x31, 0x63, 0x39, 0xa5, 0x31, 0x61, 0x29, 0x61, 
	0x31, 0xa1, 0x29, 0x5f, 0x29, 0x5f, 0x31, 0x5f, 
	0x31, 0x5f, 0x29, 0x5f, 0x31, 0x61, 0x29, 0x61, 
	0x31, 0x61, 0x29, 0x5f, 0x31, 0x5f, 0x31, 0x61, 
	0x39, 0xa1, 0x31, 0x61, 0x31, 0x63, 0x39, 0x63, 
	0x39, 0x65, 0x39, 0xa5, 0x41, 0xa7, 0x39, 0xa7, 
	0x39, 0xa7, 0x41, 0xa9, 0x49, 0xeb, 0x49, 0xab, 
	0x49, 0xab, 0x62, 0xaf, 0x49, 0xab, 0x49, 0xed, 
	0x49, 0xed, 0x49, 0xed, 0x49, 0xed, 0x49, 0xeb, 
	0x49, 0xeb, 0x41, 0xab, 0x49, 0xab, 0x49, 0xab, 
	0x49, 0xeb, 0x49, 0xeb, 0x52, 0x2f, 0x41, 0xeb, 
	0x49, 0xed, 0x49, 0xed, 0x39, 0xed, 0x39, 0xed, 
	0x39, 0xed, 0x39, 0xed, 0x39, 0xed, 0x39, 0xab, 
	0x39, 0xa9, 0x39, 0xe9, 0x31, 0xa5, 0x31, 0x63, 
	0x29, 0x63, 0x31, 0xa3, 0x29, 0xa3, 0x29, 0x63, 
	0x29, 0xa1, 0x32, 0x25, 0x29, 0xa3, 0x29, 0xa3, 
	0x21, 0xa1, 0x19, 0x5f, 0x19, 0x9d, 0x21, 0x9d, 
	0x19, 0x5b, 0x19, 0x5b, 0x19, 0x5b, 0x19, 0x5b, 
	0x19, 0x5b, 0x19, 0x9d, 0x19, 0x9d, 0x19, 0x9d, 
	0x19, 0x9b, 0x11, 0x9b, 0x19, 0x9b, 0x11, 0x5b, 
	0x11, 0x5b, 0x19, 0x9b, 0x11, 0x9b, 0x11, 0x9b, 
	0x21, 0xdd, 0x21, 0xdd, 0x19, 0x9b, 0x11, 0x5b, 
	0x11, 0x9b, 0x11, 0x5b, 0x11, 0x5b, 0x19, 0x9b, 
	0x11, 0x5b, 0x11, 0x5b, 0x11, 0x5b, 0x11, 0x59, 
	0x11, 0x59, 0x3a, 0x61, 0x19, 0x9b, 0x11, 0x59, 
	0x11, 0x59, 0x11, 0x59, 0x19, 0x9b, 0x19, 0x59, 
	0x19, 0x59, 0x11, 0x59, 0x11, 0x59, 0x11, 0x57, 
	0x11, 0x57, 0x11, 0x57, 0x11, 0x57, 0x11, 0x57, 
	0x11, 0x57, 0x19, 0x57, 0x19, 0x57, 0x19, 0x57, 
	0x19, 0x57, 0x19, 0x57, 0x19, 0x57, 0x19, 0x59, 
	0x19, 0x57, 0x11, 0x57, 0x11, 0x57, 0x11, 0x57, 
	0x19, 0x59, 0x19, 0x59, 0x19, 0x59, 0x19, 0x59, 
	0x19, 0x59, 0x19, 0x59, 0x19, 0x59, 0x21, 0x99, 
	0x21, 0x99, 0x19, 0x57, 0x19, 0x59, 0x19, 0x57, 
	0x19, 0x57, 0x19, 0x57, 0x19, 0x57, 0x19, 0x57, 
	0x11, 0x57, 0x11, 0x57, 0x11, 0x57, 0x19, 0x59, 
	0x11, 0x59, 0x11, 0x59, 0x11, 0x59, 0x11, 0x59, 
	0x11, 0x59, 0x11, 0x59, 0x19, 0x59, 0x19, 0x59, 
	0x19, 0x59, 0x19, 0x57, 0x19, 0x57, 0x19, 0x57, 
	0x19, 0x59, 0x11, 0x57, 0x11, 0x59, 0x11, 0x59, 
	0x19, 0x59, 0x19, 0x59, 0x19, 0x59, 0x19, 0x99, 
	0x11, 0x59, 0x11, 0x57, 0x19, 0x99, 0x11, 0x57, 
	0x19, 0x59, 0x11, 0x59, 0x11, 0x59, 0x42, 0xa1, 
	0x19, 0x59, 0x11, 0x59, 0x19, 0x59, 0x19, 0x59, 
	0x19, 0x59, 0x19, 0x19, 0x19, 0x59, 0x19, 0x19, 
	0x19, 0x19, 0x19, 0x59, 0x19, 0x57, 0x19, 0x57, 
	0x19, 0x57, 0x19, 0x57, 0x19, 0x55, 0x19, 0x55, 
	0x19, 0x55, 0x19, 0x55, 0x19, 0x57, 0x19, 0x55, 
	0x19, 0x17, 0x19, 0x17, 0x19, 0x17, 0x19, 0x57, 
	0x19, 0x57, 0x19, 0x57, 0x11, 0x17, 0x19, 0x17, 
	0x19, 0x57, 0x19, 0x57, 0x19, 0x57, 0x19, 0x57, 
	0x19, 0x57, 0x11, 0x57, 0x11, 0x57, 0x11, 0x57, 
	0x11, 0x57, 0x19, 0x57, 0x19, 0x57, 0x11, 0x15, 
	0x11, 0x15, 0x19, 0x15, 0x19, 0x55, 0x11, 0x15, 
	0x11, 0x15, 0x19, 0x55, 0x19, 0x55, 0x19, 0x55, 
	0x21, 0x57, 0x11, 0x15, 0x11, 0x15, 0x19, 0x57, 
	0x19, 0x57, 0x19, 0x57, 0x19, 0x55, 0x19, 0x17, 
	0x19, 0x17, 0x19, 0x17, 0x19, 0x57, 0x19, 0x59, 
	0x19, 0x19, 0x19, 0x19, 0x19, 0x19, 0x21, 0x19, 
	0x21, 0x59, 0x21, 0x19, 0x21, 0x19, 0x21, 0x1b, 
	0x31, 0x5d, 0x31, 0x5d, 0x31, 0x5d, 0x31, 0x1d, 
	0x31, 0x1d, 0x31, 0x5d, 0x29, 0x5d, 0x29, 0x5d, 
	0x29, 0x5d, 0x29, 0x5d, 0x31, 0x5d, 0x31, 0x5f, 
	0x31, 0x5f, 0x31, 0x61, 0x31, 0x61, 0x31, 0x61, 
	0x31, 0x63, 0x31, 0x61, 0x31, 0x61, 0x29, 0x61, 
	0x29, 0x61, 0x29, 0x5f, 0x29, 0x5f, 0x29, 0x5d, 
	0x29, 0x5f, 0x29, 0x5f, 0x31, 0x61, 0x29, 0x61, 
	0x31, 0x61, 0x31, 0xa3, 0x29, 0x5f, 0x4a, 0x67, 
	0x31, 0x61, 0x39, 0x61, 0x31, 0x63, 0x39, 0x63, 
	0x39, 0x65, 0x41, 0xa7, 0x41, 0xa7, 0x41, 0xa7, 
	0x41, 0xa7, 0x41, 0xa9, 0x41, 0xa9, 0x49, 0xeb, 
	0x49, 0xab, 0x41, 0xab, 0x49, 0xab, 0x49, 0xeb, 
	0x49, 0xed, 0x51, 0xed, 0x51, 0xed, 0x49, 0xed, 
	0x49, 0xeb, 0x41, 0xeb, 0x41, 0xab, 0x49, 0xab, 
	0x49, 0xad, 0x49, 0xed, 0x49, 0xed, 0x52, 0x2d, 
	0x49, 0xeb, 0x41, 0xeb, 0x39, 0xab, 0x39, 0xad, 
	0x39, 0xed, 0x41, 0xed, 0x41, 0xed, 0x39, 0xeb, 
	0x39, 0xa9, 0x31, 0xa7, 0x31, 0xa5, 0x31, 0x63, 
	0x29, 0xa3, 0x29, 0x63, 0x29, 0xa3, 0x29, 0x63, 
	0x29, 0xa3, 0x29, 0xa1, 0x31, 0xe5, 0x4a, 0xa9, 
	0x21, 0xa1, 0x21, 0x9f, 0x19, 0x5d, 0x21, 0xdf, 
	0x19, 0x5b, 0x19, 0x5b, 0x19, 0x5b, 0x19, 0x5b, 
	0x19, 0x9d, 0x19, 0x5d, 0x19, 0x9f, 0x19, 0x9d, 
	0x11, 0x5b, 0x21, 0xdd, 0x5b, 0x65, 0x11, 0x5b, 
	0x11, 0x5b, 0x19, 0x5b, 0x19, 0x5b, 0x11, 0x9b, 
	0x19, 0x9b, 0x11, 0x5b, 0x19, 0x9b, 0x19, 0x9b, 
	0x11, 0x5b, 0x19, 0x9b, 0x11, 0x5b, 0x11, 0x59, 
	0x3a, 0x61, 0x11, 0x59, 0x11, 0x59, 0x11, 0x59, 
	0x11, 0x59, 0x11, 0x59, 0x21, 0xdb, 0x19, 0x9b, 
	0x11, 0x59, 0x11, 0x59, 0x11, 0x59, 0x19, 0x59, 
	0x19, 0x99, 0x19, 0x59, 0x19, 0x59, 0x11, 0x59, 
	0x19, 0x59, 0x19, 0x59, 0x11, 0x57, 0x19, 0x57, 
	0x19, 0x59, 0x19, 0x59, 0x19, 0x57, 0x19, 0x57, 
	0x19, 0x57, 0x19, 0x57, 0x19, 0x57, 0x19, 0x59, 
	0x21, 0x99, 0x11, 0x57, 0x11, 0x57, 0x11, 0x57, 
	0x19, 0x57, 0x19, 0x59, 0x19, 0x59, 0x19, 0x59, 
	0x19, 0x59, 0x19, 0x59, 0x19, 0x57, 0x21, 0x99, 
	0x19, 0x57, 0x19, 0x57, 0x19, 0x57, 0x19, 0x57, 
	0x19, 0x59, 0x19, 0x57, 0x19, 0x57, 0x11, 0x57, 
	0x11, 0x57, 0x11, 0x57, 0x11, 0x57, 0x11, 0x57, 
	0x11, 0x59, 0x19, 0x59, 0x21, 0xdb, 0x29, 0xdd, 
	0x19, 0x59, 0x19, 0x59, 0x11, 0x57, 0x11, 0x57, 
	0x19, 0x57, 0x19, 0x57, 0x19, 0x57, 0x19, 0x57, 
	0x11, 0x57, 0x11, 0x57, 0x19, 0x59, 0x11, 0x59, 
	0x11, 0x59, 0x11, 0x59, 0x11, 0x59, 0x11, 0x59, 
	0x19, 0x59, 0x21, 0x9b, 0x19, 0x59, 0x19, 0x59, 
	0x19, 0x9b, 0x11, 0x59, 0x11, 0x59, 0x19, 0x9b, 
	0x19, 0x59, 0x19, 0x59, 0x21, 0x5b, 0x21, 0x9b, 
	0x21, 0x9b, 0x19, 0x19, 0x19, 0x59, 0x19, 0x59, 
	0x19, 0x59, 0x19, 0x59, 0x19, 0x59, 0x19, 0x57, 
	0x19, 0x17, 0x3a, 0x5d, 0x21, 0x99, 0x19, 0x55, 
	0x19, 0x57, 0x21, 0x99, 0x19, 0x57, 0x21, 0x99, 
	0x19, 0x17, 0x19, 0x17, 0x19, 0x17, 0x19, 0x57, 
	0x19, 0x59, 0x19, 0x57, 0x21, 0x99, 0x19, 0x59, 
	0x19, 0x57, 0x11, 0x17, 0x19, 0x17, 0x19, 0x57, 
	0x11, 0x17, 0x11, 0x17, 0x11, 0x57, 0x11, 0x57, 
	0x11, 0x57, 0x19, 0x57, 0x19, 0x57, 0x11, 0x15, 
	0x19, 0x55, 0x11, 0x15, 0x19, 0x55, 0x19, 0x55, 
	0x19, 0x55, 0x21, 0x57, 0x11, 0x15, 0x19, 0x55, 
	0x21, 0x57, 0x19, 0x55, 0x11, 0x15, 0x19, 0x55, 
	0x32, 0x1b, 0x11, 0x15, 0x11, 0x15, 0x19, 0x17, 
	0x19, 0x17, 0x19, 0x55, 0x19, 0x17, 0x29, 0x9b, 
	0x19, 0x19, 0x19, 0x19, 0x21, 0x59, 0x29, 0x9b, 
	0x21, 0x59, 0x21, 0x19, 0x21, 0x1b, 0x21, 0x1b, 
	0x29, 0x5d, 0x29, 0x1d, 0x31, 0x1d, 0x31, 0x1d, 
	0x31, 0x1d, 0x29, 0x5d, 0x29, 0x5d, 0x29, 0x5d, 
	0x31, 0x5d, 0x29, 0x5d, 0x31, 0x5f, 0x31, 0x5f, 
	0x31, 0x5f, 0x4a, 0x25, 0x31, 0x61, 0x31, 0x61, 
	0x31, 0x61, 0x31, 0x61, 0x29, 0x61, 0x29, 0x61, 
	0x29, 0x61, 0x29, 0x5f, 0x29, 0x5f, 0x29, 0x5d, 
	0x4a, 0x63, 0x29, 0x5f, 0x29, 0x61, 0x29, 0x61, 
	0x29, 0x61, 0x31, 0xa3, 0x31, 0x61, 0x39, 0xa3, 
	0x31, 0x61, 0x31, 0x61, 0x31, 0x63, 0x39, 0xa5, 
	0x39, 0x65, 0x49, 0xe7, 0x4a, 0x29, 0x41, 0xa7, 
	0x41, 0xa9, 0x41, 0xa9, 0x41, 0xab, 0x49, 0xed, 
	0x49, 0xed, 0x49, 0xab, 0x49, 0xab, 0x49, 0xeb, 
	0x49, 0xed, 0x49, 0xed, 0x49, 0xed, 0x5a, 0x6f, 
	0x49, 0xed, 0x41, 0xeb, 0x41, 0xeb, 0x41, 0xeb, 
	0x41, 0xab, 0x49, 0xed, 0x49, 0xed, 0x49, 0xed, 
	0x49, 0xeb, 0x41, 0xab, 0x41, 0xeb, 0x39, 0xab, 
	0x39, 0xad, 0x39, 0xad, 0x41, 0xed, 0x4a, 0x2f, 
	0x39, 0xab, 0x31, 0xa7, 0x31, 0xa5, 0x31, 0xa5, 
	0x31, 0x63, 0x29, 0x63, 0x31, 0xa3, 0x31, 0xa5, 
	0x73, 0xaf, 0x39, 0xe5, 0x29, 0xa3, 0x29, 0xa3, 
	0x29, 0xa3, 0x4a, 0xe7, 0x19, 0x5d, 0x19, 0x5b, 
	0x19, 0x9b, 0x11, 0x5b, 0x19, 0x5b, 0x19, 0x5b, 
	0x19, 0x5d, 0x21, 0x9f, 0x21, 0xe1, 0x19, 0x9f, 
	0x19, 0x5d, 0x19, 0x9b, 0x3a, 0x9f, 0x11, 0x5b, 
	0x11, 0x5b, 0x11, 0x5b, 0x11, 0x5b, 0x19, 0x9b, 
	0x19, 0x9b, 0x11, 0x9b, 0x11, 0x5b, 0x11, 0x59, 
	0x11, 0x59, 0x19, 0x9b, 0x11, 0x59, 0x19, 0x9b, 
	0x21, 0x9b, 0x11, 0x59, 0x11, 0x59, 0x19, 0x9b, 
	0x3a, 0x61, 0x19, 0x9b, 0x11, 0x59, 0x11, 0x59, 
	0x19, 0x59, 0x19, 0x59, 0x19, 0x59, 0x19, 0x59, 
	0x19, 0x9b, 0x19, 0x9b, 0x19, 0x59, 0x11, 0x59, 
	0x11, 0x57, 0x11, 0x57, 0x19, 0x57, 0x19, 0x57, 
	0x19, 0x57, 0x19, 0x57, 0x19, 0x57, 0x19, 0x57, 
	0x19, 0x57, 0x3a, 0x5f, 0x19, 0x57, 0x19, 0x57, 
	0x19, 0x57, 0x19, 0x57, 0x19, 0x57, 0x19, 0x57, 
	0x19, 0x57, 0x19, 0x57, 0x19, 0x57, 0x19, 0x57, 
	0x19, 0x57, 0x19, 0x57, 0x19, 0x57, 0x19, 0x57, 
	0x19, 0x57, 0x19, 0x57, 0x19, 0x57, 0x19, 0x57, 
	0x19, 0x57, 0x19, 0x57, 0x19, 0x57, 0x11, 0x57, 
	0x11, 0x57, 0x11, 0x57, 0x11, 0x57, 0x11, 0x57, 
	0x11, 0x57, 0x11, 0x57, 0x11, 0x57, 0x19, 0x59, 
	0x11, 0x57, 0x11, 0x57, 0x19, 0x57, 0x19, 0x57, 
	0x19, 0x57, 0x19, 0x57, 0x19, 0x57, 0x19, 0x59, 
	0x11, 0x57, 0x19, 0x59, 0x29, 0xdb, 0x19, 0x59, 
	0x19, 0x59, 0x19, 0x59, 0x19, 0x9b, 0x19, 0x59, 
	0x19, 0x59, 0x19, 0x9b, 0x19, 0x59, 0x11, 0x59, 
	0x11, 0x59, 0x11, 0x59, 0x11, 0x59, 0x19, 0x59, 
	0x19, 0x9b, 0x11, 0x59, 0x19, 0x59, 0x19, 0x59, 
	0x21, 0x5b, 0x19, 0x59, 0x19, 0x59, 0x19, 0x59, 
	0x21, 0x9b, 0x19, 0x19, 0x19, 0x59, 0x19, 0x17, 
	0x29, 0x99, 0x19, 0x57, 0x19, 0x17, 0x19, 0x17, 
	0x19, 0x17, 0x19, 0x17, 0x21, 0x99, 0x32, 0x1d, 
	0x19, 0x59, 0x19, 0x57, 0x19, 0x57, 0x19, 0x57, 
	0x19, 0x57, 0x19, 0x57, 0x19, 0x57, 0x19, 0x57, 
	0x19, 0x57, 0x19, 0x57, 0x19, 0x57, 0x11, 0x17, 
	0x11, 0x17, 0x11, 0x17, 0x11, 0x57, 0x11, 0x57, 
	0x11, 0x57, 0x19, 0x57, 0x19, 0x57, 0x11, 0x15, 
	0x19, 0x55, 0x19, 0x55, 0x19, 0x55, 0x21, 0x97, 
	0x19, 0x55, 0x19, 0x55, 0x21, 0x97, 0x19, 0x55, 
	0x11, 0x15, 0x21, 0x99, 0x11, 0x15, 0x11, 0x15, 
	0x21, 0x99, 0x19, 0x55, 0x19, 0x55, 0x11, 0x15, 
	0x19, 0x57, 0x19, 0x55, 0x19, 0x57, 0x19, 0x57, 
	0x19, 0x17, 0x19, 0x19, 0x21, 0x59, 0x31, 0xdd, 
	0x3a, 0x1f, 0x21, 0x19, 0x21, 0x1b, 0x21, 0x1b, 
	0x29, 0x5d, 0x29, 0x1b, 0x29, 0x1d, 0x29, 0x1d, 
	0x29, 0x5d, 0x29, 0x5d, 0x29, 0x5d, 0x29, 0x5d, 
	0x29, 0x5d, 0x29, 0x5d, 0x29, 0x5f, 0x29, 0x5f, 
	0x29, 0x5f, 0x39, 0xa1, 0x31, 0x61, 0x31, 0x61, 
	0x31, 0x61, 0x31, 0x63, 0x31, 0x61, 0x31, 0x61, 
	0x29, 0x61, 0x29, 0x5f, 0x29, 0x5f, 0x29, 0x5d, 
	0x29, 0x5d, 0x29, 0x5f, 0x29, 0x61, 0x29, 0x61, 
	0x29, 0x61, 0x31, 0x61, 0x41, 0xe3, 0x31, 0x61, 
	0x39, 0xa3, 0x31, 0x63, 0x39, 0xa3, 0x39, 0x63, 
	0x39, 0x65, 0x39, 0x65, 0x41, 0xa7, 0x5a, 0x6d, 
	0x41, 0xa9, 0x41, 0xa9, 0x41, 0xab, 0x49, 0xed, 
	0x49, 0xed, 0x49, 0xed, 0x49, 0xab, 0x49, 0xed, 
	0x49, 0xed, 0x72, 0xf3, 0x51, 0xef, 0x5a, 0x2f, 
	0x51, 0xef, 0x49, 0xed, 0x41, 0xeb, 0x49, 0xeb, 
	0x41, 0xeb, 0x49, 0xed, 0x49, 0xeb, 0x49, 0xed, 
	0x49, 0xeb, 0x41, 0xa9, 0x39, 0xa9, 0x39, 0xa9, 
	0x39, 0xab, 0x41, 0xed, 0x39, 0xad, 0x39, 0xad, 
	0x39, 0xab, 0x39, 0xa9, 0x31, 0xa7, 0x31, 0xa5, 
	0x31, 0xa5, 0x31, 0x65, 0x31, 0x65, 0x39, 0xa5, 
	0x31, 0xa5, 0x31, 0xa5, 0x31, 0xa5, 0x29, 0xa5, 
	0x29, 0xa3, 0x21, 0xa1, 0x19, 0x9d, 0x19, 0x5b, 
	0x21, 0xdd, 0x19, 0x9d, 0x19, 0x5b, 0x19, 0x9d, 
	0x19, 0x9d, 0x19, 0x5f, 0x19, 0x5f, 0x19, 0x9f, 
	0x19, 0x9d, 0x11, 0x9b, 0x11, 0x99, 0x11, 0x59, 
	0x11, 0x5b, 0x11, 0x5b, 0x19, 0x5b, 0x11, 0x5b, 
	0x11, 0x5b, 0x11, 0x5b, 0x11, 0x59, 0x11, 0x59, 
	0x11, 0x59, 0x11, 0x59, 0x29, 0xdd, 0x2a, 0x1d, 
	0x19, 0x9b, 0x11, 0x59, 0x11, 0x59, 0x11, 0x59, 
	0x19, 0x9b, 0x19, 0x9b, 0x19, 0x9b, 0x11, 0x59, 
	0x19, 0x59, 0x11, 0x59, 0x11, 0x59, 0x11, 0x59, 
	0x11, 0x59, 0x19, 0x59, 0x11, 0x59, 0x11, 0x59, 
	0x21, 0x99, 0x11, 0x57, 0x19, 0x57, 0x19, 0x57, 
	0x19, 0x57, 0x19, 0x57, 0x19, 0x57, 0x19, 0x57, 
	0x21, 0x99, 0x19, 0x57, 0x19, 0x57, 0x19, 0x57, 
	0x19, 0x57, 0x19, 0x57, 0x19, 0x57, 0x19, 0x57, 
	0x19, 0x57, 0x19, 0x57, 0x11, 0x17, 0x11, 0x17, 
	0x19, 0x57, 0x19, 0x57, 0x19, 0x57, 0x19, 0x57, 
	0x19, 0x57, 0x19, 0x57, 0x19, 0x57, 0x19, 0x57, 
	0x19, 0x57, 0x19, 0x57, 0x19, 0x57, 0x11, 0x57, 
	0x19, 0x57, 0x11, 0x57, 0x11, 0x57, 0x11, 0x57, 
	0x19, 0x59, 0x19, 0x57, 0x19, 0x57, 0x11, 0x57, 
	0x11, 0x57, 0x11, 0x57, 0x19, 0x57, 0x19, 0x57, 
	0x19, 0x57, 0x19, 0x57, 0x11, 0x57, 0x19, 0x59, 
	0x11, 0x57, 0x19, 0x99, 0x21, 0xdb, 0x19, 0x59, 
	0x19, 0x99, 0x19, 0x59, 0x19, 0x59, 0x21, 0x9b, 
	0x19, 0x59, 0x11, 0x59, 0x11, 0x59, 0x19, 0x59, 
	0x19, 0x59, 0x21, 0x9b, 0x11, 0x59, 0x11, 0x59, 
	0x11, 0x59, 0x19, 0x59, 0x21, 0x9b, 0x29, 0xdd, 
	0x19, 0x59, 0x19, 0x19, 0x19, 0x19, 0x19, 0x19, 
	0x19, 0x19, 0x19, 0x19, 0x21, 0x59, 0x21, 0x99, 
	0x19, 0x17, 0x19, 0x57, 0x19, 0x57, 0x19, 0x57, 
	0x19, 0x57, 0x19, 0x17, 0x19, 0x57, 0x19, 0x57, 
	0x19, 0x59, 0x19, 0x57, 0x19, 0x57, 0x19, 0x57, 
	0x19, 0x57, 0x11, 0x17, 0x19, 0x57, 0x19, 0x57, 
	0x11, 0x17, 0x19, 0x57, 0x19, 0x57, 0x21, 0x57, 
	0x11, 0x17, 0x11, 0x17, 0x11, 0x57, 0x11, 0x57, 
	0x19, 0x57, 0x19, 0x57, 0x19, 0x57, 0x11, 0x15, 
	0x19, 0x55, 0x11, 0x15, 0x11, 0x15, 0x21, 0x99, 
	0x32, 0x1b, 0x21, 0x99, 0x32, 0x1b, 0x19, 0x57, 
	0x11, 0x15, 0x19, 0x55, 0x19, 0x55, 0x11, 0x15, 
	0x11, 0x15, 0x19, 0x55, 0x19, 0x57, 0x11, 0x15, 
	0x11, 0x15, 0x11, 0x15, 0x19, 0x17, 0x19, 0x17, 
	0x19, 0x17, 0x21, 0x5b, 0x19, 0x59, 0x21, 0x59, 
	0x21, 0x19, 0x21, 0x19, 0x21, 0x1b, 0x21, 0x1b, 
	0x21, 0x1b, 0x29, 0x1d, 0x39, 0x9f, 0x29, 0x5d, 
	0x29, 0x1d, 0x31, 0x5d, 0x29, 0x5d, 0x31, 0x5f, 
	0x29, 0x5d, 0x29, 0x5d, 0x31, 0x5f, 0x29, 0x5f, 
	0x29, 0x5f, 0x29, 0x5f, 0x31, 0x61, 0x31, 0x61, 
	0x31, 0x63, 0x31, 0x61, 0x29, 0x61, 0x39, 0xa3, 
	0x31, 0x61, 0x31, 0xa1, 0x29, 0x5f, 0x29, 0x5d, 
	0x29, 0x5d, 0x29, 0x5f, 0x29, 0x5f, 0x29, 0x61, 
	0x29, 0x61, 0x31, 0x61, 0x39, 0xe3, 0x39, 0xa3, 
	0x31, 0x63, 0x39, 0xa3, 0x4a, 0x27, 0x31, 0x63, 
	0x39, 0x65, 0x39, 0x65, 0x39, 0x65, 0x49, 0xe9, 
	0x41, 0xa9, 0x49, 0xa9, 0x41, 0xab, 0x49, 0xad, 
	0x49, 0xef, 0x49, 0xed, 0x49, 0xad, 0x49, 0xad, 
	0x49, 0xed, 0x52, 0x2f, 0x51, 0xef, 0x52, 0x2f, 
	0x49, 0xef, 0x4a, 0x2f, 0x41, 0xeb, 0x4a, 0x2b, 
	0x41, 0xeb, 0x49, 0xeb, 0x49, 0xeb, 0x49, 0xeb, 
	0x49, 0xeb, 0x41, 0xe9, 0x39, 0xa7, 0x41, 0xa9, 
	0x39, 0xa9, 0x41, 0xeb, 0x39, 0xab, 0x39, 0xab, 
	0x39, 0xab, 0x39, 0xa9, 0x31, 0xa7, 0x52, 0xab, 
	0x31, 0xa5, 0x31, 0xa5, 0x31, 0x65, 0x31, 0x63, 
	0x31, 0xa5, 0x39, 0xe7, 0x31, 0xa5, 0x31, 0xa5, 
	0x29, 0xa5, 0x29, 0xa3, 0x21, 0x9f, 0x19, 0x5d, 
	0x19, 0x9b, 0x19, 0x5b, 0x19, 0x5d, 0x19, 0x9d, 
	0x32, 0x21, 0x19, 0x5d, 0x19, 0x5f, 0x2a, 0x21, 
	0x19, 0x9d, 0x11, 0x5b, 0x11, 0x99, 0x11, 0x59, 
	0x11, 0x5b, 0x11, 0x5b, 0x11, 0x5b, 0x11, 0x5b, 
	0x11, 0x59, 0x11, 0x5b, 0x11, 0x59, 0x11, 0x59, 
	0x11, 0x59, 0x19, 0x9b, 0x19, 0x99, 0x21, 0xdd, 
	0x19, 0x9b, 0x11, 0x59, 0x32, 0x5f, 0x19, 0x59, 
	0x11, 0x59, 0x19, 0x59, 0x21, 0xdb, 0x11, 0x59, 
	0x11, 0x59, 0x11, 0x59, 0x11, 0x59, 0x19, 0x59, 
	0x19, 0x59, 0x19, 0x9b, 0x11, 0x59, 0x11, 0x59, 
	0x11, 0x57, 0x11, 0x57, 0x19, 0x57, 0x19, 0x57, 
	0x19, 0x57, 0x21, 0x99, 0x19, 0x57, 0x19, 0x57, 
	0x19, 0x57, 0x19, 0x57, 0x19, 0x57, 0x19, 0x57, 
	0x21, 0x99, 0x19, 0x57, 0x21, 0x99, 0x19, 0x57, 
	0x19, 0x57, 0x19, 0x57, 0x19, 0x57, 0x11, 0x17, 
	0x19, 0x57, 0x19, 0x59, 0x19, 0x57, 0x19, 0x57, 
	0x19, 0x57, 0x19, 0x57, 0x19, 0x57, 0x19, 0x57, 
	0x19, 0x57, 0x19, 0x57, 0x19, 0x57, 0x19, 0x57, 
	0x19, 0x57, 0x19, 0x57, 0x11, 0x57, 0x11, 0x57, 
	0x19, 0x59, 0x19, 0x59, 0x19, 0x57, 0x11, 0x57, 
	0x19, 0x57, 0x19, 0x57, 0x19, 0x57, 0x19, 0x57, 
	0x19, 0x57, 0x19, 0x57, 0x19, 0x57, 0x19, 0x59, 
	0x19, 0x59, 0x19, 0x99, 0x19, 0x59, 0x19, 0x59, 
	0x19, 0x99, 0x19, 0x59, 0x19, 0x59, 0x21, 0x9b, 
	0x19, 0x59, 0x19, 0x59, 0x19, 0x59, 0x19, 0x59, 
	0x11, 0x59, 0x11, 0x59, 0x19, 0x59, 0x19, 0x59, 
	0x11, 0x59, 0x21, 0x9b, 0x21, 0x59, 0x21, 0x9b, 
	0x19, 0x59, 0x19, 0x59, 0x21, 0x9b, 0x19, 0x17, 
	0x19, 0x57, 0x19, 0x57, 0x21, 0x59, 0x19, 0x57, 
	0x11, 0x57, 0x19, 0x59, 0x19, 0x17, 0x19, 0x57, 
	0x19, 0x57, 0x19, 0x57, 0x19, 0x59, 0x19, 0x59, 
	0x19, 0x19, 0x19, 0x19, 0x19, 0x19, 0x19, 0x59, 
	0x19, 0x57, 0x19, 0x57, 0x19, 0x59, 0x11, 0x17, 
	0x19, 0x57, 0x11, 0x17, 0x11, 0x17, 0x63, 0xa5, 
	0x19, 0x57, 0x19, 0x17, 0x11, 0x17, 0x11, 0x17, 
	0x11, 0x17, 0x11, 0x57, 0x11, 0x55, 0x19, 0x15, 
	0x19, 0x55, 0x11, 0x15, 0x19, 0x55, 0x11, 0x15, 
	0x19, 0x55, 0x11, 0x15, 0x19, 0x55, 0x19, 0x55, 
	0x11, 0x15, 0x19, 0x55, 0x19, 0x55, 0x19, 0x57, 
	0x19, 0x55, 0x11, 0x15, 0x11, 0x15, 0x19, 0x55, 
	0x19, 0x55, 0x19, 0x55, 0x21, 0x99, 0x19, 0x57, 
	0x19, 0x17, 0x19, 0x17, 0x19, 0x57, 0x19, 0x59, 
	0x19, 0x19, 0x21, 0x19, 0x21, 0x5b, 0x21, 0x5b, 
	0x39, 0xdf, 0x29, 0x5d, 0x31, 0x5d, 0x29, 0x5d, 
	0x21, 0x1b, 0x29, 0x5d, 0x29, 0x5d, 0x39, 0x9f, 
	0x29, 0x5d, 0x39, 0xe1, 0x31, 0x5f, 0x41, 0xe3, 
	0x29, 0x5f, 0x29, 0x5f, 0x31, 0x61, 0x31, 0xa1, 
	0x31, 0xa1, 0x39, 0xe3, 0x29, 0x61, 0x29, 0x61, 
	0x31, 0x61, 0x29, 0x5f, 0x29, 0x5f, 0x29, 0x1d, 
	0x21, 0x5d, 0x29, 0x5d, 0x29, 0x5f, 0x31, 0x61, 
	0x41, 0xe3, 0x31, 0x61, 0x31, 0x61, 0x39, 0xa3, 
	0x31, 0x63, 0x39, 0xa3, 0x39, 0x63, 0x31, 0x63, 
	0x31, 0x63, 0x39, 0x63, 0x39, 0xa5, 0x41, 0xa9, 
	0x41, 0xa9, 0x49, 0xeb, 0x4a, 0x2d, 0x41, 0xab, 
	0x49, 0xed, 0x49, 0xed, 0x49, 0xed, 0x49, 0xab, 
	0x49, 0xab, 0x49, 0xed, 0x49, 0xed, 0x49, 0xed, 
	0x49, 0xef, 0x49, 0xed, 0x49, 0xed, 0x41, 0xeb, 
	0x52, 0x6d, 0x41, 0xe9, 0x52, 0x2d, 0x49, 0xeb, 
	0x49, 0xeb, 0x41, 0xa9, 0x41, 0xa7, 0x39, 0xa7, 
	0x52, 0x6d, 0x41, 0xeb, 0x39, 0xeb, 0x39, 0xeb, 
	0x39, 0xeb, 0x41, 0xeb, 0x31, 0xa7, 0x39, 0xe7, 
	0x31, 0xa5, 0x42, 0x27, 0x31, 0x63, 0x29, 0x63, 
	0x31, 0xa5, 0x31, 0xa3, 0x31, 0xa5, 0x31, 0xa5, 
	0x31, 0xa5, 0x29, 0xa3, 0x29, 0xe3, 0x19, 0x9d, 
	0x19, 0x5d, 0x19, 0x5d, 0x19, 0x9d, 0x19, 0x9d, 
	0x21, 0xdf, 0x19, 0x9d, 0x19, 0x9d, 0x11, 0x5d, 
	0x11, 0x5b, 0x11, 0x5b, 0x11, 0x5b, 0x19, 0x9b, 
	0x11, 0x59, 0x11, 0x59, 0x11, 0x59, 0x11, 0x59, 
	0x19, 0x9b, 0x11, 0x59, 0x19, 0x59, 0x19, 0x9b, 
	0x19, 0x59, 0x19, 0x9b, 0x19, 0x9b, 0x19, 0x59, 
	0x19, 0x59, 0x19, 0x59, 0x19, 0x9b, 0x21, 0x9b, 
	0x19, 0x59, 0x19, 0x59, 0x19, 0x9b, 0x19, 0x59, 
	0x11, 0x59, 0x11, 0x59, 0x11, 0x59, 0x11, 0x59, 
	0x19, 0x59, 0x19, 0x59, 0x11, 0x59, 0x11, 0x59, 
	0x11, 0x57, 0x11, 0x57, 0x19, 0x57, 0x19, 0x57, 
	0x19, 0x57, 0x19, 0x57, 0x19, 0x57, 0x19, 0x57, 
	0x19, 0x57, 0x19, 0x57, 0x19, 0x57, 0x19, 0x57, 
	0x19, 0x57, 0x11, 0x17, 0x19, 0x57, 0x19, 0x57, 
	0x19, 0x57, 0x19, 0x57, 0x19, 0x57, 0x19, 0x57, 
	0x19, 0x57, 0x19, 0x57, 0x29, 0xdb, 0x19, 0x59, 
	0x19, 0x57, 0x19, 0x57, 0x11, 0x17, 0x19, 0x57, 
	0x19, 0x57, 0x19, 0x57, 0x19, 0x57, 0x19, 0x57, 
	0x19, 0x57, 0x19, 0x57, 0x11, 0x57, 0x11, 0x57, 
	0x11, 0x57, 0x11, 0x57, 0x11, 0x57, 0x11, 0x57, 
	0x11, 0x17, 0x29, 0xdb, 0x19, 0x57, 0x19, 0x57, 
	0x19, 0x57, 0x19, 0x57, 0x19, 0x59, 0x3a, 0x5f, 
	0x19, 0x57, 0x19, 0x57, 0x19, 0x57, 0x11, 0x57, 
	0x2a, 0x1d, 0x11, 0x59, 0x32, 0x1d, 0x19, 0x59, 
	0x19, 0x59, 0x21, 0x9b, 0x4a, 0xe3, 0x19, 0x99, 
	0x11, 0x59, 0x19, 0x59, 0x11, 0x59, 0x11, 0x59, 
	0x19, 0x59, 0x19, 0x59, 0x3a, 0x1f, 0x19, 0x59, 
	0x19, 0x59, 0x19, 0x59, 0x19, 0x59, 0x19, 0x59, 
	0x19, 0x57, 0x19, 0x57, 0x19, 0x57, 0x29, 0xdb, 
	0x19, 0x57, 0x11, 0x59, 0x19, 0x59, 0x19, 0x59, 
	0x19, 0x57, 0x19, 0x57, 0x32, 0x1f, 0x19, 0x59, 
	0x21, 0x9b, 0x19, 0x59, 0x19, 0x59, 0x19, 0x59, 
	0x19, 0x57, 0x19, 0x57, 0x11, 0x17, 0x19, 0x57, 
	0x11, 0x17, 0x19, 0x57, 0x19, 0x57, 0x19, 0x17, 
	0x19, 0x17, 0x19, 0x17, 0x11, 0x17, 0x11, 0x17, 
	0x11, 0x17, 0x19, 0x57, 0x11, 0x57, 0x11, 0x15, 
	0x21, 0x97, 0x11, 0x15, 0x42, 0x5d, 0x29, 0xd9, 
	0x19, 0x55, 0x19, 0x55, 0x19, 0x55, 0x19, 0x57, 
	0x19, 0x55, 0x19, 0x55, 0x19, 0x55, 0x19, 0x57, 
	0x21, 0x97, 0x11, 0x15, 0x11, 0x15, 0x11, 0x15, 
	0x19, 0x55, 0x11, 0x15, 0x19, 0x57, 0x19, 0x15, 
	0x19, 0x15, 0x19, 0x17, 0x19, 0x17, 0x19, 0x17, 
	0x21, 0x59, 0x19, 0x19, 0x21, 0x5b, 0x19, 0x1b, 
	0x31, 0x9f, 0x29, 0x5d, 0x29, 0x5d, 0x29, 0x5d, 
	0x21, 0x5d, 0x21, 0x1b, 0x42, 0x21, 0x29, 0x5d, 
	0x29, 0x5d, 0x31, 0x9f, 0x31, 0x5f, 0x39, 0xe3, 
	0x29, 0x5f, 0x29, 0x5f, 0x31, 0x61, 0x29, 0x5f, 
	0x29, 0x5f, 0x31, 0x61, 0x29, 0x61, 0x29, 0x61, 
	0x42, 0x23, 0x39, 0xa1, 0x29, 0x5d, 0x31, 0xdf, 
	0x21, 0x5d, 0x29, 0x5d, 0x29, 0x5f, 0x29, 0x61, 
	0x29, 0x61, 0x31, 0x61, 0x39, 0xa3, 0x29, 0x61, 
	0x31, 0x61, 0x39, 0xa5, 0x31, 0x63, 0x31, 0x61, 
	0x31, 0x63, 0x39, 0xa5, 0x4a, 0x29, 0x39, 0xa7, 
	0x39, 0xa9, 0x39, 0xa9, 0x41, 0xa9, 0x41, 0xa9, 
	0x41, 0xa9, 0x41, 0xab, 0x49, 0xad, 0x49, 0xed, 
	0x41, 0xab, 0x49, 0xab, 0x49, 0xed, 0x49, 0xed, 
	0x49, 0xed, 0x5a, 0x71, 0x49, 0xed, 0x41, 0xed, 
	0x52, 0x2d, 0x4a, 0x2d, 0x49, 0xeb, 0x49, 0xeb, 
	0x49, 0xeb, 0x49, 0xeb, 0x41, 0xa7, 0x39, 0xa7, 
	0x41, 0xeb, 0x41, 0xeb, 0x39, 0xeb, 0x39, 0xeb, 
	0x39, 0xeb, 0x39, 0xa9, 0x31, 0xa7, 0x31, 0xa7, 
	0x31, 0xa5, 0x42, 0x27, 0x29, 0x63, 0x29, 0x63, 
	0x29, 0x63, 0x31, 0xa3, 0x31, 0xa3, 0x31, 0xa5, 
	0x31, 0xa5, 0x31, 0xe5, 0x29, 0xa3, 0x21, 0xa1, 
	0x21, 0x9f, 0x21, 0x9f, 0x21, 0x9f, 0x19, 0x9d, 
	0x19, 0x5b, 0x19, 0x5b, 0x11, 0x5d, 0x11, 0x5b, 
	0x11, 0x5b, 0x11, 0x5b, 0x11, 0x5b, 0x11, 0x59, 
	0x19, 0x59, 0x19, 0x59, 0x19, 0x59, 0x19, 0x59, 
	0x19, 0x59, 0x19, 0x59, 0x19, 0x59, 0x21, 0x9b, 
	0x19, 0x59, 0x19, 0x59, 0x19, 0x59, 0x19, 0x59, 
	0x32, 0x1f, 0x19, 0x59, 0x11, 0x59, 0x19, 0x59, 
	0x11, 0x59, 0x11, 0x59, 0x11, 0x59, 0x11, 0x59, 
	0x19, 0x9b, 0x19, 0x59, 0x11, 0x59, 0x11, 0x59, 
	0x11, 0x59, 0x19, 0x59, 0x19, 0x59, 0x11, 0x59, 
	0x11, 0x57, 0x11, 0x57, 0x19, 0x57, 0x19, 0x57, 
	0x19, 0x57, 0x19, 0x57, 0x19, 0x57, 0x19, 0x57, 
	0x19, 0x57, 0x19, 0x57, 0x19, 0x57, 0x19, 0x57, 
	0x19, 0x57, 0x19, 0x59, 0x19, 0x57, 0x11, 0x17, 
	0x19, 0x57, 0x19, 0x57, 0x19, 0x57, 0x19, 0x57, 
	0x19, 0x57, 0x19, 0x57, 0x19, 0x57, 0x19, 0x57, 
	0x19, 0x57, 0x19, 0x57, 0x19, 0x57, 0x19, 0x57, 
	0x19, 0x57, 0x19, 0x57, 0x19, 0x57, 0x19, 0x57, 
	0x19, 0x57, 0x19, 0x57, 0x11, 0x57, 0x11, 0x57, 
	0x11, 0x57, 0x11, 0x57, 0x11, 0x57, 0x21, 0x9b, 
	0x19, 0x57, 0x29, 0xdb, 0x19, 0x57, 0x19, 0x57, 
	0x19, 0x59, 0x19, 0x57, 0x19, 0x57, 0x19, 0x57, 
	0x19, 0x57, 0x19, 0x57, 0x19, 0x57, 0x19, 0x57, 
	0x11, 0x57, 0x19, 0x59, 0x11, 0x57, 0x11, 0x57, 
	0x21, 0x99, 0x19, 0x59, 0x19, 0x59, 0x19, 0x99, 
	0x19, 0x99, 0x19, 0x59, 0x11, 0x57, 0x11, 0x59, 
	0x19, 0x19, 0x19, 0x59, 0x19, 0x59, 0x19, 0x59, 
	0x19, 0x19, 0x19, 0x59, 0x19, 0x59, 0x19, 0x59, 
	0x42, 0x5f, 0x19, 0x57, 0x19, 0x17, 0x19, 0x57, 
	0x11, 0x59, 0x29, 0xdd, 0x11, 0x59, 0x19, 0x59, 
	0x19, 0x59, 0x19, 0x59, 0x19, 0x59, 0x21, 0x5b, 
	0x19, 0x59, 0x19, 0x59, 0x19, 0x59, 0x3a, 0x1d, 
	0x19, 0x57, 0x11, 0x17, 0x19, 0x57, 0x21, 0x99, 
	0x19, 0x57, 0x11, 0x17, 0x19, 0x17, 0x19, 0x17, 
	0x19, 0x17, 0x19, 0x59, 0x11, 0x17, 0x11, 0x17, 
	0x11, 0x17, 0x29, 0xdb, 0x19, 0x57, 0x19, 0x15, 
	0x19, 0x55, 0x19, 0x55, 0x42, 0x5b, 0x29, 0xd7, 
	0x11, 0x15, 0x11, 0x15, 0x19, 0x55, 0x21, 0x57, 
	0x19, 0x55, 0x19, 0x55, 0x11, 0x15, 0x19, 0x55, 
	0x11, 0x15, 0x11, 0x15, 0x19, 0x55, 0x11, 0x15, 
	0x19, 0x55, 0x3a, 0x5d, 0x19, 0x55, 0x11, 0x15, 
	0x11, 0x15, 0x19, 0x55, 0x19, 0x57, 0x19, 0x17, 
	0x19, 0x57, 0x19, 0x19, 0x21, 0x5b, 0x21, 0x5b, 
	0x21, 0x5b, 0x21, 0x5b, 0x21, 0x1b, 0x21, 0x1b, 
	0x21, 0x5b, 0x21, 0x5b, 0x29, 0x5d, 0x31, 0x9f, 
	0x31, 0x5f, 0x29, 0x1f, 0x29, 0x5f, 0x29, 0x5f, 
	0x29, 0x5f, 0x29, 0x5f, 0x29, 0x5f, 0x29, 0x5f, 
	0x29, 0x5f, 0x31, 0xa1, 0x4a, 0x67, 0x29, 0x61, 
	0x52, 0xa5, 0x41, 0xe1, 0x29, 0x5d, 0x31, 0x9f, 
	0x29, 0x9d, 0x21, 0x5d, 0x29, 0x5f, 0x29, 0x61, 
	0x29, 0x61, 0x41, 0xe5, 0x29, 0x61, 0x29, 0x61, 
	0x31, 0x63, 0x31, 0x63, 0x31, 0x61, 0x31, 0x61, 
	0x31, 0x63, 0x31, 0x63, 0x39, 0xa5, 0x39, 0xa7, 
	0x39, 0xa9, 0x39, 0xa9, 0x39, 0xa9, 0x5a, 0x6d, 
	0x41, 0xa9, 0x41, 0xa9, 0x41, 0xab, 0x41, 0xab, 
	0x49, 0xa9, 0x49, 0xeb, 0x41, 0xeb, 0x41, 0xeb, 
	0x41, 0xeb, 0x49, 0xed, 0x49, 0xed, 0x49, 0xef, 
	0x49, 0xed, 0x4a, 0x2d, 0x49, 0xeb, 0x49, 0xeb, 
	0x5a, 0x6d, 0x49, 0xeb, 0x52, 0x6b, 0x41, 0xa7, 
	0x39, 0xa9, 0x39, 0xa9, 0x39, 0xeb, 0x39, 0xeb, 
	0x39, 0xe9, 0x31, 0xa9, 0x31, 0xa7, 0x31, 0xa7, 
	0x31, 0xa5, 0x29, 0xa3, 0x29, 0x63, 0x29, 0xa3, 
	0x31, 0xa3, 0x31, 0xa3, 0x31, 0xa3, 0x31, 0xa5, 
	0x31, 0xa5, 0x3a, 0x27, 0x29, 0xa3, 0x29, 0xa3, 
	0x21, 0xa1, 0x29, 0xa1, 0x21, 0x5f, 0x21, 0x9f, 
	0x19, 0x9b, 0x11, 0x5b, 0x19, 0x9d, 0x19, 0x5b, 
	0x11, 0x5b, 0x11, 0x5b, 0x11, 0x5b, 0x11, 0x5b, 
	0x19, 0x59, 0x19, 0x59, 0x19, 0x59, 0x19, 0x59, 
	0x19, 0x59, 0x19, 0x59, 0x19, 0x59, 0x19, 0x9b, 
	0x19, 0x59, 0x19, 0x59, 0x19, 0x59, 0x11, 0x59, 
	0x21, 0x9b, 0x21, 0x9b, 0x19, 0x9b, 0x19, 0x9b, 
	0x19, 0x9b, 0x11, 0x59, 0x11, 0x59, 0x11, 0x59, 
	0x11, 0x59, 0x19, 0x9b, 0x11, 0x59, 0x11, 0x59, 
	0x11, 0x59, 0x19, 0x59, 0x11, 0x57, 0x19, 0x59, 
	0x19, 0x99, 0x11, 0x57, 0x11, 0x57, 0x19, 0x57, 
	0x19, 0x57, 0x19, 0x57, 0x19, 0x57, 0x19, 0x57, 
	0x19, 0x57, 0x19, 0x57, 0x19, 0x57, 0x19, 0x57, 
	0x19, 0x57, 0x19, 0x57, 0x11, 0x17, 0x11, 0x17, 
	0x19, 0x57, 0x19, 0x57, 0x19, 0x57, 0x19, 0x57, 
	0x19, 0x57, 0x19, 0x57, 0x19, 0x57, 0x19, 0x57, 
	0x19, 0x57, 0x21, 0x99, 0x19, 0x57, 0x29, 0xdb, 
	0x19, 0x57, 0x19, 0x57, 0x19, 0x57, 0x19, 0x57, 
	0x19, 0x57, 0x19, 0x57, 0x21, 0x99, 0x11, 0x57, 
	0x11, 0x57, 0x11, 0x57, 0x11, 0x57, 0x19, 0x57, 
	0x19, 0x57, 0x19, 0x57, 0x19, 0x57, 0x19, 0x57, 
	0x19, 0x57, 0x19, 0x57, 0x19, 0x57, 0x19, 0x57, 
	0x19, 0x57, 0x11, 0x57, 0x19, 0x57, 0x11, 0x57, 
	0x11, 0x57, 0x11, 0x57, 0x11, 0x57, 0x11, 0x57, 
	0x19, 0x59, 0x11, 0x57, 0x19, 0x59, 0x19, 0x59, 
	0x19, 0x57, 0x11, 0x57, 0x11, 0x57, 0x11, 0x17, 
	0x19, 0x17, 0x19, 0x59, 0x19, 0x59, 0x19, 0x59, 
	0x19, 0x59, 0x19, 0x59, 0x19, 0x57, 0x19, 0x57, 
	0x19, 0x57, 0x21, 0x59, 0x19, 0x57, 0x19, 0x57, 
	0x11, 0x19, 0x19, 0x59, 0x19, 0x59, 0x3a, 0x1f, 
	0x19, 0x59, 0x19, 0x59, 0x19, 0x59, 0x19, 0x19, 
	0x19, 0x19, 0x19, 0x59, 0x19, 0x59, 0x19, 0x17, 
	0x21, 0x59, 0x19, 0x57, 0x11, 0x17, 0x19, 0x17, 
	0x19, 0x57, 0x19, 0x57, 0x19, 0x57, 0x11, 0x17, 
	0x11, 0x17, 0x19, 0x17, 0x11, 0x17, 0x11, 0x17, 
	0x11, 0x17, 0x11, 0x17, 0x19, 0x57, 0x19, 0x57, 
	0x11, 0x15, 0x19, 0x55, 0x11, 0x15, 0x21, 0x57, 
	0x11, 0x15, 0x11, 0x15, 0x19, 0x57, 0x19, 0x57, 
	0x19, 0x55, 0x19, 0x55, 0x19, 0x55, 0x21, 0x97, 
	0x19, 0x55, 0x19, 0x55, 0x19, 0x55, 0x19, 0x55, 
	0x19, 0x55, 0x19, 0x57, 0x32, 0x1b, 0x19, 0x57, 
	0x19, 0x55, 0x19, 0x15, 0x19, 0x15, 0x21, 0x59, 
	0x21, 0x57, 0x21, 0x59, 0x21, 0x59, 0x19, 0x19, 
	0x21, 0x1b, 0x21, 0x5b, 0x21, 0x1b, 0x31, 0xdf, 
	0x29, 0x5d, 0x29, 0x5d, 0x31, 0x9f, 0x21, 0x1b, 
	0x29, 0x5d, 0x31, 0x5f, 0x29, 0x5f, 0x29, 0x5f, 
	0x29, 0x5f, 0x29, 0x5f, 0x29, 0x5d, 0x29, 0x5d, 
	0x29, 0x5d, 0x29, 0x9f, 0x31, 0x61, 0x29, 0x61, 
	0x31, 0x5f, 0x29, 0x5d, 0x21, 0x5d, 0x29, 0x5d, 
	0x21, 0x5d, 0x21, 0x5d, 0x31, 0xa1, 0x29, 0x61, 
	0x29, 0x61, 0x29, 0x61, 0x29, 0x61, 0x29, 0x61, 
	0x29, 0x5f, 0x31, 0x61, 0x29, 0x61, 0x29, 0x61, 
	0x52, 0x69, 0x31, 0x63, 0x31, 0x65, 0x31, 0xa7, 
	0x39, 0xa9, 0x39, 0xa9, 0x39, 0xa9, 0x41, 0xe9, 
	0x41, 0xa9, 0x41, 0xa9, 0x49, 0xab, 0x49, 0xab, 
	0x5a, 0x6f, 0x49, 0xab, 0x49, 0xeb, 0x41, 0xa9, 
	0x41, 0xa9, 0x41, 0xeb, 0x41, 0xed, 0x41, 0xed, 
	0x52, 0x2f, 0x41, 0xed, 0x49, 0xed, 0x49, 0xeb, 
	0x41, 0xa9, 0x41, 0xe9, 0x4a, 0x2b, 0x41, 0xa7, 
	0x39, 0xa9, 0x39, 0xe9, 0x41, 0xeb, 0x39, 0xe9, 
	0x39, 0xa9, 0x39, 0xa9, 0x31, 0xa7, 0x31, 0xa7, 
	0x31, 0xa5, 0x29, 0xa3, 0x29, 0xa3, 0x31, 0xa3, 
	0x31, 0xa3, 0x31, 0xa5, 0x31, 0xa5, 0x31, 0xa5, 
	0x31, 0xa5, 0x31, 0xa5, 0x29, 0xa3, 0x29, 0xa3, 
	0x29, 0xa3, 0x29, 0xa1, 0x21, 0x5f, 0x19, 0x9d, 
	0x19, 0x9d, 0x11, 0x5b, 0x19, 0x9b, 0x19, 0x9b, 
	0x11, 0x5b, 0x11, 0x5b, 0x11, 0x5b, 0x19, 0x5b, 
	0x19, 0x59, 0x19, 0x59, 0x19, 0x59, 0x19, 0x59, 
	0x19, 0x59, 0x19, 0x59, 0x19, 0x59, 0x19, 0x59, 
	0x11, 0x59, 0x11, 0x59, 0x19, 0x59, 0x11, 0x59, 
	0x11, 0x59, 0x11, 0x59, 0x11, 0x59, 0x19, 0x59, 
	0x11, 0x59, 0x11, 0x59, 0x11, 0x59, 0x11, 0x59, 
	0x19, 0x99, 0x19, 0x9b, 0x3a, 0x5f, 0x19, 0x59, 
	0x19, 0x59, 0x19, 0x59, 0x11, 0x57, 0x19, 0x57, 
	0x19, 0x59, 0x19, 0x99, 0x11, 0x57, 0x19, 0x57, 
	0x19, 0x57, 0x19, 0x57, 0x19, 0x57, 0x19, 0x57, 
	0x19, 0x57, 0x19, 0x57, 0x19, 0x57, 0x19, 0x57, 
	0x19, 0x57, 0x19, 0x57, 0x21, 0x99, 0x19, 0x57, 
	
};

Gfx Intro_graydient_i8_aligner[] = {gsSPEndDisplayList()};
u8 Intro_graydient_i8[] = {
	0x9e, 0x9e, 0xa0, 0xa0, 0xa2, 0xa3, 0xa4, 0xa5, 
	0xa7, 0xa7, 0xa8, 0xa9, 0xaa, 0xac, 0xac, 0xad, 
	0xae, 0xaf, 0xb1, 0xb1, 0xb2, 0xb3, 0xb4, 0xb5, 
	0xb6, 0xb7, 0xb8, 0xb9, 0xba, 0xba, 0xbc, 0xbd, 
	0xbe, 0xbe, 0xbf, 0xc0, 0xc1, 0xc2, 0xc2, 0xc3, 
	0xc4, 0xc5, 0xc6, 0xc6, 0xc8, 0xc8, 0xc9, 0xca, 
	0xcb, 0xcc, 0xcd, 0xcd, 0xce, 0xcf, 0xd0, 0xd0, 
	0xd1, 0xd2, 0xd3, 0xd4, 0xd4, 0xd5, 0xd5, 0xd6, 
	0x9f, 0x9f, 0xa1, 0xa1, 0xa3, 0xa3, 0xa5, 0xa6, 
	0xa7, 0xa8, 0xa9, 0xab, 0xac, 0xac, 0xae, 0xae, 
	0xaf, 0xb0, 0xb2, 0xb3, 0xb3, 0xb4, 0xb5, 0xb6, 
	0xb7, 0xb8, 0xb9, 0xba, 0xba, 0xbc, 0xbc, 0xbd, 
	0xbf, 0xbf, 0xc0, 0xc1, 0xc2, 0xc3, 0xc4, 0xc4, 
	0xc5, 0xc6, 0xc7, 0xc8, 0xc8, 0xc9, 0xca, 0xcb, 
	0xcc, 0xcc, 0xcd, 0xce, 0xcf, 0xcf, 0xd0, 0xd1, 
	0xd2, 0xd3, 0xd4, 0xd4, 0xd5, 0xd6, 0xd6, 0xd7, 
	0xa0, 0xa1, 0xa2, 0xa3, 0xa4, 0xa5, 0xa7, 0xa7, 
	0xa9, 0xa9, 0xaa, 0xab, 0xac, 0xae, 0xae, 0xaf, 
	0xb0, 0xb1, 0xb2, 0xb3, 0xb4, 0xb5, 0xb6, 0xb7, 
	0xb8, 0xb9, 0xba, 0xba, 0xbc, 0xbd, 0xbd, 0xbf, 
	0xbf, 0xc0, 0xc1, 0xc2, 0xc3, 0xc3, 0xc4, 0xc5, 
	0xc6, 0xc7, 0xc8, 0xc9, 0xc9, 0xca, 0xcb, 0xcc, 
	0xcd, 0xcd, 0xce, 0xcf, 0xd0, 0xd0, 0xd1, 0xd2, 
	0xd3, 0xd3, 0xd4, 0xd5, 0xd5, 0xd6, 0xd7, 0xd8, 
	0xa0, 0xa2, 0xa3, 0xa5, 0xa6, 0xa6, 0xa8, 0xa8, 
	0xa9, 0xaa, 0xab, 0xac, 0xad, 0xae, 0xaf, 0xb0, 
	0xb1, 0xb2, 0xb3, 0xb4, 0xb5, 0xb6, 0xb7, 0xb8, 
	0xb9, 0xba, 0xbb, 0xbb, 0xbd, 0xbe, 0xbe, 0xc0, 
	0xc0, 0xc1, 0xc2, 0xc3, 0xc3, 0xc4, 0xc5, 0xc6, 
	0xc7, 0xc8, 0xc9, 0xca, 0xca, 0xcb, 0xcc, 0xcc, 
	0xcd, 0xce, 0xcf, 0xd0, 0xd0, 0xd1, 0xd2, 0xd3, 
	0xd4, 0xd4, 0xd5, 0xd6, 0xd6, 0xd7, 0xd8, 0xd9, 
	0xa2, 0xa2, 0xa4, 0xa5, 0xa6, 0xa7, 0xa8, 0xa9, 
	0xab, 0xac, 0xac, 0xae, 0xaf, 0xaf, 0xb0, 0xb2, 
	0xb2, 0xb3, 0xb4, 0xb5, 0xb7, 0xb7, 0xb8, 0xb9, 
	0xba, 0xbb, 0xbb, 0xbc, 0xbd, 0xbe, 0xc0, 0xc0, 
	0xc1, 0xc2, 0xc3, 0xc4, 0xc4, 0xc5, 0xc6, 0xc7, 
	0xc7, 0xc8, 0xc9, 0xca, 0xcb, 0xcb, 0xcd, 0xcd, 
	0xce, 0xcf, 0xd0, 0xd0, 0xd1, 0xd2, 0xd2, 0xd3, 
	0xd4, 0xd5, 0xd5, 0xd6, 0xd7, 0xd8, 0xd9, 0xd9, 
	0xa3, 0xa4, 0xa5, 0xa6, 0xa8, 0xa8, 0xa9, 0xaa, 
	0xac, 0xac, 0xae, 0xae, 0xaf, 0xb0, 0xb1, 0xb2, 
	0xb3, 0xb5, 0xb5, 0xb6, 0xb7, 0xb8, 0xb9, 0xba, 
	0xbb, 0xbb, 0xbc, 0xbe, 0xbe, 0xbf, 0xc0, 0xc1, 
	0xc1, 0xc3, 0xc4, 0xc5, 0xc5, 0xc6, 0xc6, 0xc7, 
	0xc8, 0xc9, 0xca, 0xcb, 0xcc, 0xcc, 0xcd, 0xce, 
	0xcf, 0xd0, 0xd0, 0xd1, 0xd2, 0xd2, 0xd3, 0xd5, 
	0xd5, 0xd5, 0xd6, 0xd7, 0xd8, 0xd9, 0xd9, 0xda, 
	0xa4, 0xa5, 0xa6, 0xa7, 0xa8, 0xa9, 0xaa, 0xac, 
	0xac, 0xad, 0xae, 0xaf, 0xb0, 0xb1, 0xb2, 0xb3, 
	0xb4, 0xb5, 0xb6, 0xb7, 0xb8, 0xb9, 0xba, 0xbb, 
	0xbb, 0xbd, 0xbe, 0xbe, 0xbf, 0xc0, 0xc0, 0xc2, 
	0xc3, 0xc4, 0xc5, 0xc5, 0xc6, 0xc7, 0xc8, 0xc8, 
	0xc9, 0xca, 0xcb, 0xcc, 0xcc, 0xcd, 0xce, 0xcf, 
	0xd0, 0xd0, 0xd1, 0xd2, 0xd2, 0xd4, 0xd4, 0xd5, 
	0xd6, 0xd6, 0xd7, 0xd8, 0xd9, 0xd9, 0xda, 0xdb, 
	0xa5, 0xa7, 0xa8, 0xa8, 0xa9, 0xaa, 0xab, 0xac, 
	0xae, 0xae, 0xaf, 0xb0, 0xb1, 0xb2, 0xb4, 0xb4, 
	0xb5, 0xb6, 0xb8, 0xb8, 0xb9, 0xba, 0xba, 0xbc, 
	0xbd, 0xbe, 0xbe, 0xbf, 0xc1, 0xc1, 0xc2, 0xc3, 
	0xc3, 0xc5, 0xc5, 0xc6, 0xc6, 0xc7, 0xc9, 0xc9, 
	0xca, 0xcb, 0xcc, 0xcc, 0xcd, 0xce, 0xcf, 0xd0, 
	0xd0, 0xd1, 0xd2, 0xd3, 0xd3, 0xd4, 0xd5, 0xd6, 
	0xd6, 0xd7, 0xd8, 0xd9, 0xda, 0xda, 0xda, 0xdb, 
	0xa6, 0xa7, 0xa8, 0xa9, 0xab, 0xac, 0xad, 0xae, 
	0xae, 0xaf, 0xb0, 0xb2, 0xb2, 0xb4, 0xb5, 0xb5, 
	0xb6, 0xb7, 0xb8, 0xb9, 0xba, 0xbb, 0xbb, 0xbd, 
	0xbd, 0xbe, 0xbf, 0xc0, 0xc1, 0xc2, 0xc3, 0xc3, 
	0xc5, 0xc5, 0xc6, 0xc7, 0xc8, 0xc8, 0xc9, 0xca, 
	0xcb, 0xcb, 0xcd, 0xcd, 0xce, 0xcf, 0xd0, 0xd0, 
	0xd1, 0xd2, 0xd3, 0xd3, 0xd4, 0xd5, 0xd5, 0xd6, 
	0xd7, 0xd8, 0xd9, 0xda, 0xda, 0xdb, 0xdc, 0xdc, 
	0xa7, 0xa8, 0xa9, 0xab, 0xab, 0xad, 0xad, 0xae, 
	0xaf, 0xb0, 0xb1, 0xb3, 0xb4, 0xb5, 0xb5, 0xb6, 
	0xb7, 0xb8, 0xb9, 0xba, 0xbb, 0xbc, 0xbd, 0xbd, 
	0xbe, 0xbf, 0xc0, 0xc1, 0xc2, 0xc2, 0xc3, 0xc4, 
	0xc5, 0xc6, 0xc7, 0xc8, 0xc9, 0xc9, 0xca, 0xcb, 
	0xcc, 0xcc, 0xcd, 0xce, 0xcf, 0xd0, 0xd0, 0xd1, 
	0xd2, 0xd2, 0xd3, 0xd4, 0xd5, 0xd5, 0xd6, 0xd7, 
	0xd8, 0xd8, 0xd9, 0xda, 0xdb, 0xdc, 0xdc, 0xdd, 
	0xa8, 0xaa, 0xab, 0xab, 0xad, 0xae, 0xae, 0xaf, 
	0xb1, 0xb1, 0xb3, 0xb3, 0xb5, 0xb5, 0xb6, 0xb7, 
	0xb8, 0xb9, 0xba, 0xbb, 0xbb, 0xbc, 0xbe, 0xbf, 
	0xbf, 0xc0, 0xc0, 0xc2, 0xc3, 0xc3, 0xc4, 0xc6, 
	0xc6, 0xc7, 0xc8, 0xc8, 0xc9, 0xca, 0xcb, 0xcc, 
	0xcc, 0xcd, 0xce, 0xcf, 0xd0, 0xd0, 0xd1, 0xd2, 
	0xd3, 0xd3, 0xd4, 0xd5, 0xd6, 0xd6, 0xd7, 0xd8, 
	0xd9, 0xd9, 0xda, 0xda, 0xdb, 0xdc, 0xdd, 0xde, 
	0xa9, 0xaa, 0xab, 0xac, 0xad, 0xae, 0xaf, 0xb0, 
	0xb1, 0xb2, 0xb3, 0xb4, 0xb5, 0xb6, 0xb7, 0xb8, 
	0xb9, 0xba, 0xbb, 0xbc, 0xbd, 0xbd, 0xbe, 0xc0, 
	0xc0, 0xc1, 0xc2, 0xc3, 0xc3, 0xc4, 0xc5, 0xc6, 
	0xc7, 0xc8, 0xc8, 0xca, 0xca, 0xcb, 0xcc, 0xcc, 
	0xcd, 0xce, 0xcf, 0xd0, 0xd1, 0xd1, 0xd2, 0xd3, 
	0xd3, 0xd4, 0xd5, 0xd6, 0xd7, 0xd7, 0xd8, 0xd9, 
	0xd9, 0xda, 0xdb, 0xdb, 0xdc, 0xdd, 0xde, 0xdf, 
	0xaa, 0xac, 0xac, 0xad, 0xae, 0xaf, 0xb1, 0xb1, 
	0xb2, 0xb4, 0xb4, 0xb5, 0xb6, 0xb7, 0xb8, 0xb9, 
	0xba, 0xbb, 0xbc, 0xbc, 0xbd, 0xbe, 0xbf, 0xc0, 
	0xc1, 0xc2, 0xc3, 0xc3, 0xc4, 0xc5, 0xc6, 0xc7, 
	0xc8, 0xc9, 0xc9, 0xca, 0xcb, 0xcc, 0xcd, 0xcd, 
	0xce, 0xcf, 0xd0, 0xd0, 0xd1, 0xd2, 0xd3, 0xd4, 
	0xd4, 0xd5, 0xd5, 0xd6, 0xd7, 0xd8, 0xd8, 0xd9, 
	0xda, 0xdb, 0xdc, 0xdc, 0xdd, 0xde, 0xde, 0xdf, 
	0xac, 0xad, 0xad, 0xaf, 0xaf, 0xb0, 0xb2, 0xb2, 
	0xb3, 0xb4, 0xb5, 0xb6, 0xb7, 0xb8, 0xb9, 0xba, 
	0xba, 0xbc, 0xbc, 0xbe, 0xbe, 0xbf, 0xc1, 0xc1, 
	0xc2, 0xc3, 0xc3, 0xc4, 0xc5, 0xc6, 0xc7, 0xc8, 
	0xc8, 0xc9, 0xca, 0xcb, 0xcc, 0xcd, 0xcd, 0xce, 
	0xcf, 0xd0, 0xd0, 0xd1, 0xd2, 0xd3, 0xd4, 0xd4, 
	0xd5, 0xd6, 0xd6, 0xd7, 0xd8, 0xd9, 0xd9, 0xda, 
	0xdb, 0xdc, 0xdc, 0xdd, 0xde, 0xde, 0xdf, 0xe0, 
	0xad, 0xad, 0xae, 0xaf, 0xb0, 0xb1, 0xb2, 0xb4, 
	0xb4, 0xb5, 0xb6, 0xb7, 0xb8, 0xb9, 0xba, 0xbb, 
	0xbb, 0xbd, 0xbd, 0xbe, 0xbf, 0xc0, 0xc1, 0xc2, 
	0xc2, 0xc4, 0xc5, 0xc5, 0xc6, 0xc7, 0xc7, 0xc9, 
	0xc9, 0xca, 0xcb, 0xcb, 0xcd, 0xcd, 0xce, 0xcf, 
	0xd0, 0xd1, 0xd1, 0xd2, 0xd3, 0xd4, 0xd4, 0xd5, 
	0xd5, 0xd7, 0xd7, 0xd8, 0xd9, 0xd9, 0xda, 0xda, 
	0xdc, 0xdc, 0xdd, 0xde, 0xdf, 0xdf, 0xe0, 0xe0, 
	0xae, 0xaf, 0xb0, 0xb0, 0xb2, 0xb3, 0xb4, 0xb4, 
	0xb5, 0xb6, 0xb7, 0xb8, 0xb9, 0xba, 0xbb, 0xbc, 
	0xbc, 0xbd, 0xbe, 0xbf, 0xc0, 0xc1, 0xc2, 0xc3, 
	0xc4, 0xc4, 0xc5, 0xc6, 0xc7, 0xc7, 0xc8, 0xc9, 
	0xca, 0xcb, 0xcc, 0xcd, 0xcd, 0xce, 0xcf, 0xd0, 
	0xd1, 0xd1, 0xd2, 0xd3, 0xd4, 0xd4, 0xd5, 0xd6, 
	0xd6, 0xd7, 0xd8, 0xd9, 0xd9, 0xda, 0xdb, 0xdb, 
	0xdc, 0xdd, 0xde, 0xde, 0xdf, 0xe0, 0xe0, 0xe1, 
	0xaf, 0xaf, 0xb0, 0xb1, 0xb2, 0xb4, 0xb4, 0xb5, 
	0xb6, 0xb7, 0xb8, 0xb9, 0xba, 0xbb, 0xbb, 0xbd, 
	0xbe, 0xbe, 0xbf, 0xc0, 0xc1, 0xc1, 0xc2, 0xc4, 
	0xc4, 0xc5, 0xc6, 0xc7, 0xc7, 0xc8, 0xca, 0xca, 
	0xcb, 0xcc, 0xcc, 0xcd, 0xce, 0xcf, 0xd0, 0xd1, 
	0xd1, 0xd2, 0xd3, 0xd3, 0xd4, 0xd5, 0xd5, 0xd6, 
	0xd7, 0xd8, 0xd8, 0xd9, 0xda, 0xda, 0xdb, 0xdc, 
	0xdd, 0xde, 0xdf, 0xdf, 0xe0, 0xe0, 0xe1, 0xe2, 
	0xaf, 0xb1, 0xb1, 0xb3, 0xb4, 0xb4, 0xb5, 0xb6, 
	0xb7, 0xb8, 0xb9, 0xba, 0xbb, 0xbc, 0xbc, 0xbe, 
	0xbf, 0xbf, 0xc0, 0xc1, 0xc2, 0xc2, 0xc4, 0xc4, 
	0xc5, 0xc6, 0xc7, 0xc7, 0xc8, 0xc9, 0xca, 0xcb, 
	0xcc, 0xcd, 0xcd, 0xce, 0xcf, 0xd0, 0xd1, 0xd1, 
	0xd2, 0xd2, 0xd3, 0xd4, 0xd5, 0xd5, 0xd7, 0xd7, 
	0xd8, 0xd9, 0xda, 0xda, 0xdb, 0xdb, 0xdc, 0xdd, 
	0xde, 0xde, 0xdf, 0xe0, 0xe0, 0xe1, 0xe2, 0xe3, 
	0xb0, 0xb1, 0xb2, 0xb4, 0xb5, 0xb5, 0xb6, 0xb8, 
	0xb8, 0xb9, 0xba, 0xbb, 0xbb, 0xbc, 0xbd, 0xbe, 
	0xbf, 0xc0, 0xc1, 0xc2, 0xc3, 0xc3, 0xc5, 0xc5, 
	0xc6, 0xc7, 0xc8, 0xc9, 0xc9, 0xca, 0xcb, 0xcc, 
	0xcc, 0xcd, 0xce, 0xcf, 0xd0, 0xd1, 0xd1, 0xd2, 
	0xd2, 0xd3, 0xd4, 0xd5, 0xd6, 0xd6, 0xd7, 0xd8, 
	0xd9, 0xd9, 0xda, 0xdb, 0xdb, 0xdc, 0xdd, 0xde, 
	0xdf, 0xdf, 0xe0, 0xe0, 0xe1, 0xe2, 0xe3, 0xe3, 
	0xb1, 0xb2, 0xb3, 0xb4, 0xb5, 0xb6, 0xb7, 0xb8, 
	0xb9, 0xba, 0xbb, 0xbb, 0xbd, 0xbd, 0xbe, 0xc0, 
	0xc0, 0xc1, 0xc2, 0xc3, 0xc4, 0xc5, 0xc5, 0xc6, 
	0xc7, 0xc8, 0xc8, 0xc9, 0xca, 0xcb, 0xcc, 0xcc, 
	0xcd, 0xce, 0xcf, 0xd0, 0xd1, 0xd1, 0xd2, 0xd3, 
	0xd3, 0xd4, 0xd5, 0xd5, 0xd6, 0xd7, 0xd8, 0xd9, 
	0xd9, 0xda, 0xdb, 0xdb, 0xdc, 0xdd, 0xde, 0xde, 
	0xdf, 0xe0, 0xe0, 0xe1, 0xe2, 0xe2, 0xe3, 0xe4, 
	0xb2, 0xb3, 0xb5, 0xb5, 0xb6, 0xb7, 0xb8, 0xb9, 
	0xba, 0xbb, 0xbc, 0xbc, 0xbe, 0xbe, 0xbf, 0xc0, 
	0xc1, 0xc1, 0xc3, 0xc4, 0xc4, 0xc5, 0xc6, 0xc7, 
	0xc7, 0xc8, 0xc9, 0xca, 0xcb, 0xcc, 0xcc, 0xcd, 
	0xce, 0xcf, 0xd0, 0xd0, 0xd1, 0xd2, 0xd2, 0xd4, 
	0xd4, 0xd5, 0xd5, 0xd6, 0xd7, 0xd8, 0xd8, 0xd9, 
	0xda, 0xdb, 0xdb, 0xdc, 0xdd, 0xde, 0xde, 0xdf, 
	0xdf, 0xe0, 0xe1, 0xe2, 0xe2, 0xe3, 0xe3, 0xe4, 
	0xb4, 0xb4, 0xb5, 0xb6, 0xb7, 0xb8, 0xb9, 0xba, 
	0xbb, 0xbb, 0xbd, 0xbe, 0xbf, 0xbf, 0xc0, 0xc1, 
	0xc2, 0xc3, 0xc3, 0xc4, 0xc6, 0xc6, 0xc7, 0xc8, 
	0xc9, 0xca, 0xca, 0xcb, 0xcc, 0xcc, 0xcd, 0xce, 
	0xcf, 0xd0, 0xd1, 0xd1, 0xd2, 0xd3, 0xd3, 0xd4, 
	0xd5, 0xd6, 0xd6, 0xd7, 0xd8, 0xd9, 0xd9, 0xda, 
	0xdb, 0xdc, 0xdc, 0xdd, 0xdd, 0xde, 0xdf, 0xe0, 
	0xe0, 0xe1, 0xe2, 0xe2, 0xe3, 0xe4, 0xe4, 0xe5, 
	0xb5, 0xb5, 0xb6, 0xb7, 0xb8, 0xb9, 0xba, 0xbb, 
	0xbc, 0xbd, 0xbd, 0xbe, 0xc0, 0xc0, 0xc1, 0xc2, 
	0xc3, 0xc3, 0xc5, 0xc5, 0xc6, 0xc7, 0xc8, 0xc9, 
	0xc9, 0xca, 0xcb, 0xcc, 0xcd, 0xcd, 0xce, 0xcf, 
	0xd0, 0xd0, 0xd1, 0xd2, 0xd3, 0xd4, 0xd4, 0xd5, 
	0xd6, 0xd6, 0xd7, 0xd8, 0xd9, 0xd9, 0xda, 0xdb, 
	0xdb, 0xdc, 0xdd, 0xdd, 0xde, 0xdf, 0xdf, 0xe0, 
	0xe1, 0xe2, 0xe2, 0xe3, 0xe4, 0xe4, 0xe5, 0xe6, 
	0xb5, 0xb6, 0xb7, 0xb8, 0xb9, 0xba, 0xbb, 0xbc, 
	0xbc, 0xbe, 0xbe, 0xbf, 0xc0, 0xc1, 0xc2, 0xc3, 
	0xc3, 0xc5, 0xc5, 0xc6, 0xc7, 0xc7, 0xc8, 0xc9, 
	0xca, 0xcb, 0xcc, 0xcd, 0xcd, 0xce, 0xcf, 0xcf, 
	0xd1, 0xd1, 0xd2, 0xd3, 0xd3, 0xd4, 0xd5, 0xd6, 
	0xd6, 0xd7, 0xd8, 0xd9, 0xd9, 0xda, 0xdb, 0xdb, 
	0xdc, 0xdd, 0xdd, 0xde, 0xdf, 0xdf, 0xe0, 0xe1, 
	0xe2, 0xe3, 0xe3, 0xe4, 0xe4, 0xe5, 0xe6, 0xe6, 
	0xb6, 0xb7, 0xb8, 0xb9, 0xba, 0xbb, 0xbc, 0xbd, 
	0xbd, 0xbe, 0xbf, 0xc0, 0xc1, 0xc2, 0xc3, 0xc4, 
	0xc4, 0xc5, 0xc6, 0xc7, 0xc8, 0xc8, 0xc9, 0xca, 
	0xcb, 0xcc, 0xcc, 0xce, 0xce, 0xcf, 0xd0, 0xd1, 
	0xd1, 0xd2, 0xd3, 0xd4, 0xd4, 0xd5, 0xd6, 0xd6, 
	0xd7, 0xd8, 0xd9, 0xd9, 0xda, 0xdb, 0xdb, 0xdc, 
	0xdd, 0xde, 0xde, 0xdf, 0xe0, 0xe0, 0xe1, 0xe2, 
	0xe2, 0xe3, 0xe4, 0xe4, 0xe5, 0xe6, 0xe7, 0xe7, 
	0xb7, 0xb8, 0xb9, 0xba, 0xbb, 0xbb, 0xbc, 0xbd, 
	0xbe, 0xbf, 0xc0, 0xc1, 0xc2, 0xc3, 0xc4, 0xc4, 
	0xc6, 0xc7, 0xc7, 0xc8, 0xc9, 0xc9, 0xca, 0xcb, 
	0xcc, 0xcd, 0xcd, 0xce, 0xcf, 0xd0, 0xd1, 0xd1, 
	0xd2, 0xd2, 0xd3, 0xd4, 0xd5, 0xd6, 0xd6, 0xd7, 
	0xd8, 0xd8, 0xd9, 0xda, 0xdb, 0xdb, 0xdc, 0xdd, 
	0xdd, 0xdf, 0xdf, 0xe0, 0xe0, 0xe1, 0xe2, 0xe2, 
	0xe3, 0xe4, 0xe4, 0xe5, 0xe6, 0xe7, 0xe7, 0xe8, 
	0xb8, 0xb9, 0xba, 0xbb, 0xbc, 0xbd, 0xbe, 0xbe, 
	0xbf, 0xc0, 0xc1, 0xc2, 0xc3, 0xc3, 0xc4, 0xc6, 
	0xc6, 0xc7, 0xc7, 0xc8, 0xc9, 0xca, 0xcb, 0xcc, 
	0xcc, 0xcd, 0xce, 0xcf, 0xd0, 0xd0, 0xd1, 0xd2, 
	0xd3, 0xd3, 0xd4, 0xd5, 0xd6, 0xd6, 0xd7, 0xd8, 
	0xd9, 0xd9, 0xda, 0xdb, 0xdb, 0xdc, 0xdd, 0xde, 
	0xde, 0xdf, 0xe0, 0xe0, 0xe1, 0xe2, 0xe3, 0xe3, 
	0xe4, 0xe4, 0xe5, 0xe6, 0xe6, 0xe7, 0xe8, 0xe8, 
	0xb9, 0xba, 0xbb, 0xbb, 0xbc, 0xbd, 0xbe, 0xc0, 
	0xc1, 0xc1, 0xc2, 0xc3, 0xc4, 0xc4, 0xc5, 0xc6, 
	0xc7, 0xc8, 0xc9, 0xc9, 0xca, 0xcb, 0xcc, 0xcd, 
	0xcd, 0xce, 0xcf, 0xd0, 0xd1, 0xd1, 0xd2, 0xd3, 
	0xd4, 0xd4, 0xd5, 0xd6, 0xd6, 0xd7, 0xd8, 0xd9, 
	0xd9, 0xda, 0xdb, 0xdb, 0xdc, 0xdd, 0xde, 0xdf, 
	0xdf, 0xe0, 0xe0, 0xe1, 0xe2, 0xe3, 0xe3, 0xe4, 
	0xe4, 0xe5, 0xe6, 0xe6, 0xe7, 0xe8, 0xe8, 0xe9, 
	0xba, 0xbb, 0xbc, 0xbd, 0xbe, 0xbf, 0xbf, 0xc0, 
	0xc1, 0xc2, 0xc3, 0xc4, 0xc5, 0xc5, 0xc6, 0xc7, 
	0xc8, 0xc8, 0xca, 0xca, 0xcb, 0xcc, 0xcd, 0xcd, 
	0xce, 0xcf, 0xd0, 0xd1, 0xd1, 0xd2, 0xd3, 0xd3, 
	0xd4, 0xd5, 0xd6, 0xd6, 0xd7, 0xd8, 0xd9, 0xd9, 
	0xda, 0xdb, 0xdb, 0xdc, 0xdd, 0xde, 0xde, 0xdf, 
	0xe0, 0xe0, 0xe1, 0xe2, 0xe2, 0xe3, 0xe4, 0xe4, 
	0xe5, 0xe6, 0xe6, 0xe7, 0xe8, 0xe8, 0xe9, 0xea, 
	0xbb, 0xbc, 0xbc, 0xbd, 0xbe, 0xbf, 0xc0, 0xc1, 
	0xc2, 0xc2, 0xc4, 0xc4, 0xc5, 0xc6, 0xc6, 0xc7, 
	0xc8, 0xca, 0xca, 0xcb, 0xcc, 0xcc, 0xcd, 0xce, 
	0xcf, 0xd0, 0xd0, 0xd1, 0xd2, 0xd3, 0xd3, 0xd4, 
	0xd5, 0xd6, 0xd6, 0xd7, 0xd8, 0xd9, 0xd9, 0xda, 
	0xdb, 0xdb, 0xdc, 0xdd, 0xdd, 0xde, 0xdf, 0xe0, 
	0xe0, 0xe1, 0xe2, 0xe2, 0xe3, 0xe4, 0xe4, 0xe5, 
	0xe6, 0xe6, 0xe7, 0xe8, 0xe8, 0xe9, 0xea, 0xea, 
	0xbb, 0xbc, 0xbe, 0xbe, 0xbf, 0xc0, 0xc1, 0xc2, 
	0xc3, 0xc3, 0xc5, 0xc5, 0xc6, 0xc7, 0xc8, 0xc8, 
	0xca, 0xca, 0xcb, 0xcc, 0xcc, 0xcd, 0xce, 0xcf, 
	0xd0, 0xd1, 0xd1, 0xd2, 0xd3, 0xd3, 0xd4, 0xd5, 
	0xd6, 0xd6, 0xd7, 0xd8, 0xd8, 0xd9, 0xda, 0xdb, 
	0xdb, 0xdc, 0xdd, 0xde, 0xde, 0xdf, 0xe0, 0xe0, 
	0xe1, 0xe2, 0xe3, 0xe3, 0xe4, 0xe4, 0xe5, 0xe6, 
	0xe7, 0xe7, 0xe8, 0xe8, 0xe9, 0xea, 0xea, 0xeb, 
	0xbd, 0xbe, 0xbe, 0xbf, 0xc0, 0xc1, 0xc2, 0xc3, 
	0xc4, 0xc5, 0xc5, 0xc6, 0xc6, 0xc7, 0xc8, 0xca, 
	0xca, 0xcb, 0xcc, 0xcc, 0xcd, 0xce, 0xcf, 0xd0, 
	0xd1, 0xd1, 0xd2, 0xd3, 0xd3, 0xd4, 0xd5, 0xd6, 
	0xd6, 0xd7, 0xd8, 0xd9, 0xd9, 0xda, 0xdb, 0xdb, 
	0xdc, 0xdd, 0xde, 0xde, 0xdf, 0xe0, 0xe0, 0xe1, 
	0xe2, 0xe2, 0xe3, 0xe4, 0xe4, 0xe5, 0xe6, 0xe7, 
	0xe7, 0xe8, 0xe8, 0xe9, 0xea, 0xea, 0xeb, 0xec, 
	0xbd, 0xbe, 0xbf, 0xc0, 0xc1, 0xc2, 0xc2, 0xc3, 
	0xc4, 0xc5, 0xc6, 0xc7, 0xc8, 0xc8, 0xc9, 0xca, 
	0xcb, 0xcc, 0xcc, 0xcd, 0xce, 0xcf, 0xd0, 0xd0, 
	0xd1, 0xd2, 0xd3, 0xd3, 0xd4, 0xd5, 0xd6, 0xd7, 
	0xd7, 0xd8, 0xd9, 0xda, 0xda, 0xdb, 0xdb, 0xdc, 
	0xdd, 0xde, 0xde, 0xdf, 0xe0, 0xe0, 0xe1, 0xe2, 
	0xe2, 0xe3, 0xe4, 0xe4, 0xe5, 0xe6, 0xe6, 0xe7, 
	0xe8, 0xe8, 0xe9, 0xea, 0xea, 0xeb, 0xec, 0xec, 
	0xbe, 0xbf, 0xc0, 0xc1, 0xc2, 0xc3, 0xc4, 0xc4, 
	0xc5, 0xc6, 0xc6, 0xc8, 0xc9, 0xc9, 0xca, 0xcb, 
	0xcc, 0xcd, 0xce, 0xce, 0xcf, 0xd0, 0xd0, 0xd1, 
	0xd2, 0xd3, 0xd3, 0xd4, 0xd5, 0xd6, 0xd6, 0xd7, 
	0xd8, 0xd9, 0xd9, 0xda, 0xdb, 0xdc, 0xdc, 0xdd, 
	0xde, 0xdf, 0xdf, 0xdf, 0xe0, 0xe1, 0xe2, 0xe2, 
	0xe3, 0xe4, 0xe4, 0xe5, 0xe6, 0xe7, 0xe7, 0xe8, 
	0xe8, 0xe9, 0xea, 0xea, 0xeb, 0xec, 0xec, 0xed, 
	0xbf, 0xc0, 0xc1, 0xc1, 0xc3, 0xc3, 0xc4, 0xc5, 
	0xc6, 0xc7, 0xc8, 0xc9, 0xc9, 0xca, 0xcb, 0xcc, 
	0xcc, 0xcd, 0xce, 0xcf, 0xd0, 0xd0, 0xd1, 0xd2, 
	0xd3, 0xd3, 0xd5, 0xd5, 0xd6, 0xd6, 0xd7, 0xd8, 
	0xd9, 0xd9, 0xda, 0xdb, 0xdb, 0xdc, 0xdd, 0xde, 
	0xde, 0xdf, 0xdf, 0xe0, 0xe1, 0xe2, 0xe2, 0xe3, 
	0xe4, 0xe4, 0xe5, 0xe6, 0xe7, 0xe7, 0xe8, 0xe8, 
	0xe9, 0xea, 0xea, 0xeb, 0xec, 0xec, 0xed, 0xed, 
	0xc0, 0xc1, 0xc1, 0xc3, 0xc3, 0xc4, 0xc5, 0xc6, 
	0xc7, 0xc8, 0xc9, 0xc9, 0xca, 0xcb, 0xcc, 0xcc, 
	0xcd, 0xce, 0xcf, 0xd0, 0xd0, 0xd1, 0xd2, 0xd3, 
	0xd4, 0xd4, 0xd5, 0xd6, 0xd7, 0xd7, 0xd8, 0xd9, 
	0xd9, 0xda, 0xdb, 0xdc, 0xdc, 0xdd, 0xde, 0xde, 
	0xdf, 0xe0, 0xe0, 0xe1, 0xe2, 0xe2, 0xe3, 0xe4, 
	0xe4, 0xe5, 0xe6, 0xe6, 0xe7, 0xe8, 0xe8, 0xe9, 
	0xea, 0xea, 0xeb, 0xec, 0xec, 0xed, 0xee, 0xee, 
	0xc1, 0xc2, 0xc2, 0xc3, 0xc4, 0xc5, 0xc6, 0xc7, 
	0xc7, 0xc8, 0xc9, 0xca, 0xcb, 0xcc, 0xcc, 0xcd, 
	0xce, 0xcf, 0xcf, 0xd1, 0xd1, 0xd2, 0xd3, 0xd3, 
	0xd4, 0xd5, 0xd6, 0xd6, 0xd7, 0xd8, 0xd9, 0xd9, 
	0xda, 0xdb, 0xdb, 0xdc, 0xdd, 0xdd, 0xde, 0xdf, 
	0xe0, 0xe0, 0xe1, 0xe2, 0xe3, 0xe3, 0xe4, 0xe5, 
	0xe5, 0xe6, 0xe6, 0xe7, 0xe8, 0xe8, 0xe9, 0xea, 
	0xea, 0xeb, 0xec, 0xec, 0xed, 0xed, 0xee, 0xef, 
	0xc2, 0xc2, 0xc3, 0xc4, 0xc5, 0xc6, 0xc7, 0xc7, 
	0xc9, 0xca, 0xcb, 0xcb, 0xcc, 0xcc, 0xcd, 0xce, 
	0xcf, 0xd0, 0xd0, 0xd1, 0xd2, 0xd2, 0xd3, 0xd4, 
	0xd5, 0xd6, 0xd6, 0xd7, 0xd8, 0xd9, 0xda, 0xda, 
	0xdb, 0xdc, 0xdc, 0xdd, 0xde, 0xde, 0xdf, 0xe0, 
	0xe0, 0xe1, 0xe2, 0xe3, 0xe3, 0xe4, 0xe4, 0xe5, 
	0xe6, 0xe6, 0xe7, 0xe8, 0xe8, 0xe9, 0xea, 0xea, 
	0xeb, 0xec, 0xec, 0xed, 0xed, 0xee, 0xef, 0xef, 
	0xc3, 0xc4, 0xc4, 0xc5, 0xc6, 0xc7, 0xc7, 0xc8, 
	0xc9, 0xca, 0xcb, 0xcc, 0xcc, 0xcd, 0xce, 0xcf, 
	0xd0, 0xd0, 0xd2, 0xd2, 0xd3, 0xd3, 0xd4, 0xd5, 
	0xd6, 0xd7, 0xd7, 0xd8, 0xd9, 0xda, 0xda, 0xdb, 
	0xdb, 0xdc, 0xdd, 0xdd, 0xde, 0xdf, 0xe0, 0xe0, 
	0xe1, 0xe2, 0xe2, 0xe3, 0xe4, 0xe4, 0xe5, 0xe6, 
	0xe7, 0xe7, 0xe8, 0xe8, 0xe9, 0xea, 0xea, 0xeb, 
	0xec, 0xed, 0xed, 0xee, 0xee, 0xef, 0xef, 0xf0, 
	0xc4, 0xc4, 0xc5, 0xc6, 0xc7, 0xc7, 0xc8, 0xc9, 
	0xca, 0xcb, 0xcc, 0xcd, 0xcd, 0xce, 0xcf, 0xd0, 
	0xd0, 0xd2, 0xd2, 0xd3, 0xd3, 0xd4, 0xd5, 0xd6, 
	0xd6, 0xd7, 0xd8, 0xd9, 0xda, 0xda, 0xdb, 0xdb, 
	0xdc, 0xdd, 0xde, 0xdf, 0xdf, 0xe0, 0xe0, 0xe1, 
	0xe2, 0xe2, 0xe3, 0xe4, 0xe4, 0xe5, 0xe6, 0xe7, 
	0xe7, 0xe8, 0xe9, 0xe9, 0xea, 0xea, 0xeb, 0xec, 
	0xec, 0xed, 0xed, 0xee, 0xef, 0xef, 0xf0, 0xf1, 
	0xc4, 0xc5, 0xc6, 0xc7, 0xc7, 0xc8, 0xc9, 0xca, 
	0xcb, 0xcc, 0xcd, 0xcd, 0xce, 0xcf, 0xd0, 0xd1, 
	0xd1, 0xd2, 0xd3, 0xd3, 0xd4, 0xd5, 0xd6, 0xd6, 
	0xd7, 0xd8, 0xd9, 0xd9, 0xda, 0xdb, 0xdb, 0xdc, 
	0xdd, 0xde, 0xde, 0xdf, 0xe0, 0xe0, 0xe1, 0xe2, 
	0xe2, 0xe3, 0xe4, 0xe5, 0xe5, 0xe6, 0xe7, 0xe7, 
	0xe8, 0xe8, 0xe9, 0xea, 0xea, 0xeb, 0xec, 0xec, 
	0xed, 0xed, 0xee, 0xef, 0xf0, 0xf0, 0xf1, 0xf1, 
	0xc5, 0xc6, 0xc7, 0xc8, 0xc9, 0xc9, 0xca, 0xcb, 
	0xcc, 0xcc, 0xcd, 0xce, 0xcf, 0xd0, 0xd1, 0xd2, 
	0xd2, 0xd3, 0xd4, 0xd4, 0xd5, 0xd6, 0xd6, 0xd7, 
	0xd8, 0xd9, 0xd9, 0xda, 0xdb, 0xdc, 0xdc, 0xdd, 
	0xde, 0xde, 0xdf, 0xe0, 0xe0, 0xe1, 0xe2, 0xe2, 
	0xe3, 0xe4, 0xe4, 0xe5, 0xe6, 0xe6, 0xe7, 0xe8, 
	0xe8, 0xe9, 0xea, 0xea, 0xeb, 0xec, 0xec, 0xed, 
	0xed, 0xee, 0xef, 0xf0, 0xf0, 0xf1, 0xf1, 0xf2, 
	0xc6, 0xc7, 0xc8, 0xc8, 0xca, 0xca, 0xcb, 0xcc, 
	0xcc, 0xcd, 0xce, 0xcf, 0xd0, 0xd0, 0xd2, 0xd2, 
	0xd2, 0xd4, 0xd4, 0xd5, 0xd6, 0xd7, 0xd7, 0xd8, 
	0xd9, 0xda, 0xda, 0xdb, 0xdc, 0xdc, 0xdd, 0xde, 
	0xde, 0xdf, 0xe0, 0xe1, 0xe1, 0xe2, 0xe3, 0xe3, 
	0xe4, 0xe4, 0xe5, 0xe6, 0xe6, 0xe7, 0xe8, 0xe9, 
	0xe9, 0xea, 0xea, 0xeb, 0xec, 0xec, 0xed, 0xee, 
	0xee, 0xef, 0xf0, 0xf0, 0xf1, 0xf1, 0xf2, 0xf3, 
	0xc7, 0xc7, 0xc9, 0xc9, 0xca, 0xcb, 0xcc, 0xcc, 
	0xcd, 0xce, 0xcf, 0xd0, 0xd0, 0xd1, 0xd2, 0xd3, 
	0xd3, 0xd4, 0xd5, 0xd6, 0xd7, 0xd7, 0xd8, 0xd9, 
	0xd9, 0xda, 0xdb, 0xdb, 0xdc, 0xdd, 0xde, 0xde, 
	0xdf, 0xe0, 0xe0, 0xe1, 0xe2, 0xe2, 0xe3, 0xe4, 
	0xe4, 0xe5, 0xe6, 0xe6, 0xe7, 0xe8, 0xe9, 0xe9, 
	0xea, 0xea, 0xeb, 0xec, 0xec, 0xed, 0xee, 0xee, 
	0xef, 0xef, 0xf0, 0xf1, 0xf1, 0xf2, 0xf3, 0xf3, 
	0xc8, 0xc8, 0xc9, 0xcb, 0xcb, 0xcc, 0xcc, 0xcd, 
	0xce, 0xcf, 0xcf, 0xd1, 0xd1, 0xd2, 0xd3, 0xd3, 
	0xd4, 0xd5, 0xd6, 0xd7, 0xd7, 0xd8, 0xd9, 0xd9, 
	0xda, 0xdb, 0xdb, 0xdc, 0xdd, 0xde, 0xde, 0xdf, 
	0xe0, 0xe0, 0xe1, 0xe2, 0xe3, 0xe3, 0xe4, 0xe5, 
	0xe5, 0xe6, 0xe6, 0xe7, 0xe8, 0xe9, 0xe9, 0xea, 
	0xea, 0xeb, 0xec, 0xec, 0xed, 0xed, 0xee, 0xef, 
	0xef, 0xf0, 0xf1, 0xf1, 0xf2, 0xf2, 0xf3, 0xf4, 
	0xc9, 0xc9, 0xca, 0xcb, 0xcb, 0xcd, 0xcd, 0xce, 
	0xcf, 0xd0, 0xd0, 0xd1, 0xd2, 0xd3, 0xd4, 0xd4, 
	0xd5, 0xd6, 0xd7, 0xd7, 0xd8, 0xd9, 0xd9, 0xda, 
	0xdb, 0xdb, 0xdc, 0xdd, 0xdd, 0xde, 0xdf, 0xe0, 
	0xe0, 0xe1, 0xe2, 0xe3, 0xe3, 0xe4, 0xe4, 0xe5, 
	0xe6, 0xe6, 0xe7, 0xe8, 0xe9, 0xe9, 0xea, 0xea, 
	0xeb, 0xec, 0xec, 0xed, 0xee, 0xee, 0xef, 0xef, 
	0xf0, 0xf1, 0xf1, 0xf2, 0xf3, 0xf3, 0xf4, 0xf4, 
	0xc9, 0xca, 0xcb, 0xcc, 0xcd, 0xcd, 0xce, 0xcf, 
	0xd0, 0xd0, 0xd1, 0xd2, 0xd3, 0xd3, 0xd4, 0xd5, 
	0xd6, 0xd7, 0xd7, 0xd8, 0xd9, 0xd9, 0xda, 0xdb, 
	0xdb, 0xdc, 0xdd, 0xde, 0xde, 0xdf, 0xe0, 0xe0, 
	0xe1, 0xe2, 0xe2, 0xe3, 0xe4, 0xe4, 0xe5, 0xe6, 
	0xe7, 0xe7, 0xe8, 0xe8, 0xe9, 0xea, 0xea, 0xeb, 
	0xec, 0xec, 0xed, 0xee, 0xee, 0xef, 0xef, 0xf0, 
	0xf1, 0xf1, 0xf2, 0xf2, 0xf3, 0xf4, 0xf4, 0xf5, 
	0xca, 0xcb, 0xcc, 0xcd, 0xcd, 0xce, 0xcf, 0xd0, 
	0xd1, 0xd1, 0xd2, 0xd3, 0xd4, 0xd4, 0xd5, 0xd6, 
	0xd7, 0xd7, 0xd8, 0xd9, 0xda, 0xda, 0xdb, 0xdb, 
	0xdc, 0xdd, 0xde, 0xde, 0xdf, 0xe0, 0xe1, 0xe1, 
	0xe2, 0xe2, 0xe3, 0xe4, 0xe4, 0xe5, 0xe6, 0xe6, 
	0xe7, 0xe8, 0xe9, 0xe9, 0xea, 0xea, 0xeb, 0xec, 
	0xec, 0xed, 0xed, 0xee, 0xef, 0xf0, 0xf0, 0xf1, 
	0xf1, 0xf2, 0xf3, 0xf3, 0xf4, 0xf4, 0xf5, 0xf5, 
	0xcb, 0xcc, 0xcd, 0xcd, 0xce, 0xcf, 0xd0, 0xd0, 
	0xd1, 0xd2, 0xd3, 0xd4, 0xd4, 0xd5, 0xd6, 0xd6, 
	0xd7, 0xd8, 0xd9, 0xd9, 0xda, 0xdb, 0xdb, 0xdc, 
	0xdd, 0xdd, 0xde, 0xdf, 0xe0, 0xe0, 0xe1, 0xe2, 
	0xe2, 0xe3, 0xe4, 0xe4, 0xe5, 0xe6, 0xe6, 0xe7, 
	0xe8, 0xe8, 0xe9, 0xea, 0xea, 0xeb, 0xec, 0xec, 
	0xed, 0xed, 0xee, 0xef, 0xef, 0xf0, 0xf1, 0xf1, 
	0xf2, 0xf2, 0xf3, 0xf4, 0xf4, 0xf5, 0xf5, 0xf6, 
	0xcc, 0xcd, 0xcd, 0xce, 0xcf, 0xd0, 0xd0, 0xd1, 
	0xd2, 0xd3, 0xd4, 0xd4, 0xd5, 0xd6, 0xd6, 0xd7, 
	0xd8, 0xd9, 0xda, 0xda, 0xdb, 0xdc, 0xdc, 0xdd, 
	0xde, 0xdf, 0xdf, 0xe0, 0xe0, 0xe1, 0xe2, 0xe3, 
	0xe3, 0xe4, 0xe4, 0xe5, 0xe6, 0xe6, 0xe7, 0xe8, 
	0xe9, 0xe9, 0xea, 0xea, 0xeb, 0xec, 0xec, 0xed, 
	0xed, 0xee, 0xef, 0xef, 0xf0, 0xf1, 0xf1, 0xf2, 
	0xf2, 0xf3, 0xf4, 0xf4, 0xf5, 0xf6, 0xf6, 0xf7, 
	0xcc, 0xcd, 0xce, 0xcf, 0xd0, 0xd0, 0xd1, 0xd2, 
	0xd3, 0xd3, 0xd4, 0xd5, 0xd6, 0xd7, 0xd7, 0xd8, 
	0xd9, 0xd9, 0xda, 0xdb, 0xdb, 0xdc, 0xdd, 0xde, 
	0xde, 0xdf, 0xe0, 0xe0, 0xe1, 0xe2, 0xe3, 0xe3, 
	0xe4, 0xe4, 0xe5, 0xe6, 0xe6, 0xe7, 0xe8, 0xe9, 
	0xe9, 0xea, 0xea, 0xeb, 0xec, 0xed, 0xed, 0xee, 
	0xee, 0xef, 0xef, 0xf0, 0xf1, 0xf1, 0xf2, 0xf3, 
	0xf3, 0xf4, 0xf4, 0xf5, 0xf5, 0xf6, 0xf7, 0xf7, 
	0xcd, 0xce, 0xcf, 0xd0, 0xd1, 0xd1, 0xd2, 0xd3, 
	0xd4, 0xd4, 0xd5, 0xd6, 0xd6, 0xd7, 0xd8, 0xd9, 
	0xd9, 0xda, 0xdb, 0xdc, 0xdc, 0xdd, 0xde, 0xde, 
	0xdf, 0xe0, 0xe0, 0xe1, 0xe2, 0xe3, 0xe3, 0xe4, 
	0xe5, 0xe5, 0xe6, 0xe6, 0xe7, 0xe8, 0xe9, 0xe9, 
	0xe9, 0xea, 0xeb, 0xec, 0xed, 0xed, 0xee, 0xee, 
	0xef, 0xf0, 0xf0, 0xf1, 0xf1, 0xf2, 0xf3, 0xf3, 
	0xf4, 0xf4, 0xf5, 0xf6, 0xf6, 0xf7, 0xf7, 0xf8, 
	0xce, 0xcf, 0xd0, 0xd0, 0xd1, 0xd2, 0xd3, 0xd3, 
	0xd4, 0xd5, 0xd6, 0xd6, 0xd7, 0xd8, 0xd9, 0xda, 
	0xda, 0xdb, 0xdb, 0xdc, 0xdd, 0xde, 0xde, 0xdf, 
	0xe0, 0xe0, 0xe1, 0xe2, 0xe2, 0xe3, 0xe4, 0xe5, 
	0xe5, 0xe6, 0xe7, 0xe7, 0xe8, 0xe9, 0xe9, 0xea, 
	0xea, 0xeb, 0xec, 0xec, 0xed, 0xee, 0xee, 0xef, 
	0xef, 0xf0, 0xf1, 0xf1, 0xf2, 0xf2, 0xf3, 0xf4, 
	0xf4, 0xf5, 0xf5, 0xf6, 0xf7, 0xf7, 0xf8, 0xf9, 
	0xcf, 0xd0, 0xd1, 0xd1, 0xd2, 0xd3, 0xd3, 0xd4, 
	0xd5, 0xd6, 0xd7, 0xd7, 0xd8, 0xd9, 0xd9, 0xda, 
	0xdb, 0xdc, 0xdc, 0xdd, 0xde, 0xdf, 0xdf, 0xe0, 
	0xe0, 0xe1, 0xe2, 0xe3, 0xe3, 0xe4, 0xe5, 0xe5, 
	0xe6, 0xe7, 0xe7, 0xe8, 0xe9, 0xe9, 0xe9, 0xea, 
	0xeb, 0xec, 0xec, 0xed, 0xed, 0xee, 0xef, 0xef, 
	0xf0, 0xf1, 0xf1, 0xf2, 0xf3, 0xf3, 0xf4, 0xf4, 
	0xf5, 0xf5, 0xf6, 0xf7, 0xf7, 0xf8, 0xf9, 0xf9, 
	0xd0, 0xd0, 0xd2, 0xd2, 0xd3, 0xd3, 0xd4, 0xd5, 
	0xd6, 0xd7, 0xd7, 0xd8, 0xd9, 0xd9, 0xda, 0xdb, 
	0xdc, 0xdc, 0xdd, 0xde, 0xde, 0xdf, 0xe0, 0xe0, 
	0xe1, 0xe2, 0xe2, 0xe3, 0xe4, 0xe5, 0xe5, 0xe6, 
	0xe6, 0xe7, 0xe8, 0xe9, 0xe9, 0xea, 0xea, 0xeb, 
	0xec, 0xec, 0xed, 0xed, 0xee, 0xef, 0xf0, 0xf0, 
	0xf1, 0xf1, 0xf2, 0xf2, 0xf3, 0xf4, 0xf4, 0xf5, 
	0xf5, 0xf6, 0xf7, 0xf7, 0xf8, 0xf9, 0xf9, 0xfa, 
	0xd0, 0xd1, 0xd2, 0xd3, 0xd3, 0xd4, 0xd5, 0xd6, 
	0xd6, 0xd7, 0xd8, 0xd8, 0xd9, 0xda, 0xdb, 0xdc, 
	0xdc, 0xdd, 0xde, 0xdf, 0xdf, 0xe0, 0xe1, 0xe1, 
	0xe2, 0xe2, 0xe3, 0xe4, 0xe5, 0xe5, 0xe6, 0xe7, 
	0xe7, 0xe8, 0xe9, 0xe9, 0xea, 0xea, 0xeb, 0xec, 
	0xec, 0xed, 0xed, 0xee, 0xef, 0xf0, 0xf0, 0xf1, 
	0xf1, 0xf2, 0xf2, 0xf3, 0xf4, 0xf4, 0xf5, 0xf5, 
	0xf6, 0xf7, 0xf7, 0xf8, 0xf9, 0xf9, 0xfa, 0xfa, 
	0xd1, 0xd2, 0xd3, 0xd4, 0xd4, 0xd5, 0xd6, 0xd7, 
	0xd7, 0xd8, 0xd9, 0xda, 0xda, 0xdb, 0xdc, 0xdc, 
	0xdd, 0xde, 0xde, 0xdf, 0xe0, 0xe0, 0xe1, 0xe2, 
	0xe2, 0xe3, 0xe4, 0xe5, 0xe5, 0xe6, 0xe6, 0xe7, 
	0xe8, 0xe9, 0xe9, 0xea, 0xea, 0xeb, 0xec, 0xec, 
	0xed, 0xed, 0xee, 0xef, 0xef, 0xf0, 0xf1, 0xf1, 
	0xf2, 0xf2, 0xf3, 0xf4, 0xf4, 0xf5, 0xf5, 0xf6, 
	0xf7, 0xf7, 0xf8, 0xf9, 0xf9, 0xfa, 0xfa, 0xfb, 
	0xd2, 0xd2, 0xd4, 0xd4, 0xd5, 0xd6, 0xd6, 0xd7, 
	0xd8, 0xd9, 0xd9, 0xda, 0xdb, 0xdc, 0xdc, 0xdd, 
	0xdd, 0xde, 0xdf, 0xe0, 0xe1, 0xe1, 0xe2, 0xe2, 
	0xe3, 0xe4, 0xe4, 0xe5, 0xe6, 0xe6, 0xe7, 0xe8, 
	0xe9, 0xe9, 0xea, 0xea, 0xeb, 0xec, 0xec, 0xed, 
	0xed, 0xee, 0xef, 0xf0, 0xf0, 0xf1, 0xf1, 0xf2, 
	0xf2, 0xf3, 0xf4, 0xf4, 0xf5, 0xf5, 0xf6, 0xf7, 
	0xf7, 0xf8, 0xf9, 0xf9, 0xfa, 0xfa, 0xfb, 0xfb, 
	0xd3, 0xd3, 0xd4, 0xd5, 0xd6, 0xd7, 0xd7, 0xd8, 
	0xd9, 0xd9, 0xda, 0xdb, 0xdc, 0xdc, 0xdd, 0xde, 
	0xde, 0xdf, 0xe0, 0xe0, 0xe1, 0xe2, 0xe3, 0xe3, 
	0xe4, 0xe5, 0xe5, 0xe6, 0xe7, 0xe7, 0xe8, 0xe8, 
	0xe9, 0xea, 0xea, 0xeb, 0xec, 0xed, 0xed, 0xed, 
	0xee, 0xef, 0xef, 0xf0, 0xf1, 0xf1, 0xf2, 0xf3, 
	0xf3, 0xf4, 0xf4, 0xf5, 0xf6, 0xf6, 0xf7, 0xf7, 
	0xf8, 0xf9, 0xf9, 0xfa, 0xfa, 0xfb, 0xfb, 0xfc, 
	0xd4, 0xd4, 0xd5, 0xd6, 0xd6, 0xd7, 0xd8, 0xd9, 
	0xd9, 0xda, 0xdb, 0xdc, 0xdc, 0xdd, 0xde, 0xde, 
	0xdf, 0xe0, 0xe0, 0xe1, 0xe2, 0xe2, 0xe3, 0xe4, 
	0xe5, 0xe5, 0xe6, 0xe7, 0xe7, 0xe8, 0xe9, 0xe9, 
	0xea, 0xea, 0xeb, 0xec, 0xec, 0xed, 0xed, 0xee, 
	0xef, 0xf0, 0xf0, 0xf1, 0xf1, 0xf2, 0xf2, 0xf3, 
	0xf4, 0xf4, 0xf5, 0xf5, 0xf6, 0xf7, 0xf7, 0xf8, 
	0xf9, 0xf9, 0xfa, 0xfa, 0xfb, 0xfb, 0xfc, 0xfd, 
	0xd4, 0xd5, 0xd6, 0xd7, 0xd7, 0xd8, 0xd9, 0xd9, 
	0xda, 0xdb, 0xdc, 0xdc, 0xdd, 0xde, 0xde, 0xdf, 
	0xe0, 0xe0, 0xe1, 0xe2, 0xe3, 0xe3, 0xe4, 0xe5, 
	0xe5, 0xe6, 0xe7, 0xe7, 0xe8, 0xe8, 0xe9, 0xea, 
	0xea, 0xeb, 0xec, 0xec, 0xed, 0xee, 0xee, 0xef, 
	0xef, 0xf0, 0xf1, 0xf1, 0xf2, 0xf2, 0xf3, 0xf4, 
	0xf4, 0xf5, 0xf6, 0xf6, 0xf7, 0xf7, 0xf8, 0xf9, 
	0xf9, 0xfa, 0xfa, 0xfb, 0xfb, 0xfc, 0xfd, 0xfd, 
	0xd5, 0xd6, 0xd7, 0xd7, 0xd8, 0xd9, 0xd9, 0xda, 
	0xdb, 0xdc, 0xdc, 0xdd, 0xde, 0xde, 0xdf, 0xe0, 
	0xe0, 0xe1, 0xe2, 0xe3, 0xe3, 0xe4, 0xe5, 0xe5, 
	0xe6, 0xe6, 0xe7, 0xe8, 0xe9, 0xe9, 0xea, 0xea, 
	0xeb, 0xec, 0xec, 0xed, 0xee, 0xee, 0xef, 0xef, 
	0xf0, 0xf1, 0xf2, 0xf2, 0xf3, 0xf3, 0xf4, 0xf4, 
	0xf5, 0xf5, 0xf6, 0xf7, 0xf7, 0xf8, 0xf9, 0xf9, 
	0xfa, 0xfa, 0xfb, 0xfb, 0xfc, 0xfd, 0xfd, 0xfe, 
	0xd6, 0xd7, 0xd7, 0xd8, 0xd9, 0xd9, 0xda, 0xdb, 
	0xdb, 0xdc, 0xdd, 0xde, 0xdf, 0xdf, 0xe0, 0xe0, 
	0xe1, 0xe2, 0xe3, 0xe3, 0xe4, 0xe5, 0xe5, 0xe6, 
	0xe7, 0xe7, 0xe8, 0xe8, 0xe9, 0xea, 0xea, 0xeb, 
	0xec, 0xec, 0xed, 0xed, 0xee, 0xef, 0xf0, 0xf0, 
	0xf1, 0xf1, 0xf2, 0xf2, 0xf3, 0xf4, 0xf4, 0xf5, 
	0xf6, 0xf6, 0xf7, 0xf7, 0xf8, 0xf9, 0xf9, 0xfa, 
	0xfa, 0xfb, 0xfb, 0xfc, 0xfd, 0xfd, 0xfe, 0xfe, 
	0xd7, 0xd7, 0xd8, 0xd8, 0xd9, 0xda, 0xdb, 0xdb, 
	0xdc, 0xdd, 0xde, 0xde, 0xdf, 0xe0, 0xe0, 0xe1, 
	0xe2, 0xe3, 0xe3, 0xe4, 0xe5, 0xe5, 0xe6, 0xe6, 
	0xe7, 0xe8, 0xe9, 0xe9, 0xea, 0xea, 0xeb, 0xec, 
	0xec, 0xed, 0xee, 0xee, 0xef, 0xef, 0xf0, 0xf1, 
	0xf1, 0xf2, 0xf3, 0xf3, 0xf4, 0xf5, 0xf5, 0xf5, 
	0xf6, 0xf7, 0xf7, 0xf8, 0xf9, 0xf9, 0xfa, 0xfa, 
	0xfb, 0xfb, 0xfc, 0xfd, 0xfd, 0xfe, 0xfe, 0xff, 
	
};

Gfx Intro_galaxy_blue_ci8_aligner[] = {gsSPEndDisplayList()};
u8 Intro_galaxy_blue_ci8[] = {
	0x00, 0x00, 0x01, 0x02, 0x02, 0x03, 0x03, 0x03, 
	0x04, 0x05, 0x06, 0x06, 0x06, 0x07, 0x07, 0x08, 
	0x09, 0x09, 0x0a, 0x0a, 0x0b, 0x0b, 0x0c, 0x0d, 
	0x0d, 0x0d, 0x0e, 0x0f, 0x10, 0x11, 0x12, 0x12, 
	0x00, 0x00, 0x01, 0x02, 0x02, 0x03, 0x03, 0x03, 
	0x04, 0x05, 0x06, 0x06, 0x06, 0x07, 0x07, 0x09, 
	0x09, 0x09, 0x0a, 0x0a, 0x0b, 0x0b, 0x0c, 0x0d, 
	0x0d, 0x0d, 0x0e, 0x0f, 0x11, 0x11, 0x12, 0x12, 
	0x00, 0x00, 0x02, 0x02, 0x02, 0x03, 0x03, 0x04, 
	0x05, 0x05, 0x06, 0x06, 0x07, 0x07, 0x08, 0x09, 
	0x09, 0x0a, 0x0a, 0x0a, 0x0b, 0x0c, 0x0d, 0x0d, 
	0x0d, 0x0e, 0x0e, 0x10, 0x11, 0x11, 0x12, 0x12, 
	0x00, 0x00, 0x02, 0x02, 0x03, 0x03, 0x03, 0x04, 
	0x05, 0x06, 0x06, 0x06, 0x07, 0x07, 0x13, 0x09, 
	0x09, 0x0a, 0x0a, 0x0b, 0x0b, 0x0b, 0x0d, 0x0d, 
	0x0d, 0x0e, 0x0f, 0x10, 0x11, 0x11, 0x12, 0x12, 
	0x00, 0x01, 0x02, 0x02, 0x03, 0x03, 0x04, 0x04, 
	0x06, 0x06, 0x06, 0x06, 0x07, 0x07, 0x13, 0x09, 
	0x09, 0x0a, 0x0a, 0x0b, 0x0b, 0x0b, 0x0d, 0x0d, 
	0x0e, 0x0e, 0x0e, 0x11, 0x11, 0x12, 0x12, 0x12, 
	0x00, 0x02, 0x02, 0x02, 0x03, 0x03, 0x04, 0x04, 
	0x14, 0x06, 0x06, 0x07, 0x07, 0x07, 0x09, 0x09, 
	0x0a, 0x0a, 0x0a, 0x0b, 0x0b, 0x0d, 0x0d, 0x0d, 
	0x0e, 0x0e, 0x10, 0x11, 0x11, 0x12, 0x12, 0x15, 
	0x01, 0x01, 0x02, 0x03, 0x03, 0x04, 0x04, 0x05, 
	0x06, 0x06, 0x06, 0x07, 0x07, 0x13, 0x09, 0x09, 
	0x0a, 0x0a, 0x0b, 0x0b, 0x0b, 0x0d, 0x0d, 0x0d, 
	0x0e, 0x0e, 0x11, 0x11, 0x11, 0x12, 0x12, 0x15, 
	0x01, 0x01, 0x02, 0x03, 0x03, 0x04, 0x04, 0x05, 
	0x06, 0x06, 0x06, 0x07, 0x07, 0x13, 0x09, 0x09, 
	0x0a, 0x0a, 0x0b, 0x0b, 0x0b, 0x0d, 0x0d, 0x0e, 
	0x0e, 0x0e, 0x11, 0x11, 0x11, 0x12, 0x12, 0x15, 
	0x02, 0x02, 0x02, 0x03, 0x03, 0x04, 0x04, 0x05, 
	0x06, 0x06, 0x07, 0x07, 0x08, 0x09, 0x09, 0x0a, 
	0x0a, 0x0a, 0x0b, 0x0c, 0x0d, 0x0d, 0x0d, 0x0e, 
	0x0e, 0x0e, 0x11, 0x11, 0x12, 0x12, 0x15, 0x16, 
	0x02, 0x02, 0x02, 0x03, 0x03, 0x04, 0x05, 0x05, 
	0x06, 0x06, 0x07, 0x07, 0x09, 0x09, 0x09, 0x0a, 
	0x0a, 0x0a, 0x0b, 0x0c, 0x0d, 0x0d, 0x0d, 0x0e, 
	0x0e, 0x10, 0x11, 0x11, 0x12, 0x12, 0x15, 0x16, 
	0x02, 0x02, 0x03, 0x03, 0x04, 0x04, 0x05, 0x06, 
	0x06, 0x06, 0x07, 0x07, 0x09, 0x09, 0x09, 0x0a, 
	0x0a, 0x0b, 0x0b, 0x0c, 0x0d, 0x0d, 0x0e, 0x0e, 
	0x0e, 0x10, 0x11, 0x12, 0x12, 0x12, 0x15, 0x16, 
	0x02, 0x02, 0x03, 0x03, 0x04, 0x04, 0x05, 0x06, 
	0x06, 0x06, 0x07, 0x07, 0x13, 0x09, 0x0a, 0x0a, 
	0x0a, 0x0b, 0x0c, 0x0c, 0x0d, 0x0d, 0x0e, 0x0e, 
	0x0e, 0x11, 0x11, 0x12, 0x12, 0x15, 0x16, 0x15, 
	0x02, 0x02, 0x03, 0x03, 0x04, 0x05, 0x06, 0x06, 
	0x06, 0x07, 0x07, 0x08, 0x09, 0x09, 0x0a, 0x0a, 
	0x0b, 0x0b, 0x0c, 0x0d, 0x0d, 0x0d, 0x0e, 0x0e, 
	0x10, 0x11, 0x11, 0x12, 0x12, 0x15, 0x15, 0x16, 
	0x02, 0x03, 0x03, 0x04, 0x04, 0x05, 0x06, 0x06, 
	0x07, 0x07, 0x07, 0x13, 0x09, 0x09, 0x0a, 0x0a, 
	0x0b, 0x0b, 0x0b, 0x0d, 0x0d, 0x0e, 0x0e, 0x0e, 
	0x11, 0x11, 0x12, 0x12, 0x12, 0x15, 0x16, 0x16, 
	0x03, 0x03, 0x03, 0x04, 0x04, 0x04, 0x06, 0x06, 
	0x07, 0x07, 0x07, 0x09, 0x09, 0x0a, 0x0a, 0x0a, 
	0x0b, 0x0c, 0x0c, 0x0d, 0x0d, 0x0e, 0x0e, 0x0e, 
	0x11, 0x11, 0x12, 0x12, 0x15, 0x15, 0x16, 0x17, 
	0x03, 0x03, 0x03, 0x04, 0x04, 0x04, 0x06, 0x06, 
	0x07, 0x07, 0x07, 0x09, 0x09, 0x0a, 0x0a, 0x0a, 
	0x0b, 0x0b, 0x0c, 0x0d, 0x0d, 0x0e, 0x0e, 0x0e, 
	0x11, 0x11, 0x12, 0x12, 0x15, 0x15, 0x16, 0x17, 
	0x03, 0x03, 0x03, 0x04, 0x05, 0x06, 0x06, 0x06, 
	0x07, 0x07, 0x08, 0x09, 0x09, 0x0a, 0x0a, 0x0b, 
	0x0b, 0x0c, 0x0d, 0x0d, 0x0d, 0x0e, 0x0e, 0x10, 
	0x11, 0x12, 0x12, 0x12, 0x15, 0x15, 0x17, 0x17, 
	0x03, 0x03, 0x03, 0x04, 0x05, 0x06, 0x06, 0x06, 
	0x07, 0x07, 0x09, 0x09, 0x09, 0x0a, 0x0a, 0x0b, 
	0x0b, 0x0c, 0x0d, 0x0d, 0x0e, 0x0e, 0x0e, 0x11, 
	0x11, 0x12, 0x12, 0x12, 0x15, 0x16, 0x17, 0x17, 
	0x03, 0x03, 0x04, 0x04, 0x06, 0x06, 0x06, 0x06, 
	0x07, 0x07, 0x13, 0x09, 0x0a, 0x0a, 0x0b, 0x0b, 
	0x0c, 0x0d, 0x0d, 0x0d, 0x0e, 0x0e, 0x10, 0x11, 
	0x11, 0x12, 0x12, 0x15, 0x16, 0x16, 0x17, 0x17, 
	0x03, 0x03, 0x04, 0x05, 0x06, 0x06, 0x06, 0x07, 
	0x07, 0x08, 0x09, 0x09, 0x0a, 0x0a, 0x0b, 0x0b, 
	0x0b, 0x0d, 0x0d, 0x0d, 0x0e, 0x0e, 0x10, 0x11, 
	0x12, 0x12, 0x12, 0x15, 0x15, 0x16, 0x17, 0x17, 
	0x03, 0x04, 0x04, 0x05, 0x06, 0x06, 0x07, 0x07, 
	0x07, 0x13, 0x09, 0x09, 0x0a, 0x0a, 0x0b, 0x0b, 
	0x0d, 0x0d, 0x0d, 0x0e, 0x0e, 0x0e, 0x11, 0x11, 
	0x12, 0x12, 0x12, 0x16, 0x16, 0x17, 0x17, 0x17, 
	0x03, 0x04, 0x04, 0x04, 0x06, 0x06, 0x07, 0x07, 
	0x13, 0x13, 0x09, 0x0a, 0x0a, 0x0b, 0x0b, 0x0b, 
	0x0d, 0x0d, 0x0d, 0x0e, 0x0e, 0x10, 0x11, 0x11, 
	0x12, 0x12, 0x15, 0x15, 0x16, 0x17, 0x17, 0x17, 
	0x04, 0x04, 0x05, 0x06, 0x06, 0x06, 0x07, 0x07, 
	0x13, 0x09, 0x09, 0x0a, 0x0a, 0x0b, 0x0b, 0x0b, 
	0x0d, 0x0d, 0x0d, 0x0e, 0x0e, 0x10, 0x11, 0x11, 
	0x12, 0x12, 0x15, 0x15, 0x16, 0x17, 0x17, 0x17, 
	0x04, 0x04, 0x05, 0x06, 0x06, 0x06, 0x07, 0x07, 
	0x13, 0x09, 0x09, 0x0a, 0x0a, 0x0b, 0x0b, 0x0b, 
	0x0d, 0x0d, 0x0d, 0x0e, 0x0e, 0x10, 0x11, 0x11, 
	0x12, 0x12, 0x15, 0x15, 0x16, 0x17, 0x17, 0x18, 
	0x04, 0x04, 0x05, 0x06, 0x06, 0x07, 0x07, 0x07, 
	0x09, 0x09, 0x0a, 0x0a, 0x0a, 0x0b, 0x0c, 0x0c, 
	0x0d, 0x0d, 0x0e, 0x0e, 0x10, 0x11, 0x11, 0x12, 
	0x12, 0x15, 0x16, 0x16, 0x17, 0x17, 0x18, 0x18, 
	0x04, 0x04, 0x06, 0x06, 0x06, 0x07, 0x07, 0x08, 
	0x09, 0x09, 0x0a, 0x0a, 0x0a, 0x0b, 0x0c, 0x0c, 
	0x0d, 0x0d, 0x0e, 0x0e, 0x10, 0x11, 0x12, 0x12, 
	0x12, 0x15, 0x16, 0x16, 0x17, 0x17, 0x18, 0x18, 
	0x04, 0x05, 0x06, 0x06, 0x06, 0x07, 0x07, 0x09, 
	0x09, 0x09, 0x0a, 0x0a, 0x0b, 0x0b, 0x0c, 0x0c, 
	0x0d, 0x0d, 0x0e, 0x0e, 0x11, 0x11, 0x12, 0x12, 
	0x12, 0x15, 0x16, 0x16, 0x17, 0x17, 0x18, 0x18, 
	0x04, 0x05, 0x06, 0x06, 0x07, 0x07, 0x07, 0x13, 
	0x09, 0x09, 0x0a, 0x0a, 0x0b, 0x0c, 0x0d, 0x0d, 
	0x0d, 0x0e, 0x0e, 0x0e, 0x11, 0x11, 0x12, 0x12, 
	0x15, 0x15, 0x16, 0x17, 0x17, 0x17, 0x18, 0x18, 
	0x05, 0x06, 0x06, 0x06, 0x07, 0x07, 0x13, 0x09, 
	0x09, 0x0a, 0x0a, 0x0a, 0x0b, 0x0c, 0x0d, 0x0d, 
	0x0d, 0x0e, 0x0e, 0x10, 0x11, 0x11, 0x12, 0x12, 
	0x15, 0x15, 0x16, 0x17, 0x17, 0x18, 0x18, 0x18, 
	0x04, 0x06, 0x06, 0x06, 0x07, 0x07, 0x13, 0x09, 
	0x0a, 0x0a, 0x0a, 0x0b, 0x0b, 0x0b, 0x0d, 0x0d, 
	0x0e, 0x0e, 0x0e, 0x11, 0x11, 0x12, 0x12, 0x12, 
	0x15, 0x15, 0x16, 0x17, 0x17, 0x18, 0x18, 0x19, 
	0x14, 0x06, 0x06, 0x07, 0x07, 0x07, 0x09, 0x09, 
	0x0a, 0x0a, 0x0a, 0x0b, 0x0c, 0x0d, 0x0d, 0x0d, 
	0x0e, 0x0e, 0x0e, 0x11, 0x11, 0x12, 0x12, 0x12, 
	0x15, 0x16, 0x17, 0x17, 0x17, 0x18, 0x18, 0x1a, 
	0x06, 0x06, 0x06, 0x07, 0x07, 0x07, 0x09, 0x09, 
	0x0a, 0x0a, 0x0a, 0x0b, 0x0c, 0x0d, 0x0d, 0x0d, 
	0x0e, 0x0e, 0x10, 0x11, 0x11, 0x12, 0x12, 0x12, 
	0x15, 0x16, 0x17, 0x17, 0x17, 0x18, 0x18, 0x1a, 
	
};

Gfx Intro_galaxy_blue_pal_rgba16_aligner[] = {gsSPEndDisplayList()};
u8 Intro_galaxy_blue_pal_rgba16[] = {
	0x09, 0x71, 0x09, 0xb1, 0x09, 0xb3, 0x09, 0xf3, 
	0x0a, 0x33, 0x0a, 0x35, 0x0a, 0x75, 0x0a, 0xb5, 
	0x0a, 0xb7, 0x0a, 0xf7, 0x0b, 0x37, 0x0b, 0x77, 
	0x0b, 0x79, 0x0b, 0xb9, 0x0b, 0xf9, 0x0b, 0xfb, 
	0x0c, 0x39, 0x0c, 0x3b, 0x0c, 0x7b, 0x0a, 0xf5, 
	0x0a, 0x73, 0x0c, 0xbb, 0x0c, 0xbd, 0x0c, 0xfd, 
	0x0d, 0x3d, 0x0d, 0x3f, 0x0d, 0x7d, 
};

Gfx Intro_galaxy_green_ci8_aligner[] = {gsSPEndDisplayList()};
u8 Intro_galaxy_green_ci8[] = {
	0x00, 0x01, 0x01, 0x02, 0x03, 0x04, 0x04, 0x04, 
	0x05, 0x05, 0x05, 0x06, 0x06, 0x06, 0x07, 0x07, 
	0x07, 0x08, 0x08, 0x08, 0x09, 0x09, 0x09, 0x0a, 
	0x0a, 0x0a, 0x0b, 0x0b, 0x0b, 0x0c, 0x0c, 0x0c, 
	0x00, 0x01, 0x01, 0x02, 0x04, 0x04, 0x04, 0x05, 
	0x05, 0x05, 0x06, 0x06, 0x06, 0x07, 0x07, 0x07, 
	0x07, 0x08, 0x08, 0x08, 0x09, 0x09, 0x09, 0x0a, 
	0x0a, 0x0a, 0x0b, 0x0b, 0x0b, 0x0c, 0x0c, 0x0c, 
	0x01, 0x01, 0x02, 0x02, 0x04, 0x04, 0x04, 0x05, 
	0x05, 0x05, 0x06, 0x06, 0x06, 0x07, 0x07, 0x07, 
	0x08, 0x08, 0x08, 0x09, 0x09, 0x09, 0x0a, 0x0a, 
	0x0a, 0x0b, 0x0b, 0x0b, 0x0c, 0x0c, 0x0c, 0x0c, 
	0x01, 0x01, 0x02, 0x02, 0x04, 0x04, 0x04, 0x05, 
	0x05, 0x05, 0x06, 0x06, 0x06, 0x07, 0x07, 0x07, 
	0x08, 0x08, 0x08, 0x09, 0x09, 0x09, 0x0a, 0x0a, 
	0x0a, 0x0b, 0x0b, 0x0b, 0x0c, 0x0c, 0x0c, 0x0d, 
	0x01, 0x01, 0x02, 0x03, 0x04, 0x04, 0x05, 0x05, 
	0x05, 0x06, 0x06, 0x06, 0x07, 0x07, 0x07, 0x07, 
	0x08, 0x08, 0x08, 0x09, 0x09, 0x09, 0x0a, 0x0a, 
	0x0a, 0x0b, 0x0b, 0x0b, 0x0c, 0x0c, 0x0c, 0x0d, 
	0x01, 0x01, 0x02, 0x03, 0x04, 0x04, 0x05, 0x05, 
	0x05, 0x06, 0x06, 0x06, 0x07, 0x07, 0x07, 0x08, 
	0x08, 0x08, 0x09, 0x09, 0x09, 0x0a, 0x0a, 0x0a, 
	0x0b, 0x0b, 0x0b, 0x0c, 0x0c, 0x0c, 0x0c, 0x0d, 
	0x01, 0x02, 0x02, 0x04, 0x04, 0x04, 0x05, 0x05, 
	0x05, 0x06, 0x06, 0x06, 0x07, 0x07, 0x07, 0x08, 
	0x08, 0x08, 0x09, 0x09, 0x09, 0x0a, 0x0a, 0x0a, 
	0x0b, 0x0b, 0x0b, 0x0c, 0x0c, 0x0c, 0x0d, 0x0d, 
	0x01, 0x02, 0x03, 0x04, 0x04, 0x05, 0x05, 0x05, 
	0x06, 0x06, 0x06, 0x07, 0x07, 0x07, 0x07, 0x08, 
	0x08, 0x08, 0x09, 0x09, 0x09, 0x0a, 0x0a, 0x0a, 
	0x0b, 0x0b, 0x0b, 0x0c, 0x0c, 0x0c, 0x0d, 0x0d, 
	0x02, 0x02, 0x04, 0x04, 0x04, 0x05, 0x05, 0x05, 
	0x06, 0x06, 0x06, 0x07, 0x07, 0x07, 0x08, 0x08, 
	0x08, 0x09, 0x09, 0x09, 0x09, 0x0a, 0x0a, 0x0b, 
	0x0b, 0x0b, 0x0c, 0x0c, 0x0c, 0x0c, 0x0d, 0x0d, 
	0x01, 0x02, 0x04, 0x04, 0x04, 0x05, 0x05, 0x05, 
	0x06, 0x06, 0x06, 0x07, 0x07, 0x07, 0x08, 0x08, 
	0x08, 0x09, 0x09, 0x09, 0x0a, 0x0a, 0x0a, 0x0b, 
	0x0b, 0x0b, 0x0c, 0x0c, 0x0c, 0x0c, 0x0d, 0x0d, 
	0x02, 0x03, 0x04, 0x04, 0x05, 0x05, 0x05, 0x06, 
	0x06, 0x06, 0x07, 0x07, 0x07, 0x07, 0x08, 0x08, 
	0x08, 0x09, 0x09, 0x09, 0x0a, 0x0a, 0x0a, 0x0b, 
	0x0b, 0x0b, 0x0c, 0x0c, 0x0c, 0x0d, 0x0d, 0x0d, 
	0x02, 0x04, 0x04, 0x04, 0x05, 0x05, 0x05, 0x06, 
	0x06, 0x06, 0x07, 0x07, 0x07, 0x07, 0x08, 0x08, 
	0x08, 0x09, 0x09, 0x09, 0x0a, 0x0a, 0x0a, 0x0b, 
	0x0b, 0x0b, 0x0c, 0x0c, 0x0c, 0x0d, 0x0d, 0x0e, 
	0x02, 0x04, 0x04, 0x04, 0x05, 0x05, 0x05, 0x06, 
	0x06, 0x06, 0x07, 0x07, 0x07, 0x08, 0x08, 0x08, 
	0x09, 0x09, 0x09, 0x0a, 0x0a, 0x0a, 0x0b, 0x0b, 
	0x0b, 0x0c, 0x0c, 0x0c, 0x0c, 0x0d, 0x0d, 0x0e, 
	0x03, 0x04, 0x04, 0x05, 0x05, 0x05, 0x06, 0x06, 
	0x06, 0x06, 0x07, 0x07, 0x07, 0x08, 0x08, 0x08, 
	0x09, 0x09, 0x09, 0x0a, 0x0a, 0x0a, 0x0b, 0x0b, 
	0x0b, 0x0c, 0x0c, 0x0c, 0x0d, 0x0d, 0x0d, 0x0f, 
	0x04, 0x04, 0x04, 0x05, 0x05, 0x05, 0x06, 0x06, 
	0x06, 0x07, 0x07, 0x07, 0x07, 0x08, 0x08, 0x08, 
	0x09, 0x09, 0x09, 0x0a, 0x0a, 0x0a, 0x0b, 0x0b, 
	0x0b, 0x0c, 0x0c, 0x0c, 0x0d, 0x0d, 0x0d, 0x0f, 
	0x04, 0x04, 0x04, 0x05, 0x05, 0x05, 0x06, 0x06, 
	0x06, 0x07, 0x07, 0x07, 0x08, 0x08, 0x08, 0x10, 
	0x09, 0x09, 0x0a, 0x0a, 0x0a, 0x0b, 0x0b, 0x0b, 
	0x0c, 0x0c, 0x0c, 0x0c, 0x0d, 0x0d, 0x0e, 0x0f, 
	0x04, 0x04, 0x04, 0x05, 0x05, 0x05, 0x06, 0x06, 
	0x06, 0x07, 0x07, 0x07, 0x08, 0x08, 0x08, 0x09, 
	0x09, 0x09, 0x0a, 0x0a, 0x0a, 0x0b, 0x0b, 0x0b, 
	0x0c, 0x0c, 0x0c, 0x0d, 0x0d, 0x0d, 0x0f, 0x0f, 
	0x04, 0x04, 0x05, 0x05, 0x05, 0x06, 0x06, 0x06, 
	0x07, 0x07, 0x07, 0x07, 0x08, 0x08, 0x08, 0x09, 
	0x09, 0x09, 0x0a, 0x0a, 0x0a, 0x0b, 0x0b, 0x0b, 
	0x0c, 0x0c, 0x0c, 0x0d, 0x0d, 0x0e, 0x0f, 0x0f, 
	0x04, 0x04, 0x05, 0x05, 0x05, 0x06, 0x06, 0x06, 
	0x07, 0x07, 0x07, 0x08, 0x08, 0x08, 0x09, 0x09, 
	0x09, 0x0a, 0x0a, 0x0a, 0x0b, 0x0b, 0x0b, 0x0c, 
	0x0c, 0x0c, 0x0c, 0x0d, 0x0d, 0x0e, 0x0f, 0x0f, 
	0x04, 0x04, 0x05, 0x05, 0x05, 0x06, 0x06, 0x06, 
	0x07, 0x07, 0x07, 0x08, 0x08, 0x08, 0x09, 0x09, 
	0x09, 0x0a, 0x0a, 0x0a, 0x0b, 0x0b, 0x0b, 0x0c, 
	0x0c, 0x0c, 0x0d, 0x0d, 0x0d, 0x0f, 0x0f, 0x0f, 
	0x04, 0x05, 0x05, 0x05, 0x06, 0x06, 0x06, 0x07, 
	0x07, 0x07, 0x07, 0x08, 0x08, 0x08, 0x09, 0x09, 
	0x09, 0x0a, 0x0a, 0x0a, 0x0b, 0x0b, 0x0b, 0x0c, 
	0x0c, 0x0c, 0x0d, 0x0d, 0x0d, 0x0f, 0x0f, 0x0f, 
	0x04, 0x05, 0x05, 0x05, 0x06, 0x06, 0x06, 0x07, 
	0x07, 0x07, 0x08, 0x08, 0x08, 0x10, 0x09, 0x09, 
	0x0a, 0x0a, 0x0a, 0x0b, 0x0b, 0x0b, 0x0c, 0x0c, 
	0x0c, 0x0c, 0x0d, 0x0d, 0x0e, 0x0f, 0x0f, 0x0f, 
	0x04, 0x05, 0x05, 0x05, 0x06, 0x06, 0x06, 0x07, 
	0x07, 0x07, 0x08, 0x08, 0x08, 0x09, 0x09, 0x09, 
	0x0a, 0x0a, 0x0a, 0x0b, 0x0b, 0x0b, 0x0c, 0x0c, 
	0x0c, 0x0d, 0x0d, 0x0d, 0x0f, 0x0f, 0x0f, 0x11, 
	0x05, 0x05, 0x05, 0x06, 0x06, 0x06, 0x07, 0x07, 
	0x07, 0x07, 0x08, 0x08, 0x08, 0x09, 0x09, 0x09, 
	0x0a, 0x0a, 0x0a, 0x0b, 0x0b, 0x0b, 0x0c, 0x0c, 
	0x0c, 0x0d, 0x0d, 0x0d, 0x0f, 0x0f, 0x0f, 0x11, 
	0x05, 0x05, 0x05, 0x06, 0x06, 0x06, 0x07, 0x07, 
	0x07, 0x08, 0x08, 0x08, 0x09, 0x09, 0x09, 0x0a, 
	0x0a, 0x0a, 0x0b, 0x0b, 0x0b, 0x0c, 0x0c, 0x0c, 
	0x0c, 0x0d, 0x0d, 0x0e, 0x0f, 0x0f, 0x0f, 0x11, 
	0x05, 0x05, 0x05, 0x06, 0x06, 0x06, 0x07, 0x07, 
	0x07, 0x08, 0x08, 0x08, 0x09, 0x09, 0x09, 0x0a, 
	0x0a, 0x0a, 0x0b, 0x0b, 0x0b, 0x0c, 0x0c, 0x0c, 
	0x0c, 0x0d, 0x0d, 0x0e, 0x0f, 0x0f, 0x0f, 0x11, 
	0x05, 0x05, 0x06, 0x06, 0x06, 0x07, 0x07, 0x07, 
	0x07, 0x08, 0x08, 0x08, 0x09, 0x09, 0x09, 0x0a, 
	0x0a, 0x0a, 0x0b, 0x0b, 0x0b, 0x0c, 0x0c, 0x0c, 
	0x0d, 0x0d, 0x0d, 0x0f, 0x0f, 0x0f, 0x11, 0x11, 
	0x05, 0x05, 0x06, 0x06, 0x06, 0x07, 0x07, 0x07, 
	0x07, 0x08, 0x08, 0x08, 0x09, 0x09, 0x09, 0x0a, 
	0x0a, 0x0a, 0x0b, 0x0b, 0x0b, 0x0c, 0x0c, 0x0c, 
	0x0d, 0x0d, 0x0e, 0x0f, 0x0f, 0x0f, 0x11, 0x11, 
	0x05, 0x05, 0x06, 0x06, 0x06, 0x07, 0x07, 0x07, 
	0x08, 0x08, 0x08, 0x09, 0x09, 0x09, 0x0a, 0x0a, 
	0x0a, 0x0b, 0x0b, 0x0b, 0x0c, 0x0c, 0x0c, 0x0c, 
	0x0d, 0x0d, 0x0e, 0x0f, 0x0f, 0x0f, 0x11, 0x11, 
	0x05, 0x06, 0x06, 0x06, 0x07, 0x07, 0x07, 0x07, 
	0x08, 0x08, 0x08, 0x09, 0x09, 0x09, 0x0a, 0x0a, 
	0x0a, 0x0b, 0x0b, 0x0b, 0x0c, 0x0c, 0x0c, 0x0d, 
	0x0d, 0x0d, 0x0f, 0x0f, 0x0f, 0x11, 0x11, 0x11, 
	0x05, 0x06, 0x06, 0x06, 0x07, 0x07, 0x07, 0x07, 
	0x08, 0x08, 0x08, 0x09, 0x09, 0x09, 0x0a, 0x0a, 
	0x0a, 0x0b, 0x0b, 0x0b, 0x0c, 0x0c, 0x0c, 0x0d, 
	0x0d, 0x0d, 0x0f, 0x0f, 0x0f, 0x11, 0x11, 0x11, 
	0x05, 0x06, 0x06, 0x06, 0x07, 0x07, 0x07, 0x08, 
	0x08, 0x08, 0x09, 0x09, 0x09, 0x0a, 0x0a, 0x0a, 
	0x0b, 0x0b, 0x0b, 0x0c, 0x0c, 0x0c, 0x0c, 0x0d, 
	0x0d, 0x0e, 0x0f, 0x0f, 0x0f, 0x11, 0x11, 0x11, 
	
};

Gfx Intro_galaxy_green_pal_rgba16_aligner[] = {gsSPEndDisplayList()};
u8 Intro_galaxy_green_pal_rgba16[] = {
	0x24, 0x45, 0x24, 0x85, 0x24, 0x87, 0x24, 0xc7, 
	0x1c, 0xc7, 0x1d, 0x07, 0x1d, 0x47, 0x1d, 0x87, 
	0x1d, 0xc7, 0x16, 0x07, 0x16, 0x47, 0x16, 0x87, 
	0x16, 0xc7, 0x17, 0x07, 0x0f, 0x07, 0x0f, 0x47, 
	0x1e, 0x07, 0x0f, 0x87, 
};

Gfx Intro_galaxy_yellow_ci4_aligner[] = {gsSPEndDisplayList()};
u8 Intro_galaxy_yellow_ci4[] = {
	0x01, 0x22, 0x33, 0x33, 0x34, 0x44, 0x45, 0x56, 
	0x66, 0x66, 0x67, 0x77, 0x89, 0xaa, 0xaa, 0xaa, 
	0x01, 0x22, 0x33, 0x33, 0x34, 0x44, 0x45, 0x56, 
	0x66, 0x66, 0x77, 0x78, 0x99, 0xaa, 0xaa, 0xaa, 
	0x01, 0x23, 0x33, 0x33, 0x34, 0x44, 0x45, 0x56, 
	0x66, 0x66, 0x77, 0x78, 0x99, 0xaa, 0xaa, 0xaa, 
	0x12, 0x23, 0x33, 0x33, 0x34, 0x44, 0x55, 0x66, 
	0x66, 0x66, 0x77, 0x78, 0x9a, 0xaa, 0xaa, 0xaa, 
	0x12, 0x23, 0x33, 0x33, 0x44, 0x44, 0x55, 0x66, 
	0x66, 0x67, 0x77, 0x79, 0x9a, 0xaa, 0xaa, 0xab, 
	0x12, 0x33, 0x33, 0x33, 0x44, 0x44, 0x55, 0x66, 
	0x66, 0x67, 0x77, 0x79, 0x9a, 0xaa, 0xaa, 0xab, 
	0x22, 0x33, 0x33, 0x33, 0x44, 0x45, 0x56, 0x66, 
	0x66, 0x67, 0x77, 0x89, 0xaa, 0xaa, 0xaa, 0xab, 
	0x22, 0x33, 0x33, 0x34, 0x44, 0x45, 0x56, 0x66, 
	0x66, 0x77, 0x78, 0x99, 0xaa, 0xaa, 0xaa, 0xbb, 
	0x23, 0x33, 0x33, 0x34, 0x44, 0x45, 0x56, 0x66, 
	0x66, 0x77, 0x78, 0x99, 0xaa, 0xaa, 0xaa, 0xbb, 
	0x23, 0x33, 0x33, 0x34, 0x44, 0x55, 0x66, 0x66, 
	0x66, 0x77, 0x78, 0x99, 0xaa, 0xaa, 0xaa, 0xbb, 
	0x23, 0x33, 0x33, 0x44, 0x44, 0x55, 0x66, 0x66, 
	0x66, 0x77, 0x79, 0x9a, 0xaa, 0xaa, 0xab, 0xbb, 
	0x33, 0x33, 0x33, 0x44, 0x44, 0x55, 0x66, 0x66, 
	0x67, 0x77, 0x89, 0x9a, 0xaa, 0xaa, 0xab, 0xbb, 
	0x33, 0x33, 0x33, 0x44, 0x44, 0x56, 0x66, 0x66, 
	0x67, 0x77, 0x89, 0x9a, 0xaa, 0xaa, 0xab, 0xbb, 
	0x33, 0x33, 0x34, 0x44, 0x45, 0x56, 0x66, 0x66, 
	0x67, 0x77, 0x99, 0xaa, 0xaa, 0xaa, 0xab, 0xbb, 
	0x33, 0x33, 0x34, 0x44, 0x45, 0x56, 0x66, 0x66, 
	0x77, 0x78, 0x99, 0xaa, 0xaa, 0xaa, 0xbb, 0xbc, 
	0x33, 0x33, 0x34, 0x44, 0x45, 0x66, 0x66, 0x66, 
	0x77, 0x78, 0x99, 0xaa, 0xaa, 0xaa, 0xbb, 0xbc, 
	0x33, 0x33, 0x44, 0x44, 0x55, 0x66, 0x66, 0x66, 
	0x77, 0x78, 0x9a, 0xaa, 0xaa, 0xab, 0xbb, 0xbc, 
	0x33, 0x33, 0x44, 0x44, 0x55, 0x66, 0x66, 0x67, 
	0x77, 0x79, 0x9a, 0xaa, 0xaa, 0xab, 0xbb, 0xcc, 
	0x33, 0x33, 0x44, 0x44, 0x56, 0x66, 0x66, 0x67, 
	0x77, 0x89, 0x9a, 0xaa, 0xaa, 0xab, 0xbb, 0xcc, 
	0x33, 0x34, 0x44, 0x45, 0x56, 0x66, 0x66, 0x67, 
	0x77, 0x89, 0xaa, 0xaa, 0xaa, 0xab, 0xbb, 0xcc, 
	0x33, 0x34, 0x44, 0x45, 0x56, 0x66, 0x66, 0x77, 
	0x78, 0x99, 0xaa, 0xaa, 0xaa, 0xbb, 0xbc, 0xcc, 
	0x33, 0x34, 0x44, 0x45, 0x66, 0x66, 0x66, 0x77, 
	0x78, 0x99, 0xaa, 0xaa, 0xaa, 0xbb, 0xbc, 0xcc, 
	0x33, 0x44, 0x44, 0x55, 0x66, 0x66, 0x66, 0x77, 
	0x78, 0x9a, 0xaa, 0xaa, 0xaa, 0xbb, 0xbc, 0xcd, 
	0x33, 0x44, 0x44, 0x55, 0x66, 0x66, 0x67, 0x77, 
	0x79, 0x9a, 0xaa, 0xaa, 0xab, 0xbb, 0xcc, 0xcd, 
	0x33, 0x44, 0x44, 0x56, 0x66, 0x66, 0x67, 0x77, 
	0x79, 0x9a, 0xaa, 0xaa, 0xab, 0xbb, 0xcc, 0xcd, 
	0x33, 0x44, 0x45, 0x56, 0x66, 0x66, 0x67, 0x77, 
	0x89, 0xaa, 0xaa, 0xaa, 0xab, 0xbb, 0xcc, 0xdd, 
	0x34, 0x44, 0x45, 0x56, 0x66, 0x66, 0x77, 0x77, 
	0x99, 0xaa, 0xaa, 0xaa, 0xbb, 0xbc, 0xcc, 0xdd, 
	0x34, 0x44, 0x45, 0x56, 0x66, 0x66, 0x77, 0x78, 
	0x99, 0xaa, 0xaa, 0xaa, 0xbb, 0xbc, 0xcc, 0xdd, 
	0x34, 0x44, 0x45, 0x66, 0x66, 0x66, 0x77, 0x78, 
	0x9a, 0xaa, 0xaa, 0xaa, 0xbb, 0xbc, 0xcd, 0xdd, 
	0x44, 0x44, 0x55, 0x66, 0x66, 0x66, 0x77, 0x79, 
	0x9a, 0xaa, 0xaa, 0xab, 0xbb, 0xcc, 0xcd, 0xdd, 
	0x44, 0x44, 0x55, 0x66, 0x66, 0x67, 0x77, 0x89, 
	0x9a, 0xaa, 0xaa, 0xab, 0xbb, 0xcc, 0xcd, 0xdd, 
	0x44, 0x44, 0x56, 0x66, 0x66, 0x67, 0x77, 0x89, 
	0x9a, 0xaa, 0xaa, 0xab, 0xbb, 0xcc, 0xdd, 0xdd, 
	
};

Gfx Intro_galaxy_yellow_pal_rgba16_aligner[] = {gsSPEndDisplayList()};
u8 Intro_galaxy_yellow_pal_rgba16[] = {
	0xdd, 0x89, 0xdd, 0x8b, 0xe5, 0x8b, 0xe5, 0xcb, 
	0xe6, 0x0b, 0xee, 0x0b, 0xee, 0x4b, 0xee, 0x8b, 
	0xee, 0x8d, 0xf6, 0x8d, 0xf6, 0xcd, 0xf7, 0x0d, 
	0xff, 0x0d, 0xff, 0x4d, 
};

Gfx Intro_galaxy_red_ci8_aligner[] = {gsSPEndDisplayList()};
u8 Intro_galaxy_red_ci8[] = {
	0x00, 0x01, 0x01, 0x01, 0x01, 0x02, 0x02, 0x02, 
	0x02, 0x02, 0x03, 0x04, 0x04, 0x04, 0x05, 0x05, 
	0x06, 0x06, 0x06, 0x07, 0x07, 0x08, 0x09, 0x0a, 
	0x0a, 0x0a, 0x0b, 0x0b, 0x0c, 0x0c, 0x0c, 0x0d, 
	0x01, 0x01, 0x01, 0x01, 0x01, 0x02, 0x02, 0x02, 
	0x02, 0x02, 0x0e, 0x04, 0x04, 0x04, 0x05, 0x05, 
	0x06, 0x06, 0x06, 0x07, 0x07, 0x08, 0x09, 0x0a, 
	0x0a, 0x0a, 0x0b, 0x0f, 0x0c, 0x0c, 0x0c, 0x0d, 
	0x01, 0x01, 0x01, 0x01, 0x10, 0x02, 0x02, 0x02, 
	0x02, 0x03, 0x04, 0x04, 0x04, 0x04, 0x05, 0x11, 
	0x06, 0x06, 0x07, 0x07, 0x07, 0x08, 0x09, 0x0a, 
	0x0a, 0x0a, 0x0b, 0x0c, 0x0c, 0x0c, 0x0c, 0x0d, 
	0x01, 0x01, 0x01, 0x01, 0x02, 0x02, 0x02, 0x02, 
	0x02, 0x03, 0x04, 0x04, 0x04, 0x04, 0x05, 0x06, 
	0x06, 0x06, 0x07, 0x07, 0x08, 0x08, 0x0a, 0x0a, 
	0x0a, 0x0b, 0x0b, 0x0c, 0x0c, 0x0c, 0x0d, 0x0d, 
	0x01, 0x01, 0x01, 0x01, 0x02, 0x02, 0x02, 0x02, 
	0x02, 0x0e, 0x04, 0x04, 0x04, 0x05, 0x05, 0x06, 
	0x06, 0x06, 0x07, 0x07, 0x08, 0x09, 0x0a, 0x0a, 
	0x0a, 0x0b, 0x0f, 0x0c, 0x0c, 0x0c, 0x0d, 0x12, 
	0x01, 0x01, 0x01, 0x13, 0x02, 0x02, 0x02, 0x02, 
	0x02, 0x04, 0x04, 0x04, 0x04, 0x05, 0x11, 0x06, 
	0x06, 0x07, 0x07, 0x07, 0x08, 0x09, 0x0a, 0x0a, 
	0x0a, 0x0b, 0x0c, 0x0c, 0x0c, 0x0c, 0x0d, 0x12, 
	0x01, 0x01, 0x01, 0x02, 0x02, 0x02, 0x02, 0x02, 
	0x03, 0x04, 0x04, 0x04, 0x04, 0x05, 0x06, 0x06, 
	0x06, 0x07, 0x07, 0x08, 0x08, 0x0a, 0x0a, 0x0a, 
	0x0b, 0x0b, 0x0c, 0x0c, 0x0c, 0x0d, 0x0d, 0x12, 
	0x01, 0x01, 0x01, 0x02, 0x02, 0x02, 0x02, 0x02, 
	0x0e, 0x04, 0x04, 0x04, 0x05, 0x05, 0x06, 0x06, 
	0x06, 0x07, 0x07, 0x08, 0x09, 0x0a, 0x0a, 0x0a, 
	0x0b, 0x0f, 0x0c, 0x0c, 0x0c, 0x0d, 0x12, 0x14, 
	0x01, 0x01, 0x01, 0x02, 0x02, 0x02, 0x02, 0x02, 
	0x04, 0x04, 0x04, 0x04, 0x05, 0x05, 0x06, 0x06, 
	0x07, 0x07, 0x07, 0x08, 0x09, 0x0a, 0x0a, 0x0a, 
	0x0b, 0x0f, 0x0c, 0x0c, 0x0c, 0x0d, 0x12, 0x14, 
	0x01, 0x01, 0x02, 0x02, 0x02, 0x02, 0x02, 0x03, 
	0x04, 0x04, 0x04, 0x04, 0x05, 0x06, 0x06, 0x06, 
	0x07, 0x07, 0x08, 0x08, 0x0a, 0x0a, 0x0a, 0x0b, 
	0x0b, 0x0c, 0x0c, 0x0c, 0x0d, 0x0d, 0x12, 0x14, 
	0x01, 0x01, 0x02, 0x02, 0x02, 0x02, 0x02, 0x03, 
	0x04, 0x04, 0x04, 0x05, 0x05, 0x06, 0x06, 0x06, 
	0x07, 0x07, 0x08, 0x09, 0x0a, 0x0a, 0x0a, 0x0b, 
	0x0f, 0x0c, 0x0c, 0x0c, 0x0d, 0x12, 0x14, 0x14, 
	0x01, 0x01, 0x02, 0x02, 0x02, 0x02, 0x02, 0x04, 
	0x04, 0x04, 0x04, 0x05, 0x05, 0x06, 0x06, 0x07, 
	0x07, 0x07, 0x08, 0x09, 0x0a, 0x0a, 0x0a, 0x0b, 
	0x0f, 0x0c, 0x0c, 0x0c, 0x0d, 0x12, 0x14, 0x14, 
	0x01, 0x02, 0x02, 0x02, 0x02, 0x02, 0x03, 0x04, 
	0x04, 0x04, 0x04, 0x05, 0x06, 0x06, 0x06, 0x07, 
	0x07, 0x08, 0x08, 0x0a, 0x0a, 0x0a, 0x0b, 0x0b, 
	0x0c, 0x0c, 0x0c, 0x0d, 0x0d, 0x12, 0x14, 0x14, 
	0x01, 0x02, 0x02, 0x02, 0x02, 0x02, 0x03, 0x04, 
	0x04, 0x04, 0x05, 0x05, 0x06, 0x06, 0x06, 0x07, 
	0x07, 0x08, 0x09, 0x0a, 0x0a, 0x0a, 0x0b, 0x0b, 
	0x0c, 0x0c, 0x0c, 0x0d, 0x0d, 0x14, 0x14, 0x14, 
	0x01, 0x02, 0x02, 0x02, 0x02, 0x02, 0x0e, 0x04, 
	0x04, 0x04, 0x05, 0x05, 0x06, 0x06, 0x07, 0x07, 
	0x07, 0x08, 0x09, 0x0a, 0x0a, 0x0a, 0x0b, 0x0f, 
	0x0c, 0x0c, 0x0c, 0x0d, 0x12, 0x14, 0x14, 0x14, 
	0x10, 0x02, 0x02, 0x02, 0x02, 0x03, 0x04, 0x04, 
	0x04, 0x04, 0x05, 0x11, 0x06, 0x06, 0x07, 0x07, 
	0x08, 0x08, 0x09, 0x0a, 0x0a, 0x0b, 0x0b, 0x0c, 
	0x0c, 0x0c, 0x0d, 0x0d, 0x12, 0x14, 0x14, 0x14, 
	0x02, 0x02, 0x02, 0x02, 0x02, 0x03, 0x04, 0x04, 
	0x04, 0x05, 0x05, 0x06, 0x06, 0x06, 0x07, 0x07, 
	0x08, 0x09, 0x0a, 0x0a, 0x0a, 0x0b, 0x0b, 0x0c, 
	0x0c, 0x0c, 0x0d, 0x0d, 0x14, 0x14, 0x14, 0x14, 
	0x02, 0x02, 0x02, 0x02, 0x02, 0x0e, 0x04, 0x04, 
	0x04, 0x05, 0x05, 0x06, 0x06, 0x06, 0x07, 0x07, 
	0x08, 0x09, 0x0a, 0x0a, 0x0a, 0x0b, 0x0f, 0x0c, 
	0x0c, 0x0c, 0x0d, 0x12, 0x14, 0x14, 0x14, 0x15, 
	0x02, 0x02, 0x02, 0x02, 0x03, 0x04, 0x04, 0x04, 
	0x04, 0x05, 0x11, 0x06, 0x06, 0x07, 0x07, 0x08, 
	0x08, 0x09, 0x0a, 0x0a, 0x0b, 0x0b, 0x0c, 0x0c, 
	0x0c, 0x0d, 0x0d, 0x12, 0x14, 0x14, 0x14, 0x16, 
	0x02, 0x02, 0x02, 0x02, 0x03, 0x04, 0x04, 0x04, 
	0x04, 0x05, 0x06, 0x06, 0x06, 0x07, 0x07, 0x08, 
	0x08, 0x0a, 0x0a, 0x0a, 0x0b, 0x0b, 0x0c, 0x0c, 
	0x0c, 0x0d, 0x0d, 0x14, 0x14, 0x14, 0x14, 0x16, 
	0x02, 0x02, 0x02, 0x02, 0x0e, 0x04, 0x04, 0x04, 
	0x05, 0x05, 0x06, 0x06, 0x06, 0x07, 0x07, 0x08, 
	0x09, 0x0a, 0x0a, 0x0a, 0x0b, 0x0f, 0x0c, 0x0c, 
	0x0c, 0x0d, 0x12, 0x14, 0x14, 0x14, 0x15, 0x16, 
	0x02, 0x02, 0x02, 0x03, 0x04, 0x04, 0x04, 0x04, 
	0x05, 0x11, 0x06, 0x06, 0x07, 0x07, 0x08, 0x08, 
	0x09, 0x0a, 0x0a, 0x0b, 0x0b, 0x0c, 0x0c, 0x0c, 
	0x0c, 0x0d, 0x12, 0x14, 0x14, 0x14, 0x16, 0x16, 
	0x02, 0x02, 0x02, 0x03, 0x04, 0x04, 0x04, 0x04, 
	0x05, 0x06, 0x06, 0x06, 0x07, 0x07, 0x08, 0x08, 
	0x0a, 0x0a, 0x0a, 0x0b, 0x0b, 0x0c, 0x0c, 0x0c, 
	0x0d, 0x0d, 0x12, 0x14, 0x14, 0x14, 0x16, 0x16, 
	0x02, 0x02, 0x02, 0x0e, 0x04, 0x04, 0x04, 0x05, 
	0x05, 0x06, 0x06, 0x06, 0x07, 0x07, 0x08, 0x09, 
	0x0a, 0x0a, 0x0a, 0x0b, 0x0f, 0x0c, 0x0c, 0x0c, 
	0x0d, 0x12, 0x14, 0x14, 0x14, 0x14, 0x16, 0x16, 
	0x02, 0x02, 0x02, 0x04, 0x04, 0x04, 0x04, 0x05, 
	0x11, 0x06, 0x06, 0x07, 0x07, 0x07, 0x08, 0x09, 
	0x0a, 0x0a, 0x0a, 0x0b, 0x0c, 0x0c, 0x0c, 0x0c, 
	0x0d, 0x12, 0x14, 0x14, 0x14, 0x16, 0x16, 0x17, 
	0x02, 0x02, 0x03, 0x04, 0x04, 0x04, 0x04, 0x05, 
	0x06, 0x06, 0x06, 0x07, 0x07, 0x08, 0x08, 0x0a, 
	0x0a, 0x0a, 0x0b, 0x0b, 0x0c, 0x0c, 0x0c, 0x0d, 
	0x0d, 0x12, 0x14, 0x14, 0x14, 0x16, 0x16, 0x17, 
	0x02, 0x02, 0x0e, 0x04, 0x04, 0x04, 0x05, 0x05, 
	0x06, 0x06, 0x06, 0x07, 0x07, 0x08, 0x09, 0x0a, 
	0x0a, 0x0a, 0x0b, 0x0f, 0x0c, 0x0c, 0x0c, 0x0d, 
	0x12, 0x14, 0x14, 0x14, 0x14, 0x16, 0x16, 0x17, 
	0x02, 0x02, 0x04, 0x04, 0x04, 0x04, 0x05, 0x05, 
	0x06, 0x06, 0x07, 0x07, 0x07, 0x08, 0x09, 0x0a, 
	0x0a, 0x0a, 0x0b, 0x0f, 0x0c, 0x0c, 0x0c, 0x0d, 
	0x12, 0x14, 0x14, 0x14, 0x16, 0x16, 0x16, 0x17, 
	0x02, 0x03, 0x04, 0x04, 0x04, 0x04, 0x05, 0x06, 
	0x06, 0x06, 0x07, 0x07, 0x08, 0x08, 0x0a, 0x0a, 
	0x0a, 0x0b, 0x0b, 0x0c, 0x0c, 0x0c, 0x0d, 0x0d, 
	0x12, 0x14, 0x14, 0x14, 0x16, 0x16, 0x17, 0x17, 
	0x02, 0x0e, 0x04, 0x04, 0x04, 0x05, 0x05, 0x06, 
	0x06, 0x06, 0x07, 0x07, 0x08, 0x09, 0x0a, 0x0a, 
	0x0a, 0x0b, 0x0b, 0x0c, 0x0c, 0x0c, 0x0d, 0x12, 
	0x14, 0x14, 0x14, 0x14, 0x16, 0x16, 0x17, 0x17, 
	0x02, 0x0e, 0x04, 0x04, 0x04, 0x05, 0x05, 0x06, 
	0x06, 0x07, 0x07, 0x07, 0x08, 0x09, 0x0a, 0x0a, 
	0x0a, 0x0b, 0x0f, 0x0c, 0x0c, 0x0c, 0x0d, 0x12, 
	0x14, 0x14, 0x14, 0x15, 0x16, 0x16, 0x17, 0x17, 
	0x03, 0x04, 0x04, 0x04, 0x04, 0x05, 0x11, 0x06, 
	0x06, 0x07, 0x07, 0x08, 0x08, 0x09, 0x0a, 0x0a, 
	0x0b, 0x0b, 0x0c, 0x0c, 0x0c, 0x0d, 0x0d, 0x12, 
	0x14, 0x14, 0x14, 0x16, 0x16, 0x17, 0x17, 0x17, 
	
};

Gfx Intro_galaxy_red_pal_rgba16_aligner[] = {gsSPEndDisplayList()};
u8 Intro_galaxy_red_pal_rgba16[] = {
	0xc0, 0xc5, 0xc0, 0xc7, 0xc9, 0x09, 0xc9, 0x0b, 
	0xd1, 0x4b, 0xd1, 0x4d, 0xd9, 0x8d, 0xd9, 0x8f, 
	0xd9, 0xcf, 0xe1, 0xcf, 0xe1, 0xd1, 0xe2, 0x11, 
	0xea, 0x13, 0xea, 0x53, 0xd1, 0x0b, 0xe2, 0x13, 
	0xc8, 0xc9, 0xd1, 0x8d, 0xea, 0x55, 0xc8, 0xc7, 
	0xf2, 0x55, 0xf2, 0x95, 0xf2, 0x97, 0xfa, 0x97, 
	
};

Gfx Intro_skybox2_i8_i8_aligner[] = {gsSPEndDisplayList()};
u8 Intro_skybox2_i8_i8[] = {
	0x46, 0x45, 0x48, 0x45, 0x48, 0x46, 0x52, 0x4c, 
	0x51, 0x52, 0x5c, 0x56, 0x4b, 0x46, 0x41, 0x44, 
	0x4a, 0x49, 0x53, 0x4b, 0x4d, 0x45, 0x42, 0x40, 
	0x3b, 0x36, 0x33, 0x2f, 0x2f, 0x2f, 0x2d, 0x32, 
	0x2d, 0x29, 0x2b, 0x29, 0x2e, 0x2a, 0x28, 0x28, 
	0x2d, 0x28, 0x2a, 0x2c, 0x2d, 0x29, 0x28, 0x34, 
	0x2c, 0x2a, 0x2b, 0x2c, 0x2e, 0x35, 0x2d, 0x2b, 
	0x2e, 0x2d, 0x30, 0x2f, 0x2d, 0x2d, 0x34, 0x38, 
	0x41, 0x44, 0x44, 0x3e, 0x41, 0x44, 0x47, 0x49, 
	0x4c, 0x57, 0x50, 0x51, 0x4f, 0x4f, 0x47, 0x49, 
	0x4b, 0x55, 0x4f, 0x4e, 0x4e, 0x48, 0x47, 0x44, 
	0x3c, 0x36, 0x33, 0x34, 0x33, 0x33, 0x2e, 0x30, 
	0x39, 0x2d, 0x30, 0x2a, 0x2a, 0x2c, 0x2c, 0x2b, 
	0x29, 0x2e, 0x29, 0x29, 0x28, 0x28, 0x31, 0x2b, 
	0x2e, 0x2e, 0x2b, 0x2a, 0x2c, 0x2f, 0x2b, 0x2c, 
	0x29, 0x37, 0x2d, 0x2d, 0x2c, 0x31, 0x31, 0x2e, 
	0x44, 0x41, 0x41, 0x42, 0x42, 0x44, 0x46, 0x49, 
	0x48, 0x4c, 0x4f, 0x4c, 0x4e, 0x4f, 0x4e, 0x48, 
	0x53, 0x4d, 0x51, 0x54, 0x4f, 0x4c, 0x47, 0x47, 
	0x3c, 0x38, 0x33, 0x3a, 0x33, 0x33, 0x31, 0x32, 
	0x32, 0x32, 0x33, 0x30, 0x2f, 0x2d, 0x2a, 0x29, 
	0x2e, 0x2d, 0x29, 0x2c, 0x29, 0x2a, 0x29, 0x2c, 
	0x28, 0x2f, 0x2b, 0x27, 0x27, 0x2d, 0x29, 0x29, 
	0x2c, 0x29, 0x2f, 0x2b, 0x2c, 0x2d, 0x2d, 0x2d, 
	0x3d, 0x44, 0x3c, 0x41, 0x45, 0x40, 0x47, 0x4e, 
	0x4c, 0x49, 0x4f, 0x53, 0x4b, 0x4f, 0x4f, 0x4e, 
	0x4c, 0x4f, 0x53, 0x53, 0x57, 0x4e, 0x4b, 0x42, 
	0x41, 0x39, 0x35, 0x35, 0x37, 0x34, 0x33, 0x35, 
	0x33, 0x35, 0x32, 0x31, 0x35, 0x2e, 0x2d, 0x35, 
	0x2b, 0x2a, 0x2a, 0x29, 0x2b, 0x2a, 0x2e, 0x2d, 
	0x27, 0x2b, 0x33, 0x2e, 0x28, 0x2d, 0x2a, 0x2b, 
	0x2c, 0x2f, 0x2d, 0x2c, 0x30, 0x2a, 0x2a, 0x29, 
	0x38, 0x37, 0x38, 0x3c, 0x41, 0x3e, 0x42, 0x46, 
	0x47, 0x40, 0x46, 0x4a, 0x4a, 0x45, 0x49, 0x49, 
	0x4e, 0x4c, 0x51, 0x58, 0x52, 0x53, 0x53, 0x49, 
	0x41, 0x3f, 0x3e, 0x36, 0x32, 0x33, 0x34, 0x33, 
	0x34, 0x33, 0x33, 0x33, 0x36, 0x31, 0x32, 0x2e, 
	0x2d, 0x2e, 0x2c, 0x2c, 0x2b, 0x29, 0x2a, 0x28, 
	0x28, 0x26, 0x28, 0x2e, 0x27, 0x28, 0x29, 0x2d, 
	0x2d, 0x2a, 0x2d, 0x29, 0x2a, 0x2b, 0x29, 0x29, 
	0x37, 0x37, 0x38, 0x3b, 0x3c, 0x3c, 0x40, 0x44, 
	0x43, 0x40, 0x3f, 0x46, 0x43, 0x46, 0x47, 0x46, 
	0x4b, 0x4e, 0x54, 0x51, 0x56, 0x54, 0x51, 0x4d, 
	0x49, 0x47, 0x40, 0x3c, 0x37, 0x37, 0x36, 0x34, 
	0x34, 0x38, 0x38, 0x35, 0x38, 0x38, 0x45, 0x34, 
	0x2e, 0x35, 0x2e, 0x31, 0x2d, 0x29, 0x2a, 0x28, 
	0x2b, 0x28, 0x29, 0x30, 0x2b, 0x2f, 0x27, 0x30, 
	0x28, 0x28, 0x28, 0x2a, 0x28, 0x2d, 0x29, 0x29, 
	0x39, 0x30, 0x33, 0x36, 0x33, 0x35, 0x3a, 0x40, 
	0x4a, 0x41, 0x40, 0x42, 0x43, 0x43, 0x49, 0x4a, 
	0x44, 0x49, 0x53, 0x54, 0x53, 0x50, 0x4c, 0x4e, 
	0x4d, 0x47, 0x43, 0x3f, 0x3c, 0x38, 0x3c, 0x3a, 
	0x35, 0x37, 0x37, 0x37, 0x36, 0x33, 0x33, 0x32, 
	0x31, 0x34, 0x2e, 0x2d, 0x2e, 0x29, 0x2c, 0x29, 
	0x28, 0x2a, 0x30, 0x29, 0x27, 0x2b, 0x28, 0x27, 
	0x2f, 0x2a, 0x2a, 0x29, 0x28, 0x27, 0x28, 0x2a, 
	0x30, 0x31, 0x31, 0x30, 0x2f, 0x31, 0x34, 0x38, 
	0x3f, 0x48, 0x3d, 0x3f, 0x43, 0x42, 0x3d, 0x3b, 
	0x3c, 0x45, 0x4f, 0x4a, 0x50, 0x50, 0x4f, 0x53, 
	0x4d, 0x4d, 0x53, 0x45, 0x42, 0x3c, 0x41, 0x3d, 
	0x3f, 0x38, 0x38, 0x37, 0x37, 0x3a, 0x36, 0x3d, 
	0x33, 0x30, 0x31, 0x35, 0x2c, 0x2a, 0x2b, 0x2f, 
	0x29, 0x2b, 0x29, 0x26, 0x23, 0x28, 0x28, 0x27, 
	0x26, 0x29, 0x2d, 0x30, 0x2a, 0x28, 0x2a, 0x2b, 
	0x2d, 0x2d, 0x31, 0x30, 0x2c, 0x33, 0x32, 0x35, 
	0x3d, 0x3c, 0x3c, 0x3d, 0x3e, 0x3d, 0x3b, 0x38, 
	0x39, 0x3c, 0x42, 0x44, 0x47, 0x48, 0x50, 0x4c, 
	0x4d, 0x4e, 0x50, 0x50, 0x4e, 0x41, 0x43, 0x43, 
	0x3f, 0x37, 0x3b, 0x37, 0x38, 0x37, 0x38, 0x34, 
	0x30, 0x2f, 0x2f, 0x34, 0x2c, 0x30, 0x2b, 0x27, 
	0x2f, 0x28, 0x2c, 0x2a, 0x26, 0x26, 0x26, 0x26, 
	0x28, 0x25, 0x30, 0x29, 0x2c, 0x28, 0x27, 0x34, 
	0x2e, 0x2f, 0x2b, 0x2b, 0x2b, 0x31, 0x33, 0x36, 
	0x3b, 0x3b, 0x3d, 0x3d, 0x3a, 0x3a, 0x3b, 0x3d, 
	0x3b, 0x3b, 0x41, 0x45, 0x44, 0x47, 0x4e, 0x51, 
	0x4c, 0x4d, 0x48, 0x4a, 0x4a, 0x46, 0x47, 0x49, 
	0x3e, 0x40, 0x3a, 0x37, 0x38, 0x38, 0x35, 0x35, 
	0x34, 0x34, 0x30, 0x2f, 0x30, 0x31, 0x2a, 0x27, 
	0x2c, 0x29, 0x27, 0x2d, 0x26, 0x31, 0x25, 0x2b, 
	0x28, 0x2a, 0x2c, 0x28, 0x28, 0x2a, 0x29, 0x2a, 
	0x2c, 0x2a, 0x28, 0x2e, 0x2c, 0x2d, 0x2d, 0x33, 
	0x38, 0x36, 0x38, 0x3b, 0x3c, 0x3b, 0x43, 0x43, 
	0x42, 0x3f, 0x40, 0x41, 0x44, 0x44, 0x48, 0x4a, 
	0x4e, 0x49, 0x4b, 0x46, 0x4c, 0x4a, 0x4a, 0x4b, 
	0x40, 0x3e, 0x39, 0x38, 0x37, 0x37, 0x36, 0x35, 
	0x34, 0x35, 0x35, 0x31, 0x2f, 0x29, 0x2d, 0x28, 
	0x2a, 0x28, 0x26, 0x26, 0x24, 0x24, 0x24, 0x25, 
	0x25, 0x27, 0x27, 0x27, 0x28, 0x2c, 0x28, 0x2c, 
	0x29, 0x28, 0x29, 0x28, 0x30, 0x2b, 0x2d, 0x33, 
	0x32, 0x37, 0x3e, 0x41, 0x46, 0x3e, 0x3e, 0x42, 
	0x40, 0x3d, 0x3e, 0x41, 0x39, 0x44, 0x4d, 0x48, 
	0x4b, 0x50, 0x48, 0x4b, 0x4f, 0x4b, 0x48, 0x49, 
	0x48, 0x42, 0x3e, 0x3a, 0x38, 0x37, 0x38, 0x3d, 
	0x36, 0x36, 0x35, 0x36, 0x2e, 0x2b, 0x2a, 0x28, 
	0x2a, 0x2e, 0x28, 0x24, 0x27, 0x26, 0x26, 0x26, 
	0x27, 0x27, 0x27, 0x28, 0x2d, 0x2e, 0x2a, 0x2b, 
	0x27, 0x28, 0x2d, 0x29, 0x29, 0x28, 0x2b, 0x2f, 
	0x34, 0x32, 0x33, 0x3a, 0x40, 0x3d, 0x42, 0x3d, 
	0x3b, 0x3b, 0x37, 0x36, 0x3a, 0x43, 0x46, 0x44, 
	0x46, 0x46, 0x47, 0x4f, 0x4f, 0x4e, 0x4b, 0x49, 
	0x4b, 0x43, 0x3e, 0x3c, 0x37, 0x39, 0x39, 0x37, 
	0x35, 0x33, 0x32, 0x31, 0x30, 0x2e, 0x33, 0x28, 
	0x35, 0x2a, 0x29, 0x2b, 0x27, 0x27, 0x26, 0x2a, 
	0x29, 0x2c, 0x26, 0x29, 0x29, 0x28, 0x2b, 0x29, 
	0x28, 0x27, 0x2a, 0x2e, 0x29, 0x28, 0x2b, 0x33, 
	0x2f, 0x34, 0x34, 0x35, 0x37, 0x3a, 0x39, 0x39, 
	0x36, 0x34, 0x33, 0x38, 0x37, 0x3b, 0x3f, 0x3e, 
	0x42, 0x45, 0x4d, 0x4a, 0x4f, 0x4d, 0x4f, 0x4e, 
	0x4e, 0x45, 0x41, 0x42, 0x3c, 0x40, 0x3c, 0x38, 
	0x35, 0x39, 0x34, 0x36, 0x38, 0x33, 0x29, 0x29, 
	0x28, 0x32, 0x29, 0x27, 0x28, 0x26, 0x28, 0x2a, 
	0x29, 0x29, 0x2c, 0x29, 0x28, 0x27, 0x2e, 0x2d, 
	0x29, 0x27, 0x27, 0x25, 0x27, 0x29, 0x28, 0x2b, 
	0x2d, 0x2f, 0x35, 0x33, 0x36, 0x34, 0x37, 0x38, 
	0x39, 0x32, 0x32, 0x34, 0x35, 0x3e, 0x3f, 0x40, 
	0x3e, 0x40, 0x3f, 0x47, 0x4f, 0x53, 0x52, 0x4e, 
	0x53, 0x4c, 0x40, 0x41, 0x40, 0x41, 0x40, 0x3e, 
	0x3a, 0x3a, 0x3d, 0x32, 0x2f, 0x2e, 0x31, 0x2b, 
	0x2c, 0x2b, 0x2c, 0x2a, 0x29, 0x2c, 0x2b, 0x27, 
	0x28, 0x27, 0x28, 0x2c, 0x27, 0x29, 0x26, 0x26, 
	0x27, 0x27, 0x2f, 0x25, 0x25, 0x28, 0x2b, 0x29, 
	0x2a, 0x2b, 0x31, 0x30, 0x31, 0x31, 0x33, 0x36, 
	0x35, 0x33, 0x30, 0x31, 0x34, 0x37, 0x39, 0x3e, 
	0x3a, 0x3b, 0x3d, 0x40, 0x4b, 0x55, 0x50, 0x52, 
	0x4a, 0x4d, 0x46, 0x48, 0x43, 0x46, 0x44, 0x42, 
	0x3e, 0x35, 0x34, 0x30, 0x30, 0x32, 0x2b, 0x2a, 
	0x29, 0x2a, 0x2a, 0x2a, 0x29, 0x2b, 0x28, 0x26, 
	0x2d, 0x26, 0x26, 0x29, 0x2c, 0x27, 0x27, 0x26, 
	0x30, 0x28, 0x27, 0x28, 0x29, 0x28, 0x2b, 0x35, 
	0x2a, 0x2b, 0x2b, 0x38, 0x2d, 0x2c, 0x33, 0x33, 
	0x31, 0x30, 0x32, 0x30, 0x37, 0x34, 0x32, 0x35, 
	0x37, 0x3a, 0x3a, 0x44, 0x47, 0x4c, 0x51, 0x51, 
	0x4b, 0x49, 0x4a, 0x49, 0x45, 0x48, 0x49, 0x40, 
	0x3b, 0x3d, 0x32, 0x33, 0x2f, 0x30, 0x33, 0x2f, 
	0x2a, 0x2b, 0x29, 0x2c, 0x2c, 0x29, 0x2c, 0x28, 
	0x28, 0x2a, 0x2a, 0x2a, 0x28, 0x2e, 0x26, 0x2a, 
	0x28, 0x2a, 0x29, 0x26, 0x29, 0x28, 0x24, 0x26, 
	0x27, 0x27, 0x28, 0x28, 0x2c, 0x2a, 0x2b, 0x2f, 
	0x3a, 0x37, 0x36, 0x39, 0x33, 0x2d, 0x2f, 0x33, 
	0x32, 0x39, 0x3d, 0x42, 0x4a, 0x49, 0x4d, 0x50, 
	0x50, 0x4d, 0x4f, 0x4c, 0x4a, 0x4e, 0x47, 0x3d, 
	0x3c, 0x36, 0x35, 0x2f, 0x30, 0x30, 0x32, 0x2f, 
	0x2b, 0x2a, 0x2a, 0x2a, 0x2e, 0x29, 0x2b, 0x29, 
	0x2f, 0x28, 0x34, 0x2f, 0x2a, 0x2c, 0x26, 0x27, 
	0x2b, 0x35, 0x27, 0x31, 0x28, 0x2a, 0x25, 0x28, 
	0x27, 0x28, 0x27, 0x29, 0x26, 0x26, 0x27, 0x2d, 
	0x32, 0x3e, 0x2e, 0x2d, 0x2a, 0x30, 0x2d, 0x2d, 
	0x31, 0x36, 0x37, 0x42, 0x44, 0x44, 0x4d, 0x49, 
	0x53, 0x47, 0x4a, 0x4f, 0x50, 0x50, 0x4a, 0x44, 
	0x43, 0x3a, 0x3b, 0x32, 0x30, 0x2f, 0x2d, 0x30, 
	0x2b, 0x29, 0x29, 0x2a, 0x28, 0x2b, 0x34, 0x36, 
	0x2c, 0x2a, 0x2a, 0x29, 0x29, 0x28, 0x2c, 0x28, 
	0x2a, 0x2f, 0x29, 0x2c, 0x27, 0x2d, 0x26, 0x2b, 
	0x29, 0x26, 0x24, 0x2d, 0x26, 0x24, 0x25, 0x2b, 
	0x35, 0x3b, 0x32, 0x29, 0x28, 0x2a, 0x29, 0x29, 
	0x2e, 0x30, 0x34, 0x3b, 0x41, 0x3d, 0x42, 0x47, 
	0x49, 0x4b, 0x4e, 0x49, 0x4f, 0x4d, 0x48, 0x44, 
	0x4d, 0x44, 0x33, 0x2f, 0x2d, 0x2d, 0x2e, 0x2c, 
	0x2f, 0x34, 0x2d, 0x29, 0x31, 0x2d, 0x29, 0x2d, 
	0x2d, 0x2a, 0x2a, 0x2a, 0x27, 0x2a, 0x27, 0x2d, 
	0x28, 0x28, 0x29, 0x2c, 0x26, 0x26, 0x25, 0x27, 
	0x25, 0x27, 0x28, 0x2f, 0x28, 0x27, 0x25, 0x28, 
	0x2c, 0x2f, 0x2f, 0x27, 0x27, 0x26, 0x28, 0x31, 
	0x28, 0x35, 0x2c, 0x36, 0x3c, 0x3c, 0x40, 0x43, 
	0x43, 0x48, 0x49, 0x4d, 0x4b, 0x4d, 0x4b, 0x4b, 
	0x43, 0x36, 0x30, 0x30, 0x2f, 0x30, 0x2d, 0x2d, 
	0x2d, 0x2c, 0x2b, 0x36, 0x2b, 0x2c, 0x2b, 0x32, 
	0x33, 0x29, 0x29, 0x29, 0x2c, 0x27, 0x27, 0x28, 
	0x29, 0x29, 0x27, 0x26, 0x26, 0x2a, 0x28, 0x27, 
	0x28, 0x27, 0x2b, 0x25, 0x27, 0x27, 0x2b, 0x28, 
	0x26, 0x27, 0x24, 0x26, 0x25, 0x26, 0x2b, 0x27, 
	0x27, 0x27, 0x2c, 0x39, 0x3e, 0x3d, 0x40, 0x43, 
	0x3f, 0x49, 0x4b, 0x4c, 0x4e, 0x4f, 0x4c, 0x49, 
	0x42, 0x3b, 0x33, 0x2e, 0x2e, 0x2d, 0x2e, 0x2e, 
	0x2d, 0x2c, 0x2b, 0x2f, 0x2d, 0x2c, 0x2e, 0x2d, 
	0x2b, 0x2c, 0x2b, 0x2b, 0x2c, 0x28, 0x29, 0x28, 
	0x28, 0x2f, 0x28, 0x29, 0x2c, 0x28, 0x28, 0x29, 
	0x25, 0x28, 0x26, 0x26, 0x32, 0x27, 0x23, 0x28, 
	0x26, 0x23, 0x23, 0x23, 0x24, 0x24, 0x27, 0x27, 
	0x26, 0x2d, 0x2d, 0x3a, 0x39, 0x3d, 0x3f, 0x3e, 
	0x40, 0x48, 0x46, 0x4e, 0x53, 0x4f, 0x4f, 0x50, 
	0x45, 0x3d, 0x3a, 0x32, 0x31, 0x31, 0x34, 0x2f, 
	0x2f, 0x2e, 0x2e, 0x2c, 0x2b, 0x2f, 0x2e, 0x31, 
	0x2c, 0x2c, 0x34, 0x2b, 0x2c, 0x28, 0x2f, 0x28, 
	0x32, 0x2f, 0x28, 0x28, 0x27, 0x33, 0x29, 0x28, 
	0x28, 0x2a, 0x28, 0x2a, 0x2b, 0x27, 0x28, 0x2c, 
	0x26, 0x25, 0x26, 0x24, 0x24, 0x27, 0x28, 0x25, 
	0x2c, 0x2e, 0x2f, 0x34, 0x3d, 0x3d, 0x3e, 0x3c, 
	0x3e, 0x36, 0x3d, 0x45, 0x4e, 0x50, 0x53, 0x4d, 
	0x4c, 0x42, 0x41, 0x35, 0x2f, 0x38, 0x31, 0x2d, 
	0x2e, 0x31, 0x30, 0x3d, 0x2e, 0x2f, 0x2d, 0x33, 
	0x2c, 0x33, 0x2d, 0x2d, 0x2a, 0x29, 0x2c, 0x2f, 
	0x29, 0x28, 0x30, 0x30, 0x2e, 0x2c, 0x29, 0x2b, 
	0x29, 0x29, 0x29, 0x27, 0x29, 0x25, 0x25, 0x27, 
	0x27, 0x25, 0x24, 0x23, 0x23, 0x25, 0x25, 0x26, 
	0x31, 0x2a, 0x29, 0x2f, 0x3a, 0x37, 0x3d, 0x39, 
	0x3a, 0x39, 0x3a, 0x44, 0x47, 0x4e, 0x50, 0x4a, 
	0x4f, 0x48, 0x44, 0x3e, 0x32, 0x2f, 0x2c, 0x2f, 
	0x2e, 0x30, 0x35, 0x2f, 0x2f, 0x2e, 0x34, 0x2f, 
	0x30, 0x2d, 0x2d, 0x34, 0x34, 0x2a, 0x29, 0x29, 
	0x30, 0x2b, 0x33, 0x2c, 0x2f, 0x2a, 0x2f, 0x2a, 
	0x2a, 0x29, 0x2b, 0x29, 0x2e, 0x26, 0x25, 0x33, 
	0x26, 0x25, 0x2a, 0x28, 0x2c, 0x28, 0x28, 0x27, 
	0x26, 0x2a, 0x2b, 0x31, 0x35, 0x35, 0x3b, 0x3c, 
	0x3b, 0x3c, 0x37, 0x3c, 0x46, 0x49, 0x50, 0x49, 
	0x4c, 0x49, 0x42, 0x40, 0x38, 0x31, 0x31, 0x2d, 
	0x2f, 0x2e, 0x2e, 0x30, 0x30, 0x31, 0x37, 0x30, 
	0x2e, 0x30, 0x2e, 0x2d, 0x2b, 0x2a, 0x2b, 0x2d, 
	0x2e, 0x2c, 0x2e, 0x2b, 0x2d, 0x2a, 0x2a, 0x2b, 
	0x2b, 0x31, 0x29, 0x2b, 0x27, 0x2a, 0x2f, 0x28, 
	0x2c, 0x27, 0x29, 0x28, 0x28, 0x28, 0x26, 0x29, 
	0x2a, 0x28, 0x2b, 0x2e, 0x2f, 0x3d, 0x3c, 0x3d, 
	0x3e, 0x40, 0x3d, 0x3d, 0x46, 0x4b, 0x4e, 0x50, 
	0x57, 0x4a, 0x48, 0x46, 0x3b, 0x35, 0x31, 0x36, 
	0x2f, 0x31, 0x2e, 0x31, 0x31, 0x31, 0x31, 0x2e, 
	0x33, 0x2f, 0x32, 0x33, 0x2e, 0x2c, 0x2b, 0x2a, 
	0x31, 0x2d, 0x2c, 0x2e, 0x2d, 0x2b, 0x29, 0x2e, 
	0x2b, 0x2a, 0x29, 0x29, 0x29, 0x28, 0x29, 0x27, 
	0x26, 0x2a, 0x27, 0x27, 0x29, 0x2b, 0x28, 0x28, 
	0x2a, 0x28, 0x2d, 0x31, 0x35, 0x35, 0x3c, 0x3e, 
	0x46, 0x3d, 0x3c, 0x3c, 0x3f, 0x41, 0x4e, 0x4b, 
	0x4a, 0x4c, 0x4c, 0x4c, 0x43, 0x38, 0x34, 0x2f, 
	0x2d, 0x33, 0x2e, 0x31, 0x32, 0x32, 0x30, 0x2f, 
	0x2f, 0x2e, 0x34, 0x36, 0x2d, 0x30, 0x2e, 0x2a, 
	0x2e, 0x2b, 0x2d, 0x2c, 0x2e, 0x2d, 0x2d, 0x2b, 
	0x2e, 0x29, 0x2c, 0x28, 0x2e, 0x2f, 0x31, 0x2c, 
	0x2c, 0x29, 0x28, 0x28, 0x2b, 0x33, 0x29, 0x28, 
	0x2a, 0x2a, 0x2f, 0x2b, 0x2f, 0x36, 0x35, 0x3c, 
	0x3a, 0x3f, 0x3c, 0x3c, 0x39, 0x3d, 0x41, 0x49, 
	0x4e, 0x4e, 0x50, 0x4e, 0x4e, 0x3e, 0x36, 0x38, 
	0x3b, 0x33, 0x30, 0x33, 0x36, 0x37, 0x3d, 0x3d, 
	0x31, 0x2f, 0x2f, 0x2e, 0x2d, 0x2c, 0x2d, 0x2f, 
	0x2c, 0x2d, 0x2c, 0x2b, 0x2f, 0x2d, 0x2f, 0x32, 
	0x2b, 0x2d, 0x2f, 0x33, 0x2a, 0x2d, 0x2b, 0x2b, 
	0x28, 0x28, 0x28, 0x29, 0x28, 0x2c, 0x38, 0x2a, 
	0x28, 0x2a, 0x28, 0x2e, 0x39, 0x31, 0x35, 0x37, 
	0x3c, 0x3a, 0x3d, 0x36, 0x37, 0x3b, 0x3f, 0x45, 
	0x4e, 0x51, 0x4b, 0x4a, 0x4d, 0x46, 0x40, 0x36, 
	0x38, 0x37, 0x2f, 0x34, 0x34, 0x39, 0x37, 0x33, 
	0x2f, 0x34, 0x2f, 0x2d, 0x2a, 0x2b, 0x2b, 0x2b, 
	0x2a, 0x2c, 0x2c, 0x2a, 0x2b, 0x2d, 0x2a, 0x29, 
	0x2d, 0x2f, 0x2d, 0x2e, 0x2d, 0x2b, 0x2c, 0x2e, 
	0x2f, 0x28, 0x2c, 0x2a, 0x28, 0x28, 0x2a, 0x2b, 
	0x29, 0x2e, 0x29, 0x2a, 0x31, 0x30, 0x32, 0x32, 
	0x3a, 0x36, 0x33, 0x38, 0x43, 0x3c, 0x4c, 0x44, 
	0x49, 0x51, 0x4a, 0x4a, 0x45, 0x49, 0x46, 0x3a, 
	0x40, 0x37, 0x32, 0x35, 0x33, 0x2f, 0x31, 0x31, 
	0x36, 0x31, 0x2d, 0x2d, 0x2b, 0x2c, 0x2b, 0x2c, 
	0x2a, 0x2a, 0x2a, 0x29, 0x2a, 0x2b, 0x2a, 0x2c, 
	0x2b, 0x31, 0x32, 0x2b, 0x2c, 0x2b, 0x2b, 0x2d, 
	0x31, 0x2e, 0x29, 0x3b, 0x28, 0x2a, 0x3c, 0x29, 
	0x2b, 0x27, 0x37, 0x28, 0x2a, 0x31, 0x31, 0x33, 
	0x33, 0x39, 0x37, 0x31, 0x35, 0x38, 0x45, 0x45, 
	0x49, 0x49, 0x4e, 0x4c, 0x4b, 0x46, 0x42, 0x3f, 
	0x3c, 0x3d, 0x35, 0x31, 0x2f, 0x2e, 0x2e, 0x2e, 
	0x31, 0x2d, 0x33, 0x2c, 0x2b, 0x29, 0x29, 0x29, 
	
};

Gfx Intro_stars_i4_i4_aligner[] = {gsSPEndDisplayList()};
u8 Intro_stars_i4_i4[] = {
	0x22, 0x22, 0x22, 0x33, 0x33, 0x34, 0x33, 0x32, 
	0x22, 0x22, 0x32, 0x23, 0x22, 0x22, 0x22, 0x22, 
	0x52, 0x22, 0x22, 0x22, 0x22, 0x22, 0x22, 0x22, 
	0x22, 0x23, 0x22, 0x22, 0x22, 0x22, 0x22, 0x22, 
	0x22, 0x22, 0x22, 0x33, 0x33, 0x33, 0x33, 0x32, 
	0x22, 0x32, 0x22, 0x22, 0x22, 0x22, 0x22, 0x22, 
	0x22, 0x22, 0x22, 0x22, 0x22, 0x22, 0x22, 0x22, 
	0x22, 0x22, 0x22, 0x22, 0x22, 0x22, 0x22, 0x23, 
	0x22, 0x22, 0x22, 0x33, 0x33, 0x33, 0x33, 0x32, 
	0x22, 0x22, 0x22, 0x22, 0x22, 0x22, 0x22, 0x22, 
	0x22, 0x22, 0x22, 0x23, 0x22, 0x22, 0x22, 0x52, 
	0x22, 0x22, 0x22, 0x22, 0x22, 0x22, 0x22, 0x22, 
	0x22, 0x23, 0x22, 0x23, 0x33, 0x33, 0x33, 0x22, 
	0x43, 0x22, 0x23, 0x22, 0x22, 0x22, 0x22, 0x32, 
	0x22, 0x22, 0x22, 0x22, 0x23, 0x22, 0x22, 0x22, 
	0x22, 0x22, 0x22, 0x22, 0x23, 0x32, 0x22, 0x22, 
	0x33, 0x22, 0x22, 0x22, 0x33, 0x43, 0x33, 0x23, 
	0x22, 0x22, 0x22, 0x22, 0x22, 0x82, 0x22, 0x22, 
	0x22, 0x22, 0x32, 0x22, 0x22, 0x22, 0x22, 0x23, 
	0x22, 0x22, 0x22, 0x22, 0x22, 0x22, 0x22, 0x22, 
	0x23, 0x22, 0x22, 0x22, 0x23, 0x33, 0x33, 0x22, 
	0x22, 0x22, 0x22, 0x22, 0x22, 0x22, 0x22, 0x22, 
	0x22, 0x22, 0x22, 0x22, 0x22, 0x23, 0x22, 0x22, 
	0x22, 0x22, 0x24, 0x22, 0x22, 0x22, 0x22, 0x22, 
	0x22, 0x22, 0x22, 0x24, 0x23, 0x33, 0x34, 0x32, 
	0x23, 0x32, 0x22, 0x22, 0x22, 0x22, 0x22, 0x32, 
	0x22, 0x32, 0x22, 0x22, 0x22, 0x26, 0x22, 0x22, 
	0x22, 0x22, 0x22, 0x22, 0x22, 0x22, 0x22, 0x23, 
	0x22, 0x24, 0x22, 0x22, 0x33, 0x33, 0x33, 0x22, 
	0x23, 0x22, 0x22, 0x23, 0x32, 0x22, 0x22, 0x32, 
	0x22, 0x22, 0x22, 0x22, 0x22, 0x22, 0x22, 0x22, 
	0x32, 0x24, 0x22, 0x22, 0x26, 0x33, 0x22, 0x22, 
	0x22, 0x22, 0x22, 0x23, 0x63, 0x33, 0x33, 0x22, 
	0x22, 0x22, 0x22, 0x3a, 0x62, 0x24, 0x22, 0x22, 
	0x22, 0x22, 0x22, 0x22, 0x22, 0x22, 0x22, 0x22, 
	0x22, 0x22, 0x22, 0x23, 0x24, 0x22, 0x22, 0x22, 
	0x22, 0x22, 0x24, 0x23, 0x73, 0x33, 0x32, 0x23, 
	0x22, 0x22, 0x32, 0x26, 0x42, 0x22, 0x22, 0x22, 
	0x23, 0x22, 0x22, 0x42, 0x22, 0x22, 0x23, 0x42, 
	0x22, 0x22, 0x22, 0x24, 0x22, 0x22, 0x24, 0x22, 
	0x24, 0x23, 0x32, 0x23, 0x34, 0x33, 0x32, 0x22, 
	0x22, 0x22, 0x22, 0x22, 0x23, 0x22, 0x22, 0x32, 
	0x23, 0x22, 0x22, 0x32, 0x22, 0x25, 0x22, 0x22, 
	0x22, 0x22, 0x33, 0x32, 0x23, 0x22, 0x22, 0x22, 
	0x22, 0x25, 0x82, 0x23, 0x35, 0x65, 0x33, 0x33, 
	0x32, 0x22, 0x22, 0x32, 0x22, 0x23, 0x22, 0x72, 
	0x22, 0x22, 0x32, 0x23, 0x32, 0x22, 0x22, 0x22, 
	0x22, 0x22, 0x48, 0x32, 0x22, 0x22, 0x22, 0x22, 
	0x22, 0x23, 0x32, 0x22, 0x38, 0xd6, 0x33, 0x35, 
	0x32, 0x24, 0x22, 0x32, 0x22, 0x22, 0x22, 0x22, 
	0x22, 0x22, 0x22, 0x38, 0x62, 0x22, 0x22, 0x23, 
	0x33, 0x33, 0x58, 0x32, 0x22, 0x22, 0x22, 0x22, 
	0x22, 0x22, 0x22, 0x22, 0x36, 0xa4, 0x33, 0x5a, 
	0x33, 0x22, 0x22, 0x22, 0x22, 0x22, 0x22, 0x22, 
	0x22, 0x22, 0x22, 0x46, 0x42, 0x22, 0x32, 0x33, 
	0x33, 0x33, 0x43, 0x22, 0x23, 0x22, 0x22, 0x22, 
	0x23, 0x22, 0x22, 0x52, 0x35, 0x54, 0x33, 0x34, 
	0x32, 0x22, 0x22, 0x22, 0x22, 0x22, 0x22, 0x22, 
	0x22, 0x24, 0x22, 0x22, 0x33, 0x22, 0x23, 0x33, 
	0x47, 0x33, 0x22, 0x22, 0x22, 0x32, 0x22, 0x42, 
	0x22, 0x23, 0x22, 0x22, 0x33, 0x34, 0x33, 0x22, 
	0x22, 0x22, 0x22, 0x22, 0x22, 0x22, 0x22, 0x22, 
	0x22, 0x22, 0x22, 0x22, 0x22, 0x22, 0x22, 0x33, 
	0x44, 0x43, 0x22, 0x22, 0x22, 0x22, 0x22, 0x22, 
	0x22, 0x22, 0x22, 0x22, 0x33, 0x43, 0x32, 0x22, 
	0x22, 0x24, 0x22, 0x32, 0x22, 0x42, 0x22, 0x42, 
	0x22, 0x22, 0x22, 0x22, 0x22, 0x22, 0x22, 0x33, 
	0x33, 0x33, 0x42, 0x22, 0x22, 0x22, 0x22, 0x22, 
	0x22, 0x22, 0x22, 0x23, 0x33, 0x43, 0x32, 0x22, 
	0x22, 0x23, 0x23, 0x64, 0x42, 0x22, 0x22, 0x22, 
	0x22, 0x22, 0x22, 0x22, 0x22, 0x23, 0x32, 0x33, 
	0x33, 0x43, 0x22, 0x22, 0x22, 0x22, 0x22, 0x22, 
	0x22, 0x22, 0x22, 0x22, 0x23, 0x33, 0x22, 0x22, 
	0x22, 0x22, 0x35, 0xb9, 0x32, 0x22, 0x22, 0x22, 
	0x22, 0x24, 0x22, 0x24, 0x22, 0x22, 0x22, 0x33, 
	0x33, 0x33, 0x33, 0x22, 0x22, 0x22, 0x22, 0x22, 
	0x22, 0x22, 0x22, 0x22, 0x22, 0x22, 0x22, 0x22, 
	0x22, 0x24, 0x25, 0xb7, 0x32, 0x22, 0x22, 0x22, 
	0x22, 0x22, 0x33, 0x32, 0x22, 0x22, 0x22, 0x33, 
	0x36, 0x33, 0x53, 0x22, 0x22, 0x22, 0x22, 0x22, 
	0x24, 0x22, 0x22, 0x22, 0x22, 0x22, 0x42, 0x22, 
	0x32, 0x22, 0x34, 0x44, 0x22, 0x22, 0x22, 0x22, 
	0x22, 0x23, 0x56, 0x33, 0x22, 0x22, 0x34, 0x33, 
	0x35, 0x45, 0x43, 0x22, 0x23, 0x22, 0x22, 0x22, 
	0x22, 0x23, 0x32, 0x24, 0x22, 0x22, 0x22, 0x22, 
	0x22, 0x32, 0x32, 0x23, 0x22, 0x22, 0x22, 0x22, 
	0x22, 0x23, 0xab, 0x43, 0x33, 0x42, 0x23, 0x33, 
	0x48, 0x87, 0x33, 0x32, 0x22, 0x22, 0x32, 0x24, 
	0x22, 0x24, 0x82, 0x22, 0x22, 0x22, 0x25, 0x22, 
	0x22, 0x32, 0x24, 0x22, 0x34, 0x22, 0x22, 0x22, 
	0x22, 0x23, 0x67, 0x33, 0x22, 0x22, 0x23, 0x34, 
	0x6b, 0xd8, 0x43, 0x32, 0x22, 0x23, 0x82, 0x22, 
	0x42, 0x23, 0x32, 0x22, 0x22, 0x32, 0x33, 0x33, 
	0x22, 0x22, 0x22, 0x22, 0x22, 0x22, 0x32, 0x22, 
	0x32, 0x44, 0x33, 0x33, 0x22, 0x22, 0x23, 0x33, 
	0x5a, 0xb5, 0x43, 0x32, 0x22, 0x22, 0x22, 0x22, 
	0x22, 0x32, 0x23, 0x22, 0x22, 0x22, 0x33, 0x53, 
	0x22, 0x23, 0x22, 0x22, 0x22, 0x22, 0x22, 0x23, 
	0x84, 0x23, 0x33, 0x33, 0x32, 0x32, 0x24, 0x33, 
	0x55, 0x74, 0x43, 0x22, 0x23, 0x32, 0x22, 0x22, 
	0x22, 0x22, 0x22, 0x22, 0x22, 0x22, 0x33, 0x53, 
	0x32, 0x22, 0x22, 0x22, 0x22, 0x22, 0x22, 0x24, 
	0x73, 0x53, 0x33, 0x33, 0x33, 0x42, 0x23, 0x33, 
	0x43, 0x44, 0x33, 0x42, 0x22, 0x22, 0x22, 0x22, 
	0x22, 0x22, 0x22, 0x22, 0x22, 0x22, 0x23, 0x33, 
	0x22, 0x22, 0x22, 0x22, 0x22, 0x22, 0x22, 0x22, 
	0x32, 0x23, 0x33, 0x33, 0x33, 0x23, 0x22, 0x33, 
	0x33, 0x33, 0x32, 0x22, 0x22, 0x22, 0x22, 0x22, 
	0x22, 0x22, 0x22, 0x22, 0x22, 0x22, 0x22, 0x22, 
	0x22, 0x22, 0x43, 0x22, 0x22, 0x22, 0x22, 0x22, 
	0x22, 0x33, 0x33, 0x33, 0x43, 0x33, 0x43, 0x33, 
	0x43, 0x33, 0x22, 0x22, 0x22, 0x22, 0x22, 0x22, 
	0x22, 0x22, 0x22, 0x22, 0x23, 0x22, 0x22, 0x42, 
	0x22, 0x22, 0x22, 0x22, 0x22, 0x22, 0x24, 0x23, 
	0x33, 0x44, 0x66, 0x33, 0x33, 0x33, 0x33, 0x32, 
	0x22, 0x22, 0x25, 0x32, 0x22, 0x32, 0x22, 0x22, 
	0x42, 0x22, 0x32, 0x23, 0x22, 0x22, 0x53, 0x22, 
	0x43, 0x22, 0x22, 0x22, 0x23, 0x32, 0x22, 0x22, 
	0x23, 0x45, 0xc8, 0x46, 0x33, 0x33, 0x33, 0x22, 
	0x22, 0x23, 0x22, 0x32, 0x32, 0x22, 0x22, 0x23, 
	0x22, 0x22, 0x22, 0x23, 0x22, 0x23, 0xa4, 0x22, 
	0x22, 0x22, 0x22, 0x23, 0x22, 0x22, 0x22, 0x22, 
	0x23, 0x34, 0x85, 0x43, 0x33, 0x33, 0x52, 0x22, 
	0x42, 0x42, 0x22, 0x45, 0x32, 0x22, 0x22, 0x23, 
	0x22, 0x32, 0x22, 0x22, 0x22, 0x23, 0x32, 0x22, 
	0x22, 0x23, 0x32, 0x22, 0x22, 0x22, 0x42, 0x22, 
	0x23, 0x33, 0x44, 0x33, 0x33, 0x54, 0x73, 0x22, 
	0x22, 0x32, 0x23, 0x78, 0x32, 0x32, 0x22, 0x22, 
	0x22, 0x22, 0x22, 0x22, 0x22, 0x22, 0x23, 0x22, 
	0x22, 0x22, 0x22, 0x22, 0x22, 0x22, 0x22, 0x22, 
	0x23, 0x33, 0x33, 0x33, 0x33, 0x33, 0x32, 0x24, 
	0x22, 0x22, 0x43, 0x44, 0x22, 0x22, 0x22, 0x22, 
	0x22, 0x22, 0x22, 0x22, 0x22, 0x22, 0x22, 0x22, 
	0x22, 0x22, 0x22, 0x22, 0x22, 0x22, 0x22, 0x25, 
	0x23, 0x33, 0x33, 0x33, 0x22, 0x22, 0x22, 0x22, 
	0x22, 0x22, 0x23, 0x23, 0x22, 0x22, 0x22, 0x22, 
	0x22, 0x22, 0x22, 0x22, 0x23, 0x22, 0x22, 0x22, 
	0x22, 0x42, 0x22, 0x22, 0x22, 0x22, 0x32, 0x22, 
	0x23, 0x23, 0x33, 0x22, 0x22, 0x42, 0x22, 0x22, 
	0x22, 0x22, 0x32, 0x22, 0x32, 0x22, 0x22, 0x22, 
	0x22, 0x32, 0x22, 0x22, 0x23, 0x22, 0x22, 0x22, 
	0x22, 0x22, 0x22, 0x22, 0x23, 0x33, 0x33, 0x32, 
	0x22, 0x22, 0x24, 0x24, 0x32, 0x22, 0x22, 0x22, 
	0x22, 0x22, 0x22, 0x22, 0x22, 0x32, 0x22, 0x22, 
	0x42, 0x22, 0x42, 0x22, 0x22, 0x23, 0x22, 0x22, 
	0x22, 0x22, 0x22, 0x23, 0x33, 0x34, 0x33, 0x33, 
	0x32, 0x22, 0x22, 0x22, 0x22, 0x22, 0x32, 0x23, 
	0x22, 0x23, 0x22, 0x22, 0x42, 0x22, 0x42, 0x22, 
	0x22, 0x22, 0x22, 0x42, 0x22, 0x23, 0x22, 0x22, 
	0x22, 0x22, 0x27, 0x43, 0x33, 0x33, 0x33, 0x33, 
	0x32, 0x22, 0x22, 0x22, 0x22, 0x22, 0x32, 0x24, 
	0x22, 0x22, 0x22, 0x22, 0x22, 0x22, 0x22, 0x34, 
	0x24, 0x22, 0x22, 0x22, 0x22, 0x22, 0x22, 0x22, 
	0x22, 0x42, 0x35, 0x33, 0x33, 0x45, 0x43, 0x33, 
	0x52, 0x24, 0x22, 0x22, 0x22, 0x22, 0x22, 0x22, 
	0x24, 0x23, 0x53, 0x22, 0x23, 0x32, 0x22, 0x23, 
	0x22, 0x22, 0x22, 0x22, 0x23, 0x22, 0x23, 0x34, 
	0x34, 0x32, 0x33, 0x33, 0x33, 0x49, 0x84, 0x33, 
	0x32, 0x22, 0x22, 0x22, 0x22, 0x22, 0x22, 0x22, 
	0x22, 0x25, 0x95, 0x22, 0x22, 0x22, 0x22, 0x23, 
	0x22, 0x22, 0x23, 0x22, 0x22, 0x24, 0x23, 0x64, 
	0x64, 0x33, 0x23, 0x34, 0x33, 0x48, 0x94, 0x33, 
	0x32, 0x22, 0x22, 0x32, 0x22, 0x22, 0x22, 0x22, 
	0x22, 0x24, 0x32, 0x22, 0x22, 0x22, 0x23, 0x33, 
	0x32, 0x22, 0x22, 0x22, 0x22, 0x22, 0x35, 0xba, 
	0x94, 0x33, 0x33, 0x33, 0x33, 0x45, 0x54, 0x34, 
	0x32, 0x22, 0x22, 0x22, 0x22, 0x22, 0x22, 0x22, 
	0x22, 0x22, 0x22, 0x22, 0x22, 0x23, 0x22, 0x23, 
	0x32, 0x22, 0x25, 0x22, 0x22, 0x23, 0x49, 0xef, 
	0xb6, 0x43, 0x33, 0x33, 0x33, 0x34, 0x43, 0x33, 
	0x32, 0x22, 0x22, 0x22, 0x23, 0x22, 0x22, 0x22, 
	0x22, 0x22, 0x22, 0x22, 0x24, 0x22, 0x25, 0x33, 
	0x33, 0x22, 0x22, 0x22, 0x23, 0x22, 0x49, 0xee, 
	0xa5, 0x43, 0x33, 0x33, 0x53, 0x33, 0x33, 0x34, 
	0x43, 0x22, 0x22, 0x22, 0x22, 0x22, 0x22, 0x22, 
	0x42, 0x22, 0x22, 0x22, 0x24, 0x22, 0x22, 0x23, 
	0x32, 0x22, 0x22, 0x22, 0x22, 0x22, 0x38, 0xac, 
	0x64, 0x35, 0x33, 0x33, 0x33, 0x33, 0x33, 0x35, 
	0xa3, 0x23, 0x22, 0x22, 0x22, 0x22, 0x22, 0x22, 
	0x23, 0x33, 0x42, 0x23, 0x22, 0x22, 0x22, 0x33, 
	0x32, 0x33, 0x22, 0x22, 0x22, 0x22, 0x45, 0x46, 
	0x43, 0x33, 0x33, 0x43, 0x33, 0x33, 0x33, 0x34, 
	0x52, 0x22, 0x22, 0x22, 0x22, 0x22, 0x22, 0x22, 
	0x23, 0x73, 0x22, 0x22, 0x22, 0x23, 0x23, 0x33, 
	0x43, 0x22, 0x22, 0x22, 0x22, 0x23, 0x42, 0x33, 
	0x44, 0x33, 0x33, 0x33, 0x33, 0x33, 0x34, 0x33, 
	0x22, 0x22, 0x24, 0x22, 0x22, 0x23, 0x23, 0x32, 
	0x23, 0x33, 0x33, 0x22, 0x22, 0x22, 0x33, 0x33, 
	0x33, 0x22, 0x22, 0x22, 0x22, 0x22, 0x22, 0x22, 
	0x33, 0x33, 0x33, 0x33, 0x33, 0x33, 0x32, 0x23, 
	0x22, 0x22, 0x23, 0x23, 0x22, 0x32, 0x22, 0x22, 
	0x22, 0x32, 0x22, 0x23, 0x22, 0x24, 0x53, 0x33, 
	0x33, 0x22, 0x22, 0x23, 0x22, 0x22, 0x22, 0x22, 
	0x23, 0x33, 0x34, 0x33, 0x33, 0x33, 0x22, 0x22, 
	0x22, 0x32, 0x22, 0x35, 0x33, 0x43, 0x32, 0x22, 
	0x22, 0x22, 0x22, 0x22, 0x23, 0x25, 0x83, 0x34, 
	0x34, 0x22, 0x22, 0x22, 0x22, 0x22, 0x22, 0x22, 
	0x24, 0x43, 0x33, 0x33, 0x33, 0x33, 0x32, 0x22, 
	0x22, 0x22, 0x22, 0x23, 0x33, 0x76, 0x33, 0x32, 
	0x22, 0x22, 0x22, 0x22, 0x22, 0x23, 0x33, 0x33, 
	0x33, 0x22, 0x22, 0x32, 0x22, 0x22, 0x22, 0x23, 
	0x27, 0xa3, 0x33, 0x33, 0x33, 0x33, 0x32, 0x22, 
	0x22, 0x22, 0x22, 0x22, 0x35, 0xca, 0x33, 0x32, 
	0x22, 0x22, 0x22, 0x22, 0x22, 0x22, 0x33, 0x43, 
	0x33, 0x22, 0x22, 0x22, 0x42, 0x22, 0x22, 0x22, 
	0x24, 0x53, 0x33, 0x33, 0x33, 0x34, 0x22, 0x22, 
	0x22, 0x24, 0x23, 0x22, 0x34, 0x96, 0x22, 0x22, 
	0x22, 0x22, 0x22, 0x42, 0x22, 0x22, 0x33, 0x33, 
	0x33, 0x24, 0x22, 0x22, 0x22, 0x32, 0x22, 0x23, 
	0x33, 0x33, 0x33, 0x33, 0x33, 0x32, 0x24, 0x32, 
	0x22, 0x22, 0x22, 0x22, 0x24, 0x34, 0x22, 0x22, 
	0x42, 0x34, 0x22, 0x22, 0x22, 0x24, 0x33, 0x33, 
	0x33, 0x22, 0x22, 0x23, 0x32, 0x22, 0x22, 0x53, 
	0x33, 0x33, 0x33, 0x33, 0x33, 0x32, 0x22, 0x22, 
	0x22, 0x22, 0x22, 0x22, 0x22, 0x23, 0x32, 0x23, 
	0x22, 0x22, 0x24, 0x22, 0x22, 0x42, 0x33, 0x33, 
	0x44, 0x22, 0x22, 0x27, 0x73, 0x55, 0x33, 0x34, 
	0x33, 0x33, 0x33, 0x33, 0x33, 0x34, 0x22, 0x22, 
	0x22, 0x32, 0x22, 0x22, 0x25, 0x23, 0x43, 0x42, 
	0x22, 0x22, 0x22, 0x22, 0x22, 0x23, 0x33, 0x33, 
	0x33, 0x23, 0x22, 0x26, 0x63, 0x33, 0x33, 0x33, 
	0x33, 0x53, 0x33, 0x33, 0x33, 0x32, 0x22, 0x22, 
	0x42, 0x22, 0x22, 0x22, 0x22, 0x24, 0x98, 0x33, 
	0x22, 0x24, 0x22, 0x22, 0x42, 0x23, 0x33, 0x33, 
	0x33, 0x22, 0x23, 0x33, 0x32, 0x22, 0x32, 0x33, 
	0x33, 0x33, 0x33, 0x33, 0x88, 0x32, 0x23, 0x22, 
	0x22, 0x22, 0x42, 0x22, 0x22, 0x24, 0xc9, 0x42, 
	0x28, 0x42, 0x22, 0x22, 0x22, 0x22, 0x33, 0x43, 
	0x33, 0x22, 0x22, 0x22, 0x22, 0x22, 0x22, 0x24, 
	0x23, 0x33, 0x33, 0x33, 0x65, 0x32, 0x22, 0x22, 
	0x24, 0x22, 0x22, 0x32, 0x22, 0x45, 0x55, 0x22, 
	0x27, 0x42, 0x22, 0x22, 0x22, 0x23, 0x33, 0x33, 
	0x32, 0x25, 0x22, 0x22, 0x24, 0x22, 0x22, 0x22, 
	0x22, 0x33, 0x33, 0x33, 0x33, 0x22, 0x22, 0x22, 
	0x36, 0x22, 0x22, 0x22, 0x42, 0x32, 0x23, 0x23, 
	0x22, 0x32, 0x22, 0x22, 0x22, 0x39, 0x53, 0x33, 
	0x32, 0x22, 0x22, 0x23, 0x22, 0x22, 0x22, 0x22, 
	0x22, 0x22, 0x33, 0x33, 0x22, 0x24, 0x22, 0x22, 
	0x22, 0x22, 0x22, 0x22, 0x22, 0x22, 0x32, 0x22, 
	0x33, 0x32, 0x22, 0x22, 0x22, 0x34, 0x32, 0x23, 
	0x22, 0x22, 0x22, 0x22, 0x22, 0x22, 0x22, 0x22, 
	0x22, 0x22, 0x24, 0x22, 0x22, 0x22, 0x22, 0x22, 
	0x22, 0x22, 0x22, 0x22, 0x22, 0x22, 0x22, 0x22, 
	0x57, 0x22, 0x23, 0x32, 0x22, 0x32, 0x22, 0x23, 
	0x22, 0x23, 0x22, 0x37, 0x22, 0x42, 0x22, 0x24, 
	0x22, 0x42, 0x22, 0x22, 0x22, 0x22, 0x22, 0x23, 
	0x62, 0x22, 0x22, 0x22, 0x22, 0x22, 0x22, 0x22, 
	0x32, 0x22, 0x22, 0x22, 0x22, 0x22, 0x22, 0x23, 
	0x23, 0x22, 0x22, 0x34, 0x22, 0x22, 0x22, 0x22, 
	0x22, 0x32, 0x22, 0x22, 0x22, 0x22, 0x22, 0x22, 
	0x32, 0x22, 0x22, 0x22, 0x22, 0x22, 0x22, 0x22, 
	0x22, 0x23, 0x22, 0x22, 0x32, 0x22, 0x22, 0x23, 
	0x22, 0x22, 0x24, 0x22, 0x23, 0x22, 0x22, 0x22, 
	0x22, 0x24, 0x22, 0x22, 0x32, 0x42, 0x24, 0x22, 
	0x22, 0x22, 0x23, 0x22, 0x33, 0x22, 0x22, 0x22, 
	0x22, 0x22, 0x22, 0x22, 0x22, 0x22, 0x24, 0x22, 
	
};

Vtx Intro_Cube_mesh_vtx_cull[8] = {
	{{ {-1438, -595, -677}, 0, {0, 0}, {0, 0, 0, 0} }},
	{{ {-1438, -595, 717}, 0, {0, 0}, {0, 0, 0, 0} }},
	{{ {-1438, 2527, 717}, 0, {0, 0}, {0, 0, 0, 0} }},
	{{ {-1438, 2527, -677}, 0, {0, 0}, {0, 0, 0, 0} }},
	{{ {1280, -595, -677}, 0, {0, 0}, {0, 0, 0, 0} }},
	{{ {1280, -595, 717}, 0, {0, 0}, {0, 0, 0, 0} }},
	{{ {1280, 2527, 717}, 0, {0, 0}, {0, 0, 0, 0} }},
	{{ {1280, 2527, -677}, 0, {0, 0}, {0, 0, 0, 0} }},
};

Vtx Intro_Cube_mesh_vtx_0[717] = {
	{{ {377, 688, 354}, 0, {1345, 917}, {0, 0, 0, 255} }},
	{{ {449, 720, 336}, 0, {1409, 861}, {0, 0, 0, 255} }},
	{{ {383, 717, 337}, 0, {1350, 866}, {0, 0, 0, 255} }},
	{{ {442, 688, 355}, 0, {1403, 918}, {0, 0, 0, 255} }},
	{{ {480, 778, 301}, 0, {1435, 761}, {0, 0, 0, 255} }},
	{{ {456, 644, 380}, 0, {1415, 994}, {0, 0, 0, 255} }},
	{{ {437, 646, 379}, 0, {1399, 990}, {0, 0, 0, 255} }},
	{{ {460, 622, 394}, 0, {1418, 1033}, {0, 0, 0, 255} }},
	{{ {390, 605, 404}, 0, {1357, 1062}, {0, 0, 0, 255} }},
	{{ {374, 645, 380}, 0, {1343, 992}, {0, 0, 0, 255} }},
	{{ {471, 646, 379}, 0, {1428, 990}, {0, 0, 0, 255} }},
	{{ {502, 551, 435}, 0, {1455, 1156}, {0, 0, 0, 255} }},
	{{ {475, 570, 424}, 0, {1431, 1124}, {0, 0, 0, 255} }},
	{{ {310, 538, 443}, 0, {1287, 1179}, {0, 0, 0, 255} }},
	{{ {325, 559, 431}, 0, {1300, 1142}, {0, 0, 0, 255} }},
	{{ {285, 637, 385}, 0, {1265, 1006}, {0, 0, 0, 255} }},
	{{ {303, 634, 386}, 0, {1281, 1011}, {0, 0, 0, 255} }},
	{{ {311, 782, 299}, 0, {1288, 753}, {0, 0, 0, 255} }},
	{{ {325, 759, 313}, 0, {1300, 794}, {0, 0, 0, 255} }},
	{{ {456, 757, 314}, 0, {1415, 797}, {0, 0, 0, 255} }},
	{{ {480, 677, 131}, 0, {1435, 937}, {0, 0, 0, 255} }},
	{{ {456, 543, 210}, 0, {1415, 1170}, {0, 0, 0, 255} }},
	{{ {471, 545, 209}, 0, {1428, 1166}, {0, 0, 0, 255} }},
	{{ {502, 451, 265}, 0, {1455, 1332}, {0, 0, 0, 255} }},
	{{ {310, 437, 273}, 0, {1287, 1355}, {0, 0, 0, 255} }},
	{{ {285, 536, 214}, 0, {1265, 1182}, {0, 0, 0, 255} }},
	{{ {311, 681, 129}, 0, {1288, 929}, {0, 0, 0, 255} }},
	{{ {310, 396, 607}, 0, {1287, 1428}, {0, 0, 0, 255} }},
	{{ {383, 428, 588}, 0, {1351, 1372}, {0, 0, 0, 255} }},
	{{ {315, 425, 590}, 0, {1292, 1377}, {0, 0, 0, 255} }},
	{{ {376, 395, 607}, 0, {1344, 1429}, {0, 0, 0, 255} }},
	{{ {413, 486, 554}, 0, {1377, 1271}, {0, 0, 0, 255} }},
	{{ {413, 486, 554}, 0, {1377, 1271}, {0, 0, 0, 255} }},
	{{ {376, 395, 607}, 0, {1344, 1429}, {0, 0, 0, 255} }},
	{{ {390, 351, 633}, 0, {1357, 1506}, {0, 0, 0, 255} }},
	{{ {371, 353, 632}, 0, {1340, 1502}, {0, 0, 0, 255} }},
	{{ {394, 329, 647}, 0, {1360, 1545}, {0, 0, 0, 255} }},
	{{ {323, 312, 657}, 0, {1299, 1575}, {0, 0, 0, 255} }},
	{{ {307, 352, 633}, 0, {1284, 1504}, {0, 0, 0, 255} }},
	{{ {404, 353, 632}, 0, {1369, 1502}, {0, 0, 0, 255} }},
	{{ {436, 258, 689}, 0, {1397, 1669}, {0, 0, 0, 255} }},
	{{ {409, 277, 678}, 0, {1373, 1637}, {0, 0, 0, 255} }},
	{{ {242, 245, 697}, 0, {1227, 1693}, {0, 0, 0, 255} }},
	{{ {258, 266, 684}, 0, {1241, 1656}, {0, 0, 0, 255} }},
	{{ {217, 344, 638}, 0, {1206, 1518}, {0, 0, 0, 255} }},
	{{ {235, 341, 639}, 0, {1221, 1523}, {0, 0, 0, 255} }},
	{{ {244, 490, 551}, 0, {1229, 1263}, {0, 0, 0, 255} }},
	{{ {257, 467, 565}, 0, {1241, 1304}, {0, 0, 0, 255} }},
	{{ {389, 465, 566}, 0, {1356, 1308}, {0, 0, 0, 255} }},
	{{ {383, 428, 588}, 0, {1351, 1372}, {0, 0, 0, 255} }},
	{{ {413, 326, 284}, 0, {1377, 1550}, {0, 0, 0, 255} }},
	{{ {390, 192, 364}, 0, {1357, 1785}, {0, 0, 0, 255} }},
	{{ {404, 194, 363}, 0, {1369, 1781}, {0, 0, 0, 255} }},
	{{ {436, 98, 419}, 0, {1397, 1949}, {0, 0, 0, 255} }},
	{{ {242, 85, 427}, 0, {1227, 1972}, {0, 0, 0, 255} }},
	{{ {217, 185, 368}, 0, {1206, 1798}, {0, 0, 0, 255} }},
	{{ {244, 331, 282}, 0, {1229, 1542}, {0, 0, 0, 255} }},
	{{ {1022, 376, 619}, 0, {1911, 1463}, {0, 0, 0, 255} }},
	{{ {1102, 411, 598}, 0, {1981, 1402}, {0, 0, 0, 255} }},
	{{ {1028, 408, 600}, 0, {1916, 1407}, {0, 0, 0, 255} }},
	{{ {1094, 375, 619}, 0, {1974, 1464}, {0, 0, 0, 255} }},
	{{ {1136, 475, 560}, 0, {2010, 1290}, {0, 0, 0, 255} }},
	{{ {1110, 327, 648}, 0, {1988, 1548}, {0, 0, 0, 255} }},
	{{ {1089, 330, 646}, 0, {1969, 1544}, {0, 0, 0, 255} }},
	{{ {1089, 330, 646}, 0, {1969, 1544}, {0, 0, 0, 255} }},
	{{ {1114, 303, 662}, 0, {1991, 1591}, {0, 0, 0, 255} }},
	{{ {1110, 327, 648}, 0, {1988, 1548}, {0, 0, 0, 255} }},
	{{ {1037, 284, 673}, 0, {1924, 1623}, {0, 0, 0, 255} }},
	{{ {1019, 328, 647}, 0, {1908, 1546}, {0, 0, 0, 255} }},
	{{ {1126, 330, 646}, 0, {2002, 1544}, {0, 0, 0, 255} }},
	{{ {1160, 225, 708}, 0, {2032, 1727}, {0, 0, 0, 255} }},
	{{ {1130, 245, 696}, 0, {2006, 1692}, {0, 0, 0, 255} }},
	{{ {948, 210, 717}, 0, {1846, 1753}, {0, 0, 0, 255} }},
	{{ {965, 233, 703}, 0, {1861, 1712}, {0, 0, 0, 255} }},
	{{ {921, 319, 652}, 0, {1822, 1562}, {0, 0, 0, 255} }},
	{{ {940, 316, 654}, 0, {1839, 1567}, {0, 0, 0, 255} }},
	{{ {950, 480, 557}, 0, {1847, 1281}, {0, 0, 0, 255} }},
	{{ {964, 454, 573}, 0, {1860, 1327}, {0, 0, 0, 255} }},
	{{ {1136, 475, 560}, 0, {2010, 1290}, {0, 0, 0, 255} }},
	{{ {1109, 451, 574}, 0, {1987, 1331}, {0, 0, 0, 255} }},
	{{ {1102, 411, 598}, 0, {1981, 1402}, {0, 0, 0, 255} }},
	{{ {1136, 315, 291}, 0, {2010, 1569}, {0, 0, 0, 255} }},
	{{ {1110, 168, 378}, 0, {1988, 1827}, {0, 0, 0, 255} }},
	{{ {1126, 170, 377}, 0, {2002, 1823}, {0, 0, 0, 255} }},
	{{ {1160, 65, 439}, 0, {2032, 2007}, {0, 0, 0, 255} }},
	{{ {948, 50, 447}, 0, {1846, 2032}, {0, 0, 0, 255} }},
	{{ {921, 160, 383}, 0, {1822, 1841}, {0, 0, 0, 255} }},
	{{ {950, 320, 288}, 0, {1847, 1561}, {0, 0, 0, 255} }},
	{{ {-432, 1055, 204}, 0, {637, 286}, {0, 0, 0, 255} }},
	{{ {-403, 971, 254}, 0, {662, 433}, {0, 0, 0, 255} }},
	{{ {-385, 976, 251}, 0, {678, 425}, {0, 0, 0, 255} }},
	{{ {-436, 1020, 225}, 0, {634, 347}, {0, 0, 0, 255} }},
	{{ {-502, 992, 242}, 0, {575, 397}, {0, 0, 0, 255} }},
	{{ {-510, 959, 261}, 0, {569, 454}, {0, 0, 0, 255} }},
	{{ {-556, 1073, 194}, 0, {528, 255}, {0, 0, 0, 255} }},
	{{ {-553, 1020, 225}, 0, {531, 347}, {0, 0, 0, 255} }},
	{{ {-625, 907, 292}, 0, {468, 544}, {0, 0, 0, 255} }},
	{{ {-553, 1020, 225}, 0, {531, 347}, {0, 0, 0, 255} }},
	{{ {-556, 1073, 194}, 0, {528, 255}, {0, 0, 0, 255} }},
	{{ {-609, 880, 308}, 0, {482, 592}, {0, 0, 0, 255} }},
	{{ {-730, 928, 280}, 0, {376, 508}, {0, 0, 0, 255} }},
	{{ {-766, 906, 293}, 0, {344, 547}, {0, 0, 0, 255} }},
	{{ {-581, 1204, 116}, 0, {506, 25}, {0, 0, 0, 255} }},
	{{ {-593, 1228, 102}, 0, {495, -16}, {0, 0, 0, 255} }},
	{{ {-500, 1196, 121}, 0, {577, 40}, {0, 0, 0, 255} }},
	{{ {-484, 1222, 106}, 0, {591, -6}, {0, 0, 0, 255} }},
	{{ {-479, 1124, 163}, 0, {596, 165}, {0, 0, 0, 255} }},
	{{ {-471, 1174, 134}, 0, {602, 79}, {0, 0, 0, 255} }},
	{{ {-440, 1220, 107}, 0, {630, -2}, {0, 0, 0, 255} }},
	{{ {-427, 1194, 122}, 0, {641, 43}, {0, 0, 0, 255} }},
	{{ {-352, 1191, 124}, 0, {707, 49}, {0, 0, 0, 255} }},
	{{ {-338, 1211, 112}, 0, {719, 13}, {0, 0, 0, 255} }},
	{{ {-283, 910, 290}, 0, {767, 540}, {0, 0, 0, 255} }},
	{{ {-255, 889, 303}, 0, {792, 576}, {0, 0, 0, 255} }},
	{{ {-390, 897, 298}, 0, {674, 563}, {0, 0, 0, 255} }},
	{{ {-419, 870, 314}, 0, {648, 609}, {0, 0, 0, 255} }},
	{{ {-385, 976, 251}, 0, {678, 425}, {0, 0, 0, 255} }},
	{{ {-403, 971, 254}, 0, {662, 433}, {0, 0, 0, 255} }},
	{{ {-403, 811, -15}, 0, {662, 712}, {0, 0, 0, 255} }},
	{{ {-436, 861, -45}, 0, {634, 626}, {0, 0, 0, 255} }},
	{{ {-436, 1020, 225}, 0, {634, 347}, {0, 0, 0, 255} }},
	{{ {-510, 800, -8}, 0, {569, 733}, {0, 0, 0, 255} }},
	{{ {-510, 959, 261}, 0, {569, 454}, {0, 0, 0, 255} }},
	{{ {-553, 861, -45}, 0, {531, 626}, {0, 0, 0, 255} }},
	{{ {-609, 721, 38}, 0, {482, 871}, {0, 0, 0, 255} }},
	{{ {-766, 746, 23}, 0, {344, 826}, {0, 0, 0, 255} }},
	{{ {-593, 1068, -168}, 0, {495, 263}, {0, 0, 0, 255} }},
	{{ {-484, 1062, -164}, 0, {591, 274}, {0, 0, 0, 255} }},
	{{ {-484, 1222, 106}, 0, {591, -6}, {0, 0, 0, 255} }},
	{{ {-471, 1014, -135}, 0, {602, 358}, {0, 0, 0, 255} }},
	{{ {-484, 1062, -164}, 0, {591, 274}, {0, 0, 0, 255} }},
	{{ {-471, 1174, 134}, 0, {602, 79}, {0, 0, 0, 255} }},
	{{ {-440, 1060, -163}, 0, {630, 277}, {0, 0, 0, 255} }},
	{{ {-440, 1220, 107}, 0, {630, -2}, {0, 0, 0, 255} }},
	{{ {-338, 1051, -158}, 0, {719, 293}, {0, 0, 0, 255} }},
	{{ {-338, 1211, 112}, 0, {719, 13}, {0, 0, 0, 255} }},
	{{ {-255, 729, 33}, 0, {792, 856}, {0, 0, 0, 255} }},
	{{ {-255, 889, 303}, 0, {792, 576}, {0, 0, 0, 255} }},
	{{ {-419, 711, 44}, 0, {648, 888}, {0, 0, 0, 255} }},
	{{ {-419, 870, 314}, 0, {648, 609}, {0, 0, 0, 255} }},
	{{ {-403, 811, -15}, 0, {662, 712}, {0, 0, 0, 255} }},
	{{ {260, 1195, 131}, 0, {1244, 46}, {0, 0, 0, 255} }},
	{{ {324, 1201, 127}, 0, {1300, 35}, {0, 0, 0, 255} }},
	{{ {340, 1226, 113}, 0, {1313, -8}, {0, 0, 0, 255} }},
	{{ {419, 890, 311}, 0, {1383, 579}, {0, 0, 0, 255} }},
	{{ {392, 910, 299}, 0, {1358, 543}, {0, 0, 0, 255} }},
	{{ {244, 868, 324}, 0, {1230, 617}, {0, 0, 0, 255} }},
	{{ {268, 897, 307}, 0, {1251, 567}, {0, 0, 0, 255} }},
	{{ {243, 1215, 119}, 0, {1228, 11}, {0, 0, 0, 255} }},
	{{ {340, 1066, -157}, 0, {1313, 271}, {0, 0, 0, 255} }},
	{{ {419, 731, 42}, 0, {1383, 858}, {0, 0, 0, 255} }},
	{{ {244, 709, 55}, 0, {1230, 896}, {0, 0, 0, 255} }},
	{{ {243, 1055, -150}, 0, {1228, 290}, {0, 0, 0, 255} }},
	{{ {495, 1023, 214}, 0, {1449, 332}, {0, 0, 0, 255} }},
	{{ {543, 1063, 190}, 0, {1491, 262}, {0, 0, 0, 255} }},
	{{ {530, 1091, 173}, 0, {1479, 213}, {0, 0, 0, 255} }},
	{{ {525, 1032, 208}, 0, {1475, 316}, {0, 0, 0, 255} }},
	{{ {548, 1011, 221}, 0, {1496, 353}, {0, 0, 0, 255} }},
	{{ {540, 983, 237}, 0, {1489, 401}, {0, 0, 0, 255} }},
	{{ {570, 1019, 216}, 0, {1514, 338}, {0, 0, 0, 255} }},
	{{ {540, 983, 237}, 0, {1489, 401}, {0, 0, 0, 255} }},
	{{ {595, 996, 230}, 0, {1537, 379}, {0, 0, 0, 255} }},
	{{ {570, 1019, 216}, 0, {1514, 338}, {0, 0, 0, 255} }},
	{{ {574, 1052, 196}, 0, {1518, 281}, {0, 0, 0, 255} }},
	{{ {600, 1066, 188}, 0, {1541, 256}, {0, 0, 0, 255} }},
	{{ {543, 1063, 190}, 0, {1491, 262}, {0, 0, 0, 255} }},
	{{ {530, 1091, 173}, 0, {1479, 213}, {0, 0, 0, 255} }},
	{{ {543, 903, -80}, 0, {1491, 541}, {0, 0, 0, 255} }},
	{{ {525, 872, -61}, 0, {1475, 595}, {0, 0, 0, 255} }},
	{{ {525, 1032, 208}, 0, {1475, 316}, {0, 0, 0, 255} }},
	{{ {548, 851, -49}, 0, {1496, 632}, {0, 0, 0, 255} }},
	{{ {548, 1011, 221}, 0, {1496, 353}, {0, 0, 0, 255} }},
	{{ {570, 860, -54}, 0, {1514, 617}, {0, 0, 0, 255} }},
	{{ {574, 892, -73}, 0, {1518, 560}, {0, 0, 0, 255} }},
	{{ {614, 1166, 129}, 0, {1553, 81}, {0, 0, 0, 255} }},
	{{ {699, 1075, 183}, 0, {1628, 241}, {0, 0, 0, 255} }},
	{{ {722, 1081, 179}, 0, {1648, 231}, {0, 0, 0, 255} }},
	{{ {687, 911, 280}, 0, {1617, 528}, {0, 0, 0, 255} }},
	{{ {706, 891, 292}, 0, {1634, 563}, {0, 0, 0, 255} }},
	{{ {522, 870, 304}, 0, {1472, 598}, {0, 0, 0, 255} }},
	{{ {517, 842, 321}, 0, {1468, 648}, {0, 0, 0, 255} }},
	{{ {395, 980, 239}, 0, {1361, 407}, {0, 0, 0, 255} }},
	{{ {372, 962, 250}, 0, {1342, 438}, {0, 0, 0, 255} }},
	{{ {411, 1118, 157}, 0, {1376, 166}, {0, 0, 0, 255} }},
	{{ {393, 1133, 149}, 0, {1360, 139}, {0, 0, 0, 255} }},
	{{ {504, 1184, 118}, 0, {1457, 50}, {0, 0, 0, 255} }},
	{{ {504, 1208, 104}, 0, {1457, 9}, {0, 0, 0, 255} }},
	{{ {623, 1192, 114}, 0, {1561, 37}, {0, 0, 0, 255} }},
	{{ {722, 921, -90}, 0, {1648, 510}, {0, 0, 0, 255} }},
	{{ {706, 731, 22}, 0, {1634, 842}, {0, 0, 0, 255} }},
	{{ {517, 682, 51}, 0, {1468, 927}, {0, 0, 0, 255} }},
	{{ {372, 802, -20}, 0, {1342, 717}, {0, 0, 0, 255} }},
	{{ {372, 962, 250}, 0, {1342, 438}, {0, 0, 0, 255} }},
	{{ {393, 973, -121}, 0, {1360, 419}, {0, 0, 0, 255} }},
	{{ {372, 802, -20}, 0, {1342, 717}, {0, 0, 0, 255} }},
	{{ {393, 1133, 149}, 0, {1360, 139}, {0, 0, 0, 255} }},
	{{ {504, 1048, -165}, 0, {1457, 288}, {0, 0, 0, 255} }},
	{{ {504, 1208, 104}, 0, {1457, 9}, {0, 0, 0, 255} }},
	{{ {623, 1032, -156}, 0, {1561, 316}, {0, 0, 0, 255} }},
	{{ {623, 1192, 114}, 0, {1561, 37}, {0, 0, 0, 255} }},
	{{ {722, 921, -90}, 0, {1648, 510}, {0, 0, 0, 255} }},
	{{ {139, 1105, 165}, 0, {1137, 188}, {0, 0, 0, 255} }},
	{{ {46, 1145, 141}, 0, {1056, 118}, {0, 0, 0, 255} }},
	{{ {68, 1111, 162}, 0, {1075, 178}, {0, 0, 0, 255} }},
	{{ {43, 1058, 193}, 0, {1053, 270}, {0, 0, 0, 255} }},
	{{ {67, 1077, 182}, 0, {1074, 237}, {0, 0, 0, 255} }},
	{{ {82, 1047, 199}, 0, {1087, 290}, {0, 0, 0, 255} }},
	{{ {78, 1073, 184}, 0, {1084, 245}, {0, 0, 0, 255} }},
	{{ {99, 1098, 169}, 0, {1102, 201}, {0, 0, 0, 255} }},
	{{ {68, 951, -108}, 0, {1075, 457}, {0, 0, 0, 255} }},
	{{ {67, 917, -88}, 0, {1074, 517}, {0, 0, 0, 255} }},
	{{ {78, 913, -85}, 0, {1084, 524}, {0, 0, 0, 255} }},
	{{ {99, 938, -100}, 0, {1102, 480}, {0, 0, 0, 255} }},
	{{ {-34, 900, 286}, 0, {985, 546}, {0, 0, 0, 255} }},
	{{ {-42, 929, 269}, 0, {979, 497}, {0, 0, 0, 255} }},
	{{ {-65, 876, 300}, 0, {958, 588}, {0, 0, 0, 255} }},
	{{ {-44, 1209, 103}, 0, {977, 6}, {0, 0, 0, 255} }},
	{{ {-27, 1185, 117}, 0, {991, 48}, {0, 0, 0, 255} }},
	{{ {129, 1188, 116}, 0, {1129, 42}, {0, 0, 0, 255} }},
	{{ {137, 1213, 101}, 0, {1135, -1}, {0, 0, 0, 255} }},
	{{ {215, 1126, 152}, 0, {1204, 151}, {0, 0, 0, 255} }},
	{{ {238, 1137, 146}, 0, {1224, 133}, {0, 0, 0, 255} }},
	{{ {197, 1035, 207}, 0, {1188, 311}, {0, 0, 0, 255} }},
	{{ {217, 1018, 217}, 0, {1205, 340}, {0, 0, 0, 255} }},
	{{ {143, 1004, 225}, 0, {1140, 365}, {0, 0, 0, 255} }},
	{{ {217, 1018, 217}, 0, {1205, 340}, {0, 0, 0, 255} }},
	{{ {197, 1035, 207}, 0, {1188, 311}, {0, 0, 0, 255} }},
	{{ {186, 1001, 227}, 0, {1178, 370}, {0, 0, 0, 255} }},
	{{ {236, 927, 271}, 0, {1222, 500}, {0, 0, 0, 255} }},
	{{ {283, 917, 276}, 0, {1263, 517}, {0, 0, 0, 255} }},
	{{ {143, 890, 293}, 0, {1141, 565}, {0, 0, 0, 255} }},
	{{ {137, 862, 309}, 0, {1135, 614}, {0, 0, 0, 255} }},
	{{ {45, 997, 229}, 0, {1055, 376}, {0, 0, 0, 255} }},
	{{ {67, 941, 262}, 0, {1074, 474}, {0, 0, 0, 255} }},
	{{ {46, 906, 283}, 0, {1056, 536}, {0, 0, 0, 255} }},
	{{ {66, 879, 299}, 0, {1073, 584}, {0, 0, 0, 255} }},
	{{ {-34, 900, 286}, 0, {985, 546}, {0, 0, 0, 255} }},
	{{ {-65, 876, 300}, 0, {958, 588}, {0, 0, 0, 255} }},
	{{ {-65, 717, 31}, 0, {958, 867}, {0, 0, 0, 255} }},
	{{ {-44, 1050, -166}, 0, {977, 285}, {0, 0, 0, 255} }},
	{{ {-44, 1209, 103}, 0, {977, 6}, {0, 0, 0, 255} }},
	{{ {137, 1053, -169}, 0, {1135, 278}, {0, 0, 0, 255} }},
	{{ {137, 1213, 101}, 0, {1135, -1}, {0, 0, 0, 255} }},
	{{ {238, 977, -123}, 0, {1224, 412}, {0, 0, 0, 255} }},
	{{ {238, 1137, 146}, 0, {1224, 133}, {0, 0, 0, 255} }},
	{{ {217, 858, -53}, 0, {1205, 620}, {0, 0, 0, 255} }},
	{{ {186, 841, -43}, 0, {1178, 649}, {0, 0, 0, 255} }},
	{{ {283, 757, 7}, 0, {1263, 796}, {0, 0, 0, 255} }},
	{{ {137, 702, 40}, 0, {1135, 893}, {0, 0, 0, 255} }},
	{{ {67, 782, -8}, 0, {1074, 753}, {0, 0, 0, 255} }},
	{{ {66, 719, 29}, 0, {1073, 863}, {0, 0, 0, 255} }},
	{{ {-204, 1055, 175}, 0, {836, 276}, {0, 0, 0, 255} }},
	{{ {-180, 1023, 194}, 0, {858, 332}, {0, 0, 0, 255} }},
	{{ {-184, 1091, 154}, 0, {854, 213}, {0, 0, 0, 255} }},
	{{ {-232, 1061, 172}, 0, {812, 265}, {0, 0, 0, 255} }},
	{{ {-204, 895, -94}, 0, {836, 555}, {0, 0, 0, 255} }},
	{{ {-204, 1055, 175}, 0, {836, 276}, {0, 0, 0, 255} }},
	{{ {-205, 912, -104}, 0, {835, 526}, {0, 0, 0, 255} }},
	{{ {-204, 895, -94}, 0, {836, 555}, {0, 0, 0, 255} }},
	{{ {-205, 1072, 165}, 0, {835, 246}, {0, 0, 0, 255} }},
	{{ {-184, 1091, 154}, 0, {854, 213}, {0, 0, 0, 255} }},
	{{ {-230, 1102, 147}, 0, {814, 193}, {0, 0, 0, 255} }},
	{{ {-222, 1076, 163}, 0, {821, 239}, {0, 0, 0, 255} }},
	{{ {-232, 1061, 172}, 0, {812, 265}, {0, 0, 0, 255} }},
	{{ {-271, 1043, 182}, 0, {778, 296}, {0, 0, 0, 255} }},
	{{ {-180, 1023, 194}, 0, {858, 332}, {0, 0, 0, 255} }},
	{{ {-232, 902, -98}, 0, {812, 544}, {0, 0, 0, 255} }},
	{{ {-222, 916, -107}, 0, {821, 518}, {0, 0, 0, 255} }},
	{{ {-229, 1197, 91}, 0, {815, 27}, {0, 0, 0, 255} }},
	{{ {-141, 1188, 97}, 0, {892, 43}, {0, 0, 0, 255} }},
	{{ {-127, 1207, 85}, 0, {904, 9}, {0, 0, 0, 255} }},
	{{ {-23, 864, 288}, 0, {995, 609}, {0, 0, 0, 255} }},
	{{ {-55, 891, 273}, 0, {967, 563}, {0, 0, 0, 255} }},
	{{ {-178, 887, 275}, 0, {859, 570}, {0, 0, 0, 255} }},
	{{ {-203, 858, 292}, 0, {837, 620}, {0, 0, 0, 255} }},
	{{ {-204, 939, 244}, 0, {837, 479}, {0, 0, 0, 255} }},
	{{ {-179, 961, 231}, 0, {858, 440}, {0, 0, 0, 255} }},
	{{ {-283, 957, 233}, 0, {767, 446}, {0, 0, 0, 255} }},
	{{ {-285, 984, 218}, 0, {766, 400}, {0, 0, 0, 255} }},
	{{ {-336, 884, 276}, 0, {720, 574}, {0, 0, 0, 255} }},
	{{ {-348, 916, 258}, 0, {710, 518}, {0, 0, 0, 255} }},
	{{ {-469, 927, 251}, 0, {604, 499}, {0, 0, 0, 255} }},
	{{ {-424, 942, 242}, 0, {644, 474}, {0, 0, 0, 255} }},
	{{ {-240, 1222, 77}, 0, {805, -16}, {0, 0, 0, 255} }},
	{{ {-127, 1048, -184}, 0, {904, 289}, {0, 0, 0, 255} }},
	{{ {-23, 705, 19}, 0, {995, 888}, {0, 0, 0, 255} }},
	{{ {-203, 698, 22}, 0, {837, 899}, {0, 0, 0, 255} }},
	{{ {-204, 779, -25}, 0, {837, 758}, {0, 0, 0, 255} }},
	{{ {-204, 939, 244}, 0, {837, 479}, {0, 0, 0, 255} }},
	{{ {-283, 798, -36}, 0, {767, 726}, {0, 0, 0, 255} }},
	{{ {-204, 779, -25}, 0, {837, 758}, {0, 0, 0, 255} }},
	{{ {-283, 957, 233}, 0, {767, 446}, {0, 0, 0, 255} }},
	{{ {-336, 725, 7}, 0, {720, 853}, {0, 0, 0, 255} }},
	{{ {-336, 884, 276}, 0, {720, 574}, {0, 0, 0, 255} }},
	{{ {-469, 767, -18}, 0, {604, 779}, {0, 0, 0, 255} }},
	{{ {-469, 927, 251}, 0, {604, 499}, {0, 0, 0, 255} }},
	{{ {-240, 1062, -193}, 0, {805, 263}, {0, 0, 0, 255} }},
	{{ {-240, 1222, 77}, 0, {805, -16}, {0, 0, 0, 255} }},
	{{ {-127, 1048, -184}, 0, {904, 289}, {0, 0, 0, 255} }},
	{{ {-330, 770, 299}, 0, {726, 775}, {0, 0, 0, 255} }},
	{{ {-265, 673, 356}, 0, {783, 944}, {0, 0, 0, 255} }},
	{{ {-275, 712, 334}, 0, {775, 876}, {0, 0, 0, 255} }},
	{{ {-264, 770, 299}, 0, {784, 773}, {0, 0, 0, 255} }},
	{{ {-274, 783, 291}, 0, {775, 751}, {0, 0, 0, 255} }},
	{{ {-206, 778, 294}, 0, {835, 760}, {0, 0, 0, 255} }},
	{{ {-218, 768, 300}, 0, {824, 777}, {0, 0, 0, 255} }},
	{{ {-201, 565, 420}, 0, {840, 1132}, {0, 0, 0, 255} }},
	{{ {-211, 580, 411}, 0, {830, 1106}, {0, 0, 0, 255} }},
	{{ {-261, 569, 418}, 0, {786, 1125}, {0, 0, 0, 255} }},
	{{ {-254, 584, 409}, 0, {793, 1099}, {0, 0, 0, 255} }},
	{{ {-315, 650, 370}, 0, {740, 985}, {0, 0, 0, 255} }},
	{{ {-324, 684, 350}, 0, {732, 925}, {0, 0, 0, 255} }},
	{{ {-317, 578, 413}, 0, {738, 1109}, {0, 0, 0, 255} }},
	{{ {-327, 595, 403}, 0, {729, 1080}, {0, 0, 0, 255} }},
	{{ {-393, 583, 410}, 0, {671, 1101}, {0, 0, 0, 255} }},
	{{ {-381, 597, 401}, 0, {682, 1076}, {0, 0, 0, 255} }},
	{{ {-377, 786, 290}, 0, {685, 746}, {0, 0, 0, 255} }},
	{{ {-367, 770, 299}, 0, {694, 773}, {0, 0, 0, 255} }},
	{{ {-323, 784, 291}, 0, {732, 749}, {0, 0, 0, 255} }},
	{{ {-275, 611, 163}, 0, {775, 1052}, {0, 0, 0, 255} }},
	{{ {-275, 712, 334}, 0, {775, 876}, {0, 0, 0, 255} }},
	{{ {-274, 682, 121}, 0, {775, 927}, {0, 0, 0, 255} }},
	{{ {-275, 611, 163}, 0, {775, 1052}, {0, 0, 0, 255} }},
	{{ {-274, 783, 291}, 0, {775, 751}, {0, 0, 0, 255} }},
	{{ {-206, 677, 124}, 0, {835, 936}, {0, 0, 0, 255} }},
	{{ {-206, 778, 294}, 0, {835, 760}, {0, 0, 0, 255} }},
	{{ {-201, 464, 250}, 0, {840, 1309}, {0, 0, 0, 255} }},
	{{ {-201, 565, 420}, 0, {840, 1132}, {0, 0, 0, 255} }},
	{{ {-261, 468, 248}, 0, {786, 1302}, {0, 0, 0, 255} }},
	{{ {-261, 569, 418}, 0, {786, 1125}, {0, 0, 0, 255} }},
	{{ {-315, 549, 200}, 0, {740, 1161}, {0, 0, 0, 255} }},
	{{ {-315, 650, 370}, 0, {740, 985}, {0, 0, 0, 255} }},
	{{ {-317, 477, 242}, 0, {738, 1286}, {0, 0, 0, 255} }},
	{{ {-317, 578, 413}, 0, {738, 1109}, {0, 0, 0, 255} }},
	{{ {-393, 482, 240}, 0, {671, 1278}, {0, 0, 0, 255} }},
	{{ {-393, 583, 410}, 0, {671, 1101}, {0, 0, 0, 255} }},
	{{ {-377, 685, 119}, 0, {685, 923}, {0, 0, 0, 255} }},
	{{ {-377, 786, 290}, 0, {685, 746}, {0, 0, 0, 255} }},
	{{ {-323, 683, 120}, 0, {732, 926}, {0, 0, 0, 255} }},
	{{ {-323, 784, 291}, 0, {732, 749}, {0, 0, 0, 255} }},
	{{ {-450, 351, 633}, 0, {621, 1506}, {0, 0, 0, 255} }},
	{{ {-394, 523, 532}, 0, {670, 1206}, {0, 0, 0, 255} }},
	{{ {-414, 505, 542}, 0, {652, 1237}, {0, 0, 0, 255} }},
	{{ {-428, 373, 620}, 0, {640, 1467}, {0, 0, 0, 255} }},
	{{ {-367, 356, 631}, 0, {694, 1498}, {0, 0, 0, 255} }},
	{{ {-347, 377, 618}, 0, {711, 1460}, {0, 0, 0, 255} }},
	{{ {-382, 273, 680}, 0, {681, 1643}, {0, 0, 0, 255} }},
	{{ {-370, 256, 690}, 0, {691, 1672}, {0, 0, 0, 255} }},
	{{ {-532, 275, 679}, 0, {549, 1640}, {0, 0, 0, 255} }},
	{{ {-553, 256, 690}, 0, {531, 1672}, {0, 0, 0, 255} }},
	{{ {-507, 514, 537}, 0, {571, 1222}, {0, 0, 0, 255} }},
	{{ {-519, 531, 527}, 0, {560, 1191}, {0, 0, 0, 255} }},
	{{ {-519, 531, 527}, 0, {560, 1191}, {0, 0, 0, 255} }},
	{{ {-394, 523, 532}, 0, {670, 1206}, {0, 0, 0, 255} }},
	{{ {-394, 363, 262}, 0, {670, 1485}, {0, 0, 0, 255} }},
	{{ {-428, 214, 351}, 0, {640, 1746}, {0, 0, 0, 255} }},
	{{ {-428, 373, 620}, 0, {640, 1467}, {0, 0, 0, 255} }},
	{{ {-347, 218, 348}, 0, {711, 1740}, {0, 0, 0, 255} }},
	{{ {-347, 377, 618}, 0, {711, 1460}, {0, 0, 0, 255} }},
	{{ {-370, 96, 420}, 0, {691, 1952}, {0, 0, 0, 255} }},
	{{ {-370, 256, 690}, 0, {691, 1672}, {0, 0, 0, 255} }},
	{{ {-553, 96, 420}, 0, {531, 1952}, {0, 0, 0, 255} }},
	{{ {-553, 256, 690}, 0, {531, 1672}, {0, 0, 0, 255} }},
	{{ {-519, 372, 257}, 0, {560, 1470}, {0, 0, 0, 255} }},
	{{ {-459, 769, 307}, 0, {613, 776}, {0, 0, 0, 255} }},
	{{ {-419, 771, 305}, 0, {649, 772}, {0, 0, 0, 255} }},
	{{ {-408, 786, 296}, 0, {657, 745}, {0, 0, 0, 255} }},
	{{ {-366, 573, 423}, 0, {695, 1119}, {0, 0, 0, 255} }},
	{{ {-383, 586, 415}, 0, {680, 1095}, {0, 0, 0, 255} }},
	{{ {-477, 563, 428}, 0, {598, 1135}, {0, 0, 0, 255} }},
	{{ {-461, 581, 418}, 0, {612, 1105}, {0, 0, 0, 255} }},
	{{ {-470, 782, 299}, 0, {604, 753}, {0, 0, 0, 255} }},
	{{ {-408, 686, 126}, 0, {657, 922}, {0, 0, 0, 255} }},
	{{ {-366, 472, 253}, 0, {695, 1295}, {0, 0, 0, 255} }},
	{{ {-477, 462, 258}, 0, {598, 1312}, {0, 0, 0, 255} }},
	{{ {-470, 681, 129}, 0, {604, 929}, {0, 0, 0, 255} }},
	{{ {-17, 714, 339}, 0, {1001, 871}, {0, 0, 0, 255} }},
	{{ {-56, 553, 435}, 0, {966, 1154}, {0, 0, 0, 255} }},
	{{ {-38, 569, 425}, 0, {982, 1125}, {0, 0, 0, 255} }},
	{{ {-37, 693, 351}, 0, {983, 908}, {0, 0, 0, 255} }},
	{{ {-95, 710, 341}, 0, {932, 879}, {0, 0, 0, 255} }},
	{{ {-113, 690, 353}, 0, {916, 914}, {0, 0, 0, 255} }},
	{{ {-80, 788, 295}, 0, {945, 743}, {0, 0, 0, 255} }},
	{{ {-92, 804, 286}, 0, {935, 715}, {0, 0, 0, 255} }},
	{{ {118, 786, 296}, 0, {1119, 745}, {0, 0, 0, 255} }},
	{{ {-92, 804, 286}, 0, {935, 715}, {0, 0, 0, 255} }},
	{{ {-80, 788, 295}, 0, {945, 743}, {0, 0, 0, 255} }},
	{{ {138, 804, 286}, 0, {1136, 715}, {0, 0, 0, 255} }},
	{{ {122, 710, 341}, 0, {1122, 879}, {0, 0, 0, 255} }},
	{{ {138, 693, 352}, 0, {1136, 909}, {0, 0, 0, 255} }},
	{{ {59, 690, 353}, 0, {1067, 914}, {0, 0, 0, 255} }},
	{{ {42, 714, 339}, 0, {1052, 871}, {0, 0, 0, 255} }},
	{{ {61, 545, 439}, 0, {1069, 1167}, {0, 0, 0, 255} }},
	{{ {49, 561, 429}, 0, {1058, 1138}, {0, 0, 0, 255} }},
	{{ {-38, 569, 425}, 0, {982, 1125}, {0, 0, 0, 255} }},
	{{ {-56, 553, 435}, 0, {966, 1154}, {0, 0, 0, 255} }},
	{{ {-56, 452, 264}, 0, {966, 1330}, {0, 0, 0, 255} }},
	{{ {-37, 593, 181}, 0, {983, 1084}, {0, 0, 0, 255} }},
	{{ {-37, 693, 351}, 0, {983, 908}, {0, 0, 0, 255} }},
	{{ {-113, 589, 183}, 0, {916, 1090}, {0, 0, 0, 255} }},
	{{ {-113, 690, 353}, 0, {916, 914}, {0, 0, 0, 255} }},
	{{ {-92, 703, 116}, 0, {935, 891}, {0, 0, 0, 255} }},
	{{ {138, 703, 116}, 0, {1136, 891}, {0, 0, 0, 255} }},
	{{ {138, 592, 181}, 0, {1136, 1085}, {0, 0, 0, 255} }},
	{{ {59, 589, 183}, 0, {1067, 1090}, {0, 0, 0, 255} }},
	{{ {61, 444, 269}, 0, {1069, 1344}, {0, 0, 0, 255} }},
	{{ {228, 789, 315}, 0, {1215, 753}, {0, 0, 0, 255} }},
	{{ {213, 716, 358}, 0, {1202, 880}, {0, 0, 0, 255} }},
	{{ {225, 699, 368}, 0, {1212, 909}, {0, 0, 0, 255} }},
	{{ {214, 803, 307}, 0, {1203, 727}, {0, 0, 0, 255} }},
	{{ {290, 782, 319}, 0, {1269, 764}, {0, 0, 0, 255} }},
	{{ {304, 799, 309}, 0, {1281, 734}, {0, 0, 0, 255} }},
	{{ {291, 570, 445}, 0, {1270, 1135}, {0, 0, 0, 255} }},
	{{ {305, 551, 456}, 0, {1282, 1168}, {0, 0, 0, 255} }},
	{{ {227, 567, 447}, 0, {1214, 1141}, {0, 0, 0, 255} }},
	{{ {211, 551, 456}, 0, {1200, 1168}, {0, 0, 0, 255} }},
	{{ {209, 641, 403}, 0, {1198, 1011}, {0, 0, 0, 255} }},
	{{ {211, 551, 456}, 0, {1200, 1168}, {0, 0, 0, 255} }},
	{{ {227, 567, 447}, 0, {1214, 1141}, {0, 0, 0, 255} }},
	{{ {222, 653, 396}, 0, {1209, 990}, {0, 0, 0, 255} }},
	{{ {197, 645, 400}, 0, {1188, 1003}, {0, 0, 0, 255} }},
	{{ {186, 660, 391}, 0, {1178, 977}, {0, 0, 0, 255} }},
	{{ {178, 569, 445}, 0, {1171, 1137}, {0, 0, 0, 255} }},
	{{ {195, 551, 456}, 0, {1186, 1168}, {0, 0, 0, 255} }},
	{{ {92, 551, 456}, 0, {1096, 1168}, {0, 0, 0, 255} }},
	{{ {106, 570, 445}, 0, {1108, 1135}, {0, 0, 0, 255} }},
	{{ {100, 807, 304}, 0, {1103, 720}, {0, 0, 0, 255} }},
	{{ {116, 791, 314}, 0, {1117, 748}, {0, 0, 0, 255} }},
	{{ {193, 796, 311}, 0, {1184, 740}, {0, 0, 0, 255} }},
	{{ {178, 781, 320}, 0, {1171, 766}, {0, 0, 0, 255} }},
	{{ {190, 722, 355}, 0, {1182, 869}, {0, 0, 0, 255} }},
	{{ {179, 707, 364}, 0, {1172, 896}, {0, 0, 0, 255} }},
	{{ {225, 699, 368}, 0, {1212, 909}, {0, 0, 0, 255} }},
	{{ {213, 716, 358}, 0, {1202, 880}, {0, 0, 0, 255} }},
	{{ {213, 615, 188}, 0, {1202, 1056}, {0, 0, 0, 255} }},
	{{ {214, 702, 136}, 0, {1203, 904}, {0, 0, 0, 255} }},
	{{ {214, 803, 307}, 0, {1203, 727}, {0, 0, 0, 255} }},
	{{ {304, 698, 139}, 0, {1281, 910}, {0, 0, 0, 255} }},
	{{ {304, 799, 309}, 0, {1281, 734}, {0, 0, 0, 255} }},
	{{ {305, 450, 285}, 0, {1282, 1344}, {0, 0, 0, 255} }},
	{{ {305, 551, 456}, 0, {1282, 1168}, {0, 0, 0, 255} }},
	{{ {211, 450, 285}, 0, {1200, 1344}, {0, 0, 0, 255} }},
	{{ {209, 540, 232}, 0, {1198, 1188}, {0, 0, 0, 255} }},
	{{ {197, 544, 230}, 0, {1188, 1179}, {0, 0, 0, 255} }},
	{{ {195, 450, 285}, 0, {1186, 1344}, {0, 0, 0, 255} }},
	{{ {92, 450, 285}, 0, {1096, 1344}, {0, 0, 0, 255} }},
	{{ {100, 706, 134}, 0, {1103, 896}, {0, 0, 0, 255} }},
	{{ {193, 695, 141}, 0, {1184, 916}, {0, 0, 0, 255} }},
	{{ {193, 796, 311}, 0, {1184, 740}, {0, 0, 0, 255} }},
	{{ {190, 621, 184}, 0, {1182, 1045}, {0, 0, 0, 255} }},
	{{ {193, 695, 141}, 0, {1184, 916}, {0, 0, 0, 255} }},
	{{ {190, 722, 355}, 0, {1182, 869}, {0, 0, 0, 255} }},
	{{ {213, 615, 188}, 0, {1202, 1056}, {0, 0, 0, 255} }},
	{{ {-909, 399, 606}, 0, {219, 1399}, {0, 0, 0, 255} }},
	{{ {-886, 332, 646}, 0, {239, 1516}, {0, 0, 0, 255} }},
	{{ {-871, 336, 643}, 0, {252, 1510}, {0, 0, 0, 255} }},
	{{ {-912, 371, 622}, 0, {216, 1447}, {0, 0, 0, 255} }},
	{{ {-966, 348, 636}, 0, {169, 1487}, {0, 0, 0, 255} }},
	{{ {-972, 322, 651}, 0, {164, 1533}, {0, 0, 0, 255} }},
	{{ {-1009, 414, 597}, 0, {131, 1373}, {0, 0, 0, 255} }},
	{{ {-1006, 371, 622}, 0, {134, 1447}, {0, 0, 0, 255} }},
	{{ {-1064, 281, 676}, 0, {83, 1605}, {0, 0, 0, 255} }},
	{{ {-1051, 259, 689}, 0, {94, 1644}, {0, 0, 0, 255} }},
	{{ {-1148, 297, 666}, 0, {9, 1577}, {0, 0, 0, 255} }},
	{{ {-1177, 280, 677}, 0, {-16, 1608}, {0, 0, 0, 255} }},
	{{ {-1029, 519, 535}, 0, {114, 1189}, {0, 0, 0, 255} }},
	{{ {-1039, 538, 524}, 0, {105, 1156}, {0, 0, 0, 255} }},
	{{ {-964, 512, 539}, 0, {171, 1201}, {0, 0, 0, 255} }},
	{{ {-951, 533, 526}, 0, {182, 1165}, {0, 0, 0, 255} }},
	{{ {-947, 455, 573}, 0, {186, 1302}, {0, 0, 0, 255} }},
	{{ {-941, 494, 549}, 0, {191, 1232}, {0, 0, 0, 255} }},
	{{ {-916, 531, 527}, 0, {213, 1167}, {0, 0, 0, 255} }},
	{{ {-905, 511, 540}, 0, {222, 1203}, {0, 0, 0, 255} }},
	{{ {-845, 508, 541}, 0, {275, 1208}, {0, 0, 0, 255} }},
	{{ {-834, 524, 532}, 0, {285, 1180}, {0, 0, 0, 255} }},
	{{ {-790, 283, 675}, 0, {323, 1602}, {0, 0, 0, 255} }},
	{{ {-768, 266, 685}, 0, {343, 1631}, {0, 0, 0, 255} }},
	{{ {-876, 272, 681}, 0, {248, 1620}, {0, 0, 0, 255} }},
	{{ {-899, 251, 693}, 0, {228, 1657}, {0, 0, 0, 255} }},
	{{ {-886, 172, 376}, 0, {239, 1795}, {0, 0, 0, 255} }},
	{{ {-886, 332, 646}, 0, {239, 1516}, {0, 0, 0, 255} }},
	{{ {-912, 212, 353}, 0, {216, 1726}, {0, 0, 0, 255} }},
	{{ {-886, 172, 376}, 0, {239, 1795}, {0, 0, 0, 255} }},
	{{ {-912, 371, 622}, 0, {216, 1447}, {0, 0, 0, 255} }},
	{{ {-972, 163, 382}, 0, {164, 1812}, {0, 0, 0, 255} }},
	{{ {-972, 322, 651}, 0, {164, 1533}, {0, 0, 0, 255} }},
	{{ {-1006, 212, 353}, 0, {134, 1726}, {0, 0, 0, 255} }},
	{{ {-1006, 371, 622}, 0, {134, 1447}, {0, 0, 0, 255} }},
	{{ {-1051, 99, 419}, 0, {94, 1923}, {0, 0, 0, 255} }},
	{{ {-1051, 259, 689}, 0, {94, 1644}, {0, 0, 0, 255} }},
	{{ {-1177, 120, 407}, 0, {-16, 1887}, {0, 0, 0, 255} }},
	{{ {-1177, 280, 677}, 0, {-16, 1608}, {0, 0, 0, 255} }},
	{{ {-1039, 378, 254}, 0, {105, 1436}, {0, 0, 0, 255} }},
	{{ {-1039, 538, 524}, 0, {105, 1156}, {0, 0, 0, 255} }},
	{{ {-951, 373, 257}, 0, {182, 1444}, {0, 0, 0, 255} }},
	{{ {-951, 533, 526}, 0, {182, 1165}, {0, 0, 0, 255} }},
	{{ {-941, 334, 280}, 0, {191, 1512}, {0, 0, 0, 255} }},
	{{ {-941, 494, 549}, 0, {191, 1232}, {0, 0, 0, 255} }},
	{{ {-916, 372, 258}, 0, {213, 1447}, {0, 0, 0, 255} }},
	{{ {-916, 531, 527}, 0, {213, 1167}, {0, 0, 0, 255} }},
	{{ {-834, 365, 262}, 0, {285, 1459}, {0, 0, 0, 255} }},
	{{ {-834, 524, 532}, 0, {285, 1180}, {0, 0, 0, 255} }},
	{{ {-768, 106, 415}, 0, {343, 1910}, {0, 0, 0, 255} }},
	{{ {-768, 266, 685}, 0, {343, 1631}, {0, 0, 0, 255} }},
	{{ {-899, 91, 424}, 0, {228, 1937}, {0, 0, 0, 255} }},
	{{ {-899, 251, 693}, 0, {228, 1657}, {0, 0, 0, 255} }},
	{{ {-648, 381, 617}, 0, {447, 1425}, {0, 0, 0, 255} }},
	{{ {-630, 364, 627}, 0, {463, 1455}, {0, 0, 0, 255} }},
	{{ {-631, 478, 559}, 0, {463, 1255}, {0, 0, 0, 255} }},
	{{ {-693, 341, 641}, 0, {408, 1495}, {0, 0, 0, 255} }},
	{{ {-672, 375, 621}, 0, {427, 1436}, {0, 0, 0, 255} }},
	{{ {-648, 222, 347}, 0, {447, 1704}, {0, 0, 0, 255} }},
	{{ {-648, 381, 617}, 0, {447, 1425}, {0, 0, 0, 255} }},
	{{ {-646, 341, 276}, 0, {449, 1495}, {0, 0, 0, 255} }},
	{{ {-648, 222, 347}, 0, {447, 1704}, {0, 0, 0, 255} }},
	{{ {-646, 501, 546}, 0, {449, 1215}, {0, 0, 0, 255} }},
	{{ {-631, 478, 559}, 0, {463, 1255}, {0, 0, 0, 255} }},
	{{ {-563, 481, 558}, 0, {522, 1250}, {0, 0, 0, 255} }},
	{{ {-547, 505, 544}, 0, {536, 1209}, {0, 0, 0, 255} }},
	{{ {-542, 339, 642}, 0, {540, 1499}, {0, 0, 0, 255} }},
	{{ {-562, 344, 639}, 0, {523, 1491}, {0, 0, 0, 255} }},
	{{ {-600, 267, 684}, 0, {489, 1624}, {0, 0, 0, 255} }},
	{{ {-608, 290, 671}, 0, {483, 1584}, {0, 0, 0, 255} }},
	{{ {-734, 263, 687}, 0, {372, 1632}, {0, 0, 0, 255} }},
	{{ {-723, 285, 674}, 0, {382, 1594}, {0, 0, 0, 255} }},
	{{ {-793, 330, 647}, 0, {320, 1515}, {0, 0, 0, 255} }},
	{{ {-771, 338, 643}, 0, {340, 1501}, {0, 0, 0, 255} }},
	{{ {-787, 516, 537}, 0, {326, 1189}, {0, 0, 0, 255} }},
	{{ {-769, 493, 551}, 0, {342, 1229}, {0, 0, 0, 255} }},
	{{ {-656, 515, 538}, 0, {440, 1190}, {0, 0, 0, 255} }},
	{{ {-676, 495, 550}, 0, {423, 1227}, {0, 0, 0, 255} }},
	{{ {-672, 375, 621}, 0, {427, 1436}, {0, 0, 0, 255} }},
	{{ {-693, 341, 641}, 0, {408, 1495}, {0, 0, 0, 255} }},
	{{ {-672, 215, 351}, 0, {427, 1716}, {0, 0, 0, 255} }},
	{{ {-656, 356, 268}, 0, {440, 1470}, {0, 0, 0, 255} }},
	{{ {-787, 356, 268}, 0, {326, 1469}, {0, 0, 0, 255} }},
	{{ {-793, 170, 378}, 0, {320, 1794}, {0, 0, 0, 255} }},
	{{ {-734, 103, 418}, 0, {372, 1912}, {0, 0, 0, 255} }},
	{{ {-600, 108, 415}, 0, {489, 1903}, {0, 0, 0, 255} }},
	{{ {-542, 179, 373}, 0, {540, 1779}, {0, 0, 0, 255} }},
	{{ {-547, 345, 274}, 0, {536, 1488}, {0, 0, 0, 255} }},
	{{ {-305, 426, 589}, 0, {748, 1376}, {0, 0, 0, 255} }},
	{{ {-348, 252, 692}, 0, {711, 1679}, {0, 0, 0, 255} }},
	{{ {-328, 270, 682}, 0, {728, 1648}, {0, 0, 0, 255} }},
	{{ {-305, 426, 589}, 0, {748, 1376}, {0, 0, 0, 255} }},
	{{ {-327, 403, 603}, 0, {729, 1415}, {0, 0, 0, 255} }},
	{{ {-348, 252, 692}, 0, {711, 1679}, {0, 0, 0, 255} }},
	{{ {-389, 421, 592}, 0, {674, 1384}, {0, 0, 0, 255} }},
	{{ {-409, 399, 605}, 0, {657, 1422}, {0, 0, 0, 255} }},
	{{ {-374, 505, 543}, 0, {688, 1238}, {0, 0, 0, 255} }},
	{{ {-386, 522, 532}, 0, {677, 1208}, {0, 0, 0, 255} }},
	{{ {-160, 503, 543}, 0, {875, 1240}, {0, 0, 0, 255} }},
	{{ {-139, 522, 532}, 0, {893, 1208}, {0, 0, 0, 255} }},
	{{ {-156, 421, 592}, 0, {878, 1384}, {0, 0, 0, 255} }},
	{{ {-139, 403, 603}, 0, {893, 1416}, {0, 0, 0, 255} }},
	{{ {-224, 399, 605}, 0, {819, 1422}, {0, 0, 0, 255} }},
	{{ {-242, 426, 589}, 0, {804, 1376}, {0, 0, 0, 255} }},
	{{ {-222, 244, 697}, 0, {821, 1694}, {0, 0, 0, 255} }},
	{{ {-234, 261, 687}, 0, {810, 1663}, {0, 0, 0, 255} }},
	{{ {-328, 270, 682}, 0, {728, 1648}, {0, 0, 0, 255} }},
	{{ {-348, 93, 423}, 0, {711, 1958}, {0, 0, 0, 255} }},
	{{ {-327, 244, 333}, 0, {729, 1694}, {0, 0, 0, 255} }},
	{{ {-409, 240, 335}, 0, {657, 1701}, {0, 0, 0, 255} }},
	{{ {-386, 362, 263}, 0, {677, 1487}, {0, 0, 0, 255} }},
	{{ {-139, 362, 263}, 0, {893, 1487}, {0, 0, 0, 255} }},
	{{ {-139, 243, 334}, 0, {893, 1696}, {0, 0, 0, 255} }},
	{{ {-224, 240, 335}, 0, {819, 1701}, {0, 0, 0, 255} }},
	{{ {-222, 84, 428}, 0, {821, 1973}, {0, 0, 0, 255} }},
	{{ {-111, 491, 551}, 0, {918, 1262}, {0, 0, 0, 255} }},
	{{ {-60, 489, 552}, 0, {963, 1265}, {0, 0, 0, 255} }},
	{{ {-45, 507, 541}, 0, {976, 1234}, {0, 0, 0, 255} }},
	{{ {-15, 232, 704}, 0, {1002, 1715}, {0, 0, 0, 255} }},
	{{ {-35, 251, 693}, 0, {984, 1682}, {0, 0, 0, 255} }},
	{{ {-156, 233, 703}, 0, {878, 1712}, {0, 0, 0, 255} }},
	{{ {-134, 253, 691}, 0, {898, 1677}, {0, 0, 0, 255} }},
	{{ {-123, 509, 540}, 0, {907, 1231}, {0, 0, 0, 255} }},
	{{ {-123, 509, 540}, 0, {907, 1231}, {0, 0, 0, 255} }},
	{{ {-45, 507, 541}, 0, {976, 1234}, {0, 0, 0, 255} }},
	{{ {-45, 347, 272}, 0, {976, 1513}, {0, 0, 0, 255} }},
	{{ {-15, 72, 435}, 0, {1002, 1995}, {0, 0, 0, 255} }},
	{{ {-15, 232, 704}, 0, {1002, 1715}, {0, 0, 0, 255} }},
	{{ {-156, 74, 434}, 0, {878, 1992}, {0, 0, 0, 255} }},
	{{ {-156, 233, 703}, 0, {878, 1712}, {0, 0, 0, 255} }},
	{{ {-123, 349, 271}, 0, {907, 1510}, {0, 0, 0, 255} }},
	{{ {97, 390, 610}, 0, {1101, 1438}, {0, 0, 0, 255} }},
	{{ {141, 495, 548}, 0, {1139, 1254}, {0, 0, 0, 255} }},
	{{ {132, 520, 533}, 0, {1131, 1211}, {0, 0, 0, 255} }},
	{{ {208, 479, 558}, 0, {1197, 1283}, {0, 0, 0, 255} }},
	{{ {234, 489, 552}, 0, {1220, 1265}, {0, 0, 0, 255} }},
	{{ {116, 259, 688}, 0, {1117, 1667}, {0, 0, 0, 255} }},
	{{ {125, 232, 704}, 0, {1125, 1715}, {0, 0, 0, 255} }},
	{{ {79, 259, 688}, 0, {1084, 1667}, {0, 0, 0, 255} }},
	{{ {67, 232, 704}, 0, {1074, 1715}, {0, 0, 0, 255} }},
	{{ {-4, 488, 552}, 0, {1011, 1267}, {0, 0, 0, 255} }},
	{{ {-27, 503, 544}, 0, {991, 1241}, {0, 0, 0, 255} }},
	{{ {65, 501, 545}, 0, {1072, 1245}, {0, 0, 0, 255} }},
	{{ {70, 520, 534}, 0, {1077, 1211}, {0, 0, 0, 255} }},
	{{ {98, 425, 590}, 0, {1102, 1376}, {0, 0, 0, 255} }},
	{{ {132, 361, 264}, 0, {1131, 1490}, {0, 0, 0, 255} }},
	{{ {234, 329, 282}, 0, {1220, 1544}, {0, 0, 0, 255} }},
	{{ {125, 72, 435}, 0, {1125, 1994}, {0, 0, 0, 255} }},
	{{ {67, 72, 435}, 0, {1074, 1994}, {0, 0, 0, 255} }},
	{{ {-27, 343, 274}, 0, {991, 1520}, {0, 0, 0, 255} }},
	{{ {70, 360, 264}, 0, {1077, 1490}, {0, 0, 0, 255} }},
	{{ {98, 266, 320}, 0, {1102, 1656}, {0, 0, 0, 255} }},
	{{ {581, 418, 593}, 0, {1524, 1389}, {0, 0, 0, 255} }},
	{{ {514, 446, 576}, 0, {1466, 1340}, {0, 0, 0, 255} }},
	{{ {530, 422, 590}, 0, {1479, 1382}, {0, 0, 0, 255} }},
	{{ {512, 385, 613}, 0, {1464, 1448}, {0, 0, 0, 255} }},
	{{ {530, 422, 590}, 0, {1479, 1382}, {0, 0, 0, 255} }},
	{{ {514, 446, 576}, 0, {1466, 1340}, {0, 0, 0, 255} }},
	{{ {529, 398, 605}, 0, {1479, 1425}, {0, 0, 0, 255} }},
	{{ {540, 377, 617}, 0, {1488, 1462}, {0, 0, 0, 255} }},
	{{ {537, 395, 606}, 0, {1486, 1430}, {0, 0, 0, 255} }},
	{{ {581, 418, 593}, 0, {1524, 1389}, {0, 0, 0, 255} }},
	{{ {552, 413, 596}, 0, {1499, 1399}, {0, 0, 0, 255} }},
	{{ {530, 262, 321}, 0, {1479, 1662}, {0, 0, 0, 255} }},
	{{ {529, 238, 335}, 0, {1479, 1704}, {0, 0, 0, 255} }},
	{{ {537, 235, 337}, 0, {1486, 1709}, {0, 0, 0, 255} }},
	{{ {552, 253, 326}, 0, {1499, 1678}, {0, 0, 0, 255} }},
	{{ {457, 272, 679}, 0, {1416, 1644}, {0, 0, 0, 255} }},
	{{ {451, 292, 667}, 0, {1411, 1609}, {0, 0, 0, 255} }},
	{{ {435, 255, 689}, 0, {1396, 1674}, {0, 0, 0, 255} }},
	{{ {450, 492, 549}, 0, {1410, 1260}, {0, 0, 0, 255} }},
	{{ {462, 475, 559}, 0, {1420, 1290}, {0, 0, 0, 255} }},
	{{ {573, 477, 558}, 0, {1518, 1286}, {0, 0, 0, 255} }},
	{{ {579, 495, 547}, 0, {1522, 1255}, {0, 0, 0, 255} }},
	{{ {634, 433, 584}, 0, {1571, 1363}, {0, 0, 0, 255} }},
	{{ {651, 440, 579}, 0, {1586, 1350}, {0, 0, 0, 255} }},
	{{ {622, 368, 622}, 0, {1560, 1477}, {0, 0, 0, 255} }},
	{{ {636, 356, 630}, 0, {1572, 1498}, {0, 0, 0, 255} }},
	{{ {583, 346, 635}, 0, {1526, 1515}, {0, 0, 0, 255} }},
	{{ {613, 344, 637}, 0, {1553, 1519}, {0, 0, 0, 255} }},
	{{ {649, 291, 668}, 0, {1584, 1611}, {0, 0, 0, 255} }},
	{{ {683, 284, 672}, 0, {1613, 1624}, {0, 0, 0, 255} }},
	{{ {583, 265, 684}, 0, {1526, 1658}, {0, 0, 0, 255} }},
	{{ {579, 245, 695}, 0, {1523, 1693}, {0, 0, 0, 255} }},
	{{ {513, 341, 638}, 0, {1465, 1523}, {0, 0, 0, 255} }},
	{{ {529, 301, 662}, 0, {1479, 1593}, {0, 0, 0, 255} }},
	{{ {514, 276, 677}, 0, {1466, 1637}, {0, 0, 0, 255} }},
	{{ {514, 276, 677}, 0, {1466, 1637}, {0, 0, 0, 255} }},
	{{ {529, 257, 688}, 0, {1478, 1671}, {0, 0, 0, 255} }},
	{{ {529, 301, 662}, 0, {1479, 1593}, {0, 0, 0, 255} }},
	{{ {457, 272, 679}, 0, {1416, 1644}, {0, 0, 0, 255} }},
	{{ {435, 255, 689}, 0, {1396, 1674}, {0, 0, 0, 255} }},
	{{ {435, 95, 420}, 0, {1396, 1953}, {0, 0, 0, 255} }},
	{{ {450, 333, 279}, 0, {1410, 1539}, {0, 0, 0, 255} }},
	{{ {450, 492, 549}, 0, {1410, 1260}, {0, 0, 0, 255} }},
	{{ {579, 335, 278}, 0, {1522, 1534}, {0, 0, 0, 255} }},
	{{ {579, 495, 547}, 0, {1522, 1255}, {0, 0, 0, 255} }},
	{{ {651, 281, 310}, 0, {1586, 1629}, {0, 0, 0, 255} }},
	{{ {651, 440, 579}, 0, {1586, 1350}, {0, 0, 0, 255} }},
	{{ {636, 196, 360}, 0, {1572, 1777}, {0, 0, 0, 255} }},
	{{ {636, 356, 630}, 0, {1572, 1498}, {0, 0, 0, 255} }},
	{{ {613, 184, 367}, 0, {1553, 1798}, {0, 0, 0, 255} }},
	{{ {613, 344, 637}, 0, {1553, 1519}, {0, 0, 0, 255} }},
	{{ {683, 124, 403}, 0, {1613, 1903}, {0, 0, 0, 255} }},
	{{ {683, 284, 672}, 0, {1613, 1624}, {0, 0, 0, 255} }},
	{{ {579, 85, 426}, 0, {1523, 1972}, {0, 0, 0, 255} }},
	{{ {579, 245, 695}, 0, {1523, 1693}, {0, 0, 0, 255} }},
	{{ {529, 142, 392}, 0, {1479, 1872}, {0, 0, 0, 255} }},
	{{ {529, 97, 419}, 0, {1478, 1950}, {0, 0, 0, 255} }},
	{{ {926, 437, 576}, 0, {1827, 1356}, {0, 0, 0, 255} }},
	{{ {848, 479, 551}, 0, {1759, 1283}, {0, 0, 0, 255} }},
	{{ {902, 432, 578}, 0, {1806, 1365}, {0, 0, 0, 255} }},
	{{ {856, 500, 538}, 0, {1765, 1246}, {0, 0, 0, 255} }},
	{{ {926, 277, 306}, 0, {1827, 1635}, {0, 0, 0, 255} }},
	{{ {876, 211, 345}, 0, {1783, 1752}, {0, 0, 0, 255} }},
	{{ {876, 371, 615}, 0, {1783, 1472}, {0, 0, 0, 255} }},
	{{ {873, 394, 601}, 0, {1780, 1431}, {0, 0, 0, 255} }},
	{{ {817, 409, 592}, 0, {1731, 1406}, {0, 0, 0, 255} }},
	{{ {814, 435, 577}, 0, {1728, 1359}, {0, 0, 0, 255} }},
	{{ {811, 403, 596}, 0, {1726, 1416}, {0, 0, 0, 255} }},
	{{ {817, 409, 592}, 0, {1731, 1406}, {0, 0, 0, 255} }},
	{{ {814, 435, 577}, 0, {1728, 1359}, {0, 0, 0, 255} }},
	{{ {778, 395, 600}, 0, {1697, 1429}, {0, 0, 0, 255} }},
	{{ {925, 321, 644}, 0, {1825, 1559}, {0, 0, 0, 255} }},
	{{ {898, 314, 648}, 0, {1802, 1571}, {0, 0, 0, 255} }},
	{{ {855, 223, 703}, 0, {1764, 1731}, {0, 0, 0, 255} }},
	{{ {844, 241, 691}, 0, {1755, 1698}, {0, 0, 0, 255} }},
	{{ {732, 223, 703}, 0, {1657, 1731}, {0, 0, 0, 255} }},
	{{ {738, 243, 690}, 0, {1662, 1695}, {0, 0, 0, 255} }},
	{{ {618, 304, 655}, 0, {1557, 1590}, {0, 0, 0, 255} }},
	{{ {654, 302, 655}, 0, {1588, 1592}, {0, 0, 0, 255} }},
	{{ {688, 361, 620}, 0, {1618, 1488}, {0, 0, 0, 255} }},
	{{ {692, 333, 637}, 0, {1621, 1538}, {0, 0, 0, 255} }},
	{{ {757, 320, 645}, 0, {1679, 1561}, {0, 0, 0, 255} }},
	{{ {762, 292, 661}, 0, {1683, 1610}, {0, 0, 0, 255} }},
	{{ {765, 331, 638}, 0, {1686, 1541}, {0, 0, 0, 255} }},
	{{ {793, 331, 639}, 0, {1710, 1542}, {0, 0, 0, 255} }},
	{{ {650, 400, 597}, 0, {1585, 1421}, {0, 0, 0, 255} }},
	{{ {682, 404, 595}, 0, {1613, 1414}, {0, 0, 0, 255} }},
	{{ {753, 496, 541}, 0, {1675, 1254}, {0, 0, 0, 255} }},
	{{ {759, 472, 555}, 0, {1680, 1295}, {0, 0, 0, 255} }},
	{{ {856, 500, 538}, 0, {1765, 1246}, {0, 0, 0, 255} }},
	{{ {848, 479, 551}, 0, {1759, 1283}, {0, 0, 0, 255} }},
	{{ {856, 340, 269}, 0, {1765, 1525}, {0, 0, 0, 255} }},
	{{ {926, 277, 306}, 0, {1827, 1635}, {0, 0, 0, 255} }},
	{{ {753, 336, 271}, 0, {1675, 1533}, {0, 0, 0, 255} }},
	{{ {650, 240, 328}, 0, {1585, 1700}, {0, 0, 0, 255} }},
	{{ {765, 172, 369}, 0, {1686, 1820}, {0, 0, 0, 255} }},
	{{ {757, 160, 375}, 0, {1679, 1840}, {0, 0, 0, 255} }},
	{{ {688, 202, 351}, 0, {1618, 1767}, {0, 0, 0, 255} }},
	{{ {618, 144, 385}, 0, {1557, 1869}, {0, 0, 0, 255} }},
	{{ {732, 223, 703}, 0, {1657, 1731}, {0, 0, 0, 255} }},
	{{ {618, 144, 385}, 0, {1557, 1869}, {0, 0, 0, 255} }},
	{{ {732, 63, 433}, 0, {1657, 2010}, {0, 0, 0, 255} }},
	{{ {855, 223, 703}, 0, {1764, 1731}, {0, 0, 0, 255} }},
	{{ {855, 63, 433}, 0, {1764, 2010}, {0, 0, 0, 255} }},
	{{ {925, 321, 644}, 0, {1825, 1559}, {0, 0, 0, 255} }},
	{{ {925, 161, 375}, 0, {1825, 1838}, {0, 0, 0, 255} }},
	{{ {811, 403, 596}, 0, {1726, 1416}, {0, 0, 0, 255} }},
	{{ {811, 243, 326}, 0, {1726, 1696}, {0, 0, 0, 255} }},
	{{ {817, 409, 592}, 0, {1731, 1406}, {0, 0, 0, 255} }},
	{{ {817, 249, 323}, 0, {1731, 1685}, {0, 0, 0, 255} }},
	{{ {876, 371, 615}, 0, {1783, 1472}, {0, 0, 0, 255} }},
	{{ {876, 211, 345}, 0, {1783, 1752}, {0, 0, 0, 255} }},
};

Gfx Intro_Cube_mesh_tri_0[] = {
	gsSPVertex(Intro_Cube_mesh_vtx_0 + 0, 32, 0),
	gsSP2Triangles(0, 1, 2, 0, 0, 3, 1, 0),
	gsSP2Triangles(4, 1, 3, 0, 4, 3, 5, 0),
	gsSP2Triangles(6, 5, 3, 0, 6, 7, 5, 0),
	gsSP2Triangles(8, 7, 6, 0, 8, 6, 9, 0),
	gsSP2Triangles(5, 7, 10, 0, 7, 11, 10, 0),
	gsSP2Triangles(7, 12, 11, 0, 12, 13, 11, 0),
	gsSP2Triangles(12, 14, 13, 0, 14, 15, 13, 0),
	gsSP2Triangles(14, 16, 15, 0, 16, 17, 15, 0),
	gsSP2Triangles(16, 18, 17, 0, 18, 4, 17, 0),
	gsSP2Triangles(18, 19, 4, 0, 1, 4, 19, 0),
	gsSP2Triangles(17, 4, 20, 0, 4, 21, 20, 0),
	gsSP2Triangles(4, 5, 21, 0, 5, 22, 21, 0),
	gsSP2Triangles(5, 10, 22, 0, 10, 23, 22, 0),
	gsSP2Triangles(10, 11, 23, 0, 11, 24, 23, 0),
	gsSP2Triangles(11, 13, 24, 0, 13, 25, 24, 0),
	gsSP2Triangles(13, 15, 25, 0, 15, 26, 25, 0),
	gsSP2Triangles(15, 17, 26, 0, 17, 20, 26, 0),
	gsSP2Triangles(27, 28, 29, 0, 27, 30, 28, 0),
	gsSP1Triangle(31, 28, 30, 0),
	gsSPVertex(Intro_Cube_mesh_vtx_0 + 32, 32, 0),
	gsSP2Triangles(0, 1, 2, 0, 3, 2, 1, 0),
	gsSP2Triangles(3, 4, 2, 0, 5, 4, 3, 0),
	gsSP2Triangles(5, 3, 6, 0, 2, 4, 7, 0),
	gsSP2Triangles(4, 8, 7, 0, 4, 9, 8, 0),
	gsSP2Triangles(9, 10, 8, 0, 9, 11, 10, 0),
	gsSP2Triangles(11, 12, 10, 0, 11, 13, 12, 0),
	gsSP2Triangles(13, 14, 12, 0, 13, 15, 14, 0),
	gsSP2Triangles(15, 0, 14, 0, 15, 16, 0, 0),
	gsSP2Triangles(17, 0, 16, 0, 14, 0, 18, 0),
	gsSP2Triangles(0, 19, 18, 0, 0, 2, 19, 0),
	gsSP2Triangles(2, 20, 19, 0, 2, 7, 20, 0),
	gsSP2Triangles(7, 21, 20, 0, 7, 8, 21, 0),
	gsSP2Triangles(8, 22, 21, 0, 8, 10, 22, 0),
	gsSP2Triangles(10, 23, 22, 0, 10, 12, 23, 0),
	gsSP2Triangles(12, 24, 23, 0, 12, 14, 24, 0),
	gsSP2Triangles(14, 18, 24, 0, 25, 26, 27, 0),
	gsSP2Triangles(25, 28, 26, 0, 29, 26, 28, 0),
	gsSP2Triangles(29, 28, 30, 0, 31, 30, 28, 0),
	gsSPVertex(Intro_Cube_mesh_vtx_0 + 64, 32, 0),
	gsSP2Triangles(0, 1, 2, 0, 3, 1, 0, 0),
	gsSP2Triangles(3, 0, 4, 0, 2, 1, 5, 0),
	gsSP2Triangles(1, 6, 5, 0, 1, 7, 6, 0),
	gsSP2Triangles(7, 8, 6, 0, 7, 9, 8, 0),
	gsSP2Triangles(9, 10, 8, 0, 9, 11, 10, 0),
	gsSP2Triangles(11, 12, 10, 0, 11, 13, 12, 0),
	gsSP2Triangles(13, 14, 12, 0, 13, 15, 14, 0),
	gsSP2Triangles(16, 14, 15, 0, 12, 14, 17, 0),
	gsSP2Triangles(14, 18, 17, 0, 14, 2, 18, 0),
	gsSP2Triangles(2, 19, 18, 0, 2, 5, 19, 0),
	gsSP2Triangles(5, 20, 19, 0, 5, 6, 20, 0),
	gsSP2Triangles(6, 21, 20, 0, 6, 8, 21, 0),
	gsSP2Triangles(8, 22, 21, 0, 8, 10, 22, 0),
	gsSP2Triangles(10, 23, 22, 0, 10, 12, 23, 0),
	gsSP2Triangles(12, 17, 23, 0, 24, 25, 26, 0),
	gsSP2Triangles(24, 27, 25, 0, 28, 27, 24, 0),
	gsSP2Triangles(28, 29, 27, 0, 30, 29, 28, 0),
	gsSP1Triangle(30, 31, 29, 0),
	gsSPVertex(Intro_Cube_mesh_vtx_0 + 96, 32, 0),
	gsSP2Triangles(0, 1, 2, 0, 0, 3, 1, 0),
	gsSP2Triangles(4, 3, 0, 0, 4, 5, 3, 0),
	gsSP2Triangles(6, 5, 4, 0, 6, 7, 5, 0),
	gsSP2Triangles(8, 7, 6, 0, 8, 9, 7, 0),
	gsSP2Triangles(10, 9, 8, 0, 10, 11, 9, 0),
	gsSP2Triangles(10, 12, 11, 0, 10, 13, 12, 0),
	gsSP2Triangles(14, 12, 13, 0, 14, 15, 12, 0),
	gsSP2Triangles(16, 15, 14, 0, 16, 17, 15, 0),
	gsSP2Triangles(18, 17, 16, 0, 18, 19, 17, 0),
	gsSP2Triangles(20, 19, 18, 0, 20, 21, 19, 0),
	gsSP2Triangles(19, 21, 22, 0, 21, 23, 22, 0),
	gsSP2Triangles(21, 24, 23, 0, 24, 25, 23, 0),
	gsSP2Triangles(24, 26, 25, 0, 26, 27, 25, 0),
	gsSP2Triangles(26, 1, 27, 0, 1, 28, 27, 0),
	gsSP2Triangles(1, 3, 28, 0, 3, 29, 28, 0),
	gsSP2Triangles(3, 5, 29, 0, 5, 30, 29, 0),
	gsSP2Triangles(5, 7, 30, 0, 7, 31, 30, 0),
	gsSP1Triangle(7, 9, 31, 0),
	gsSPVertex(Intro_Cube_mesh_vtx_0 + 128, 32, 0),
	gsSP2Triangles(0, 1, 2, 0, 0, 3, 1, 0),
	gsSP2Triangles(3, 4, 1, 0, 3, 5, 4, 0),
	gsSP2Triangles(5, 6, 4, 0, 5, 7, 6, 0),
	gsSP2Triangles(7, 8, 6, 0, 7, 9, 8, 0),
	gsSP2Triangles(9, 10, 8, 0, 9, 11, 10, 0),
	gsSP2Triangles(11, 12, 10, 0, 13, 14, 15, 0),
	gsSP2Triangles(14, 16, 15, 0, 14, 17, 16, 0),
	gsSP2Triangles(17, 18, 16, 0, 17, 19, 18, 0),
	gsSP2Triangles(19, 20, 18, 0, 19, 13, 20, 0),
	gsSP2Triangles(13, 15, 20, 0, 20, 15, 21, 0),
	gsSP2Triangles(15, 22, 21, 0, 15, 16, 22, 0),
	gsSP2Triangles(16, 23, 22, 0, 16, 18, 23, 0),
	gsSP2Triangles(18, 24, 23, 0, 18, 20, 24, 0),
	gsSP2Triangles(20, 21, 24, 0, 25, 26, 27, 0),
	gsSP2Triangles(25, 28, 26, 0, 25, 29, 28, 0),
	gsSP2Triangles(25, 30, 29, 0, 30, 31, 29, 0),
	gsSPVertex(Intro_Cube_mesh_vtx_0 + 160, 32, 0),
	gsSP2Triangles(0, 1, 2, 0, 1, 3, 2, 0),
	gsSP2Triangles(1, 4, 3, 0, 4, 5, 3, 0),
	gsSP2Triangles(4, 6, 5, 0, 3, 5, 7, 0),
	gsSP2Triangles(5, 8, 7, 0, 5, 9, 8, 0),
	gsSP2Triangles(9, 10, 8, 0, 9, 11, 10, 0),
	gsSP2Triangles(11, 12, 10, 0, 11, 2, 12, 0),
	gsSP2Triangles(2, 13, 12, 0, 2, 3, 13, 0),
	gsSP2Triangles(3, 7, 13, 0, 14, 15, 16, 0),
	gsSP2Triangles(17, 16, 15, 0, 17, 18, 16, 0),
	gsSP2Triangles(19, 18, 17, 0, 19, 20, 18, 0),
	gsSP2Triangles(21, 20, 19, 0, 21, 22, 20, 0),
	gsSP2Triangles(23, 22, 21, 0, 23, 24, 22, 0),
	gsSP2Triangles(25, 24, 23, 0, 25, 26, 24, 0),
	gsSP2Triangles(14, 26, 25, 0, 14, 27, 26, 0),
	gsSP2Triangles(14, 16, 27, 0, 27, 16, 28, 0),
	gsSP2Triangles(16, 29, 28, 0, 16, 18, 29, 0),
	gsSP2Triangles(18, 30, 29, 0, 18, 20, 30, 0),
	gsSP2Triangles(20, 31, 30, 0, 20, 22, 31, 0),
	gsSPVertex(Intro_Cube_mesh_vtx_0 + 192, 32, 0),
	gsSP2Triangles(0, 1, 2, 0, 0, 3, 1, 0),
	gsSP2Triangles(3, 4, 1, 0, 3, 5, 4, 0),
	gsSP2Triangles(5, 6, 4, 0, 5, 7, 6, 0),
	gsSP2Triangles(7, 8, 6, 0, 9, 10, 11, 0),
	gsSP2Triangles(12, 11, 10, 0, 12, 13, 11, 0),
	gsSP2Triangles(14, 13, 12, 0, 14, 15, 13, 0),
	gsSP2Triangles(9, 15, 14, 0, 9, 16, 15, 0),
	gsSP2Triangles(9, 11, 16, 0, 16, 11, 17, 0),
	gsSP2Triangles(11, 18, 17, 0, 11, 13, 18, 0),
	gsSP2Triangles(13, 19, 18, 0, 13, 15, 19, 0),
	gsSP2Triangles(15, 20, 19, 0, 15, 16, 20, 0),
	gsSP2Triangles(16, 17, 20, 0, 21, 22, 23, 0),
	gsSP2Triangles(22, 24, 23, 0, 22, 25, 24, 0),
	gsSP2Triangles(26, 24, 25, 0, 26, 27, 24, 0),
	gsSP2Triangles(28, 27, 26, 0, 28, 29, 27, 0),
	gsSP2Triangles(30, 29, 28, 0, 30, 31, 29, 0),
	gsSPVertex(Intro_Cube_mesh_vtx_0 + 224, 32, 0),
	gsSP2Triangles(0, 1, 2, 0, 0, 3, 1, 0),
	gsSP2Triangles(4, 3, 0, 0, 4, 5, 3, 0),
	gsSP2Triangles(6, 5, 4, 0, 6, 7, 5, 0),
	gsSP2Triangles(8, 7, 6, 0, 8, 9, 7, 0),
	gsSP2Triangles(10, 9, 8, 0, 10, 11, 9, 0),
	gsSP2Triangles(12, 11, 10, 0, 12, 13, 11, 0),
	gsSP2Triangles(11, 13, 14, 0, 13, 15, 14, 0),
	gsSP2Triangles(13, 16, 15, 0, 16, 17, 15, 0),
	gsSP2Triangles(16, 18, 17, 0, 18, 19, 17, 0),
	gsSP2Triangles(18, 20, 19, 0, 20, 21, 19, 0),
	gsSP2Triangles(20, 1, 21, 0, 1, 22, 21, 0),
	gsSP2Triangles(1, 3, 22, 0, 3, 23, 22, 0),
	gsSP2Triangles(3, 5, 23, 0, 5, 24, 23, 0),
	gsSP2Triangles(5, 7, 24, 0, 7, 25, 24, 0),
	gsSP2Triangles(7, 9, 25, 0, 9, 26, 25, 0),
	gsSP2Triangles(9, 11, 26, 0, 11, 14, 26, 0),
	gsSP2Triangles(27, 28, 29, 0, 30, 28, 27, 0),
	gsSP1Triangle(30, 27, 31, 0),
	gsSPVertex(Intro_Cube_mesh_vtx_0 + 256, 32, 0),
	gsSP2Triangles(0, 1, 2, 0, 0, 3, 1, 0),
	gsSP2Triangles(0, 4, 3, 0, 3, 4, 5, 0),
	gsSP2Triangles(3, 5, 6, 0, 7, 6, 5, 0),
	gsSP2Triangles(7, 5, 8, 0, 7, 8, 9, 0),
	gsSP2Triangles(6, 7, 10, 0, 7, 2, 10, 0),
	gsSP2Triangles(6, 10, 11, 0, 3, 6, 11, 0),
	gsSP2Triangles(3, 11, 1, 0, 12, 13, 14, 0),
	gsSP2Triangles(13, 15, 14, 0, 13, 16, 15, 0),
	gsSP2Triangles(17, 15, 16, 0, 17, 18, 15, 0),
	gsSP2Triangles(17, 19, 18, 0, 17, 20, 19, 0),
	gsSP2Triangles(20, 21, 19, 0, 20, 22, 21, 0),
	gsSP2Triangles(22, 23, 21, 0, 22, 24, 23, 0),
	gsSP2Triangles(24, 25, 23, 0, 24, 26, 25, 0),
	gsSP2Triangles(26, 27, 25, 0, 26, 12, 27, 0),
	gsSP2Triangles(12, 14, 27, 0, 27, 14, 28, 0),
	gsSP2Triangles(14, 29, 28, 0, 14, 15, 29, 0),
	gsSP2Triangles(15, 30, 29, 0, 15, 18, 30, 0),
	gsSP2Triangles(18, 31, 30, 0, 18, 19, 31, 0),
	gsSPVertex(Intro_Cube_mesh_vtx_0 + 288, 32, 0),
	gsSP2Triangles(0, 1, 2, 0, 0, 3, 1, 0),
	gsSP2Triangles(3, 4, 1, 0, 3, 5, 4, 0),
	gsSP2Triangles(5, 6, 4, 0, 5, 7, 6, 0),
	gsSP2Triangles(7, 8, 6, 0, 7, 9, 8, 0),
	gsSP2Triangles(9, 10, 8, 0, 11, 12, 13, 0),
	gsSP2Triangles(14, 13, 12, 0, 14, 15, 13, 0),
	gsSP2Triangles(14, 16, 15, 0, 14, 17, 16, 0),
	gsSP2Triangles(17, 18, 16, 0, 17, 19, 18, 0),
	gsSP2Triangles(19, 20, 18, 0, 19, 21, 20, 0),
	gsSP2Triangles(21, 22, 20, 0, 21, 23, 22, 0),
	gsSP2Triangles(23, 24, 22, 0, 23, 25, 24, 0),
	gsSP2Triangles(25, 26, 24, 0, 25, 27, 26, 0),
	gsSP2Triangles(27, 28, 26, 0, 27, 29, 28, 0),
	gsSP2Triangles(29, 30, 28, 0, 29, 11, 30, 0),
	gsSP2Triangles(11, 13, 30, 0, 30, 13, 31, 0),
	gsSPVertex(Intro_Cube_mesh_vtx_0 + 320, 32, 0),
	gsSP2Triangles(0, 1, 2, 0, 0, 3, 1, 0),
	gsSP2Triangles(3, 4, 1, 0, 3, 5, 4, 0),
	gsSP2Triangles(5, 6, 4, 0, 5, 7, 6, 0),
	gsSP2Triangles(7, 8, 6, 0, 7, 9, 8, 0),
	gsSP2Triangles(9, 10, 8, 0, 9, 11, 10, 0),
	gsSP2Triangles(11, 12, 10, 0, 11, 13, 12, 0),
	gsSP2Triangles(13, 14, 12, 0, 13, 15, 14, 0),
	gsSP2Triangles(15, 16, 14, 0, 15, 17, 16, 0),
	gsSP2Triangles(17, 18, 16, 0, 17, 19, 18, 0),
	gsSP2Triangles(19, 2, 18, 0, 20, 21, 22, 0),
	gsSP2Triangles(20, 23, 21, 0, 24, 23, 20, 0),
	gsSP2Triangles(24, 25, 23, 0, 26, 25, 24, 0),
	gsSP2Triangles(26, 27, 25, 0, 28, 27, 26, 0),
	gsSP2Triangles(28, 29, 27, 0, 30, 29, 28, 0),
	gsSP2Triangles(30, 31, 29, 0, 22, 31, 30, 0),
	gsSP1Triangle(22, 21, 31, 0),
	gsSPVertex(Intro_Cube_mesh_vtx_0 + 352, 32, 0),
	gsSP2Triangles(0, 1, 2, 0, 1, 3, 2, 0),
	gsSP2Triangles(1, 4, 3, 0, 4, 5, 3, 0),
	gsSP2Triangles(4, 6, 5, 0, 6, 7, 5, 0),
	gsSP2Triangles(6, 8, 7, 0, 8, 9, 7, 0),
	gsSP2Triangles(8, 10, 9, 0, 10, 11, 9, 0),
	gsSP2Triangles(10, 0, 11, 0, 0, 2, 11, 0),
	gsSP2Triangles(12, 13, 14, 0, 13, 15, 14, 0),
	gsSP2Triangles(13, 16, 15, 0, 16, 17, 15, 0),
	gsSP2Triangles(16, 18, 17, 0, 18, 19, 17, 0),
	gsSP2Triangles(18, 12, 19, 0, 12, 14, 19, 0),
	gsSP2Triangles(19, 14, 20, 0, 14, 21, 20, 0),
	gsSP2Triangles(14, 15, 21, 0, 15, 22, 21, 0),
	gsSP2Triangles(15, 17, 22, 0, 17, 23, 22, 0),
	gsSP2Triangles(17, 19, 23, 0, 19, 20, 23, 0),
	gsSP2Triangles(24, 25, 26, 0, 24, 27, 25, 0),
	gsSP2Triangles(28, 27, 24, 0, 28, 29, 27, 0),
	gsSP2Triangles(30, 29, 28, 0, 30, 31, 29, 0),
	gsSPVertex(Intro_Cube_mesh_vtx_0 + 384, 32, 0),
	gsSP2Triangles(0, 1, 2, 0, 0, 3, 1, 0),
	gsSP2Triangles(3, 0, 4, 0, 3, 4, 5, 0),
	gsSP2Triangles(6, 5, 4, 0, 6, 4, 7, 0),
	gsSP2Triangles(8, 6, 7, 0, 8, 7, 9, 0),
	gsSP2Triangles(10, 8, 9, 0, 10, 11, 8, 0),
	gsSP2Triangles(8, 11, 12, 0, 11, 13, 12, 0),
	gsSP2Triangles(11, 14, 13, 0, 14, 15, 13, 0),
	gsSP2Triangles(14, 16, 15, 0, 16, 17, 15, 0),
	gsSP2Triangles(16, 1, 17, 0, 1, 18, 17, 0),
	gsSP2Triangles(1, 3, 18, 0, 3, 19, 18, 0),
	gsSP2Triangles(3, 5, 19, 0, 5, 20, 19, 0),
	gsSP2Triangles(5, 6, 20, 0, 6, 21, 20, 0),
	gsSP2Triangles(6, 8, 21, 0, 8, 12, 21, 0),
	gsSP2Triangles(22, 23, 24, 0, 22, 25, 23, 0),
	gsSP2Triangles(26, 25, 22, 0, 26, 27, 25, 0),
	gsSP2Triangles(28, 27, 26, 0, 28, 29, 27, 0),
	gsSP2Triangles(29, 28, 30, 0, 29, 30, 31, 0),
	gsSPVertex(Intro_Cube_mesh_vtx_0 + 416, 32, 0),
	gsSP2Triangles(0, 1, 2, 0, 0, 2, 3, 0),
	gsSP2Triangles(3, 4, 0, 0, 3, 5, 4, 0),
	gsSP2Triangles(4, 5, 6, 0, 4, 6, 7, 0),
	gsSP2Triangles(8, 7, 6, 0, 8, 6, 9, 0),
	gsSP2Triangles(9, 10, 8, 0, 9, 11, 10, 0),
	gsSP2Triangles(11, 12, 10, 0, 11, 13, 12, 0),
	gsSP2Triangles(13, 14, 12, 0, 13, 15, 14, 0),
	gsSP2Triangles(14, 15, 16, 0, 14, 16, 17, 0),
	gsSP2Triangles(14, 17, 18, 0, 17, 19, 18, 0),
	gsSP2Triangles(17, 20, 19, 0, 20, 21, 19, 0),
	gsSP2Triangles(20, 22, 21, 0, 22, 23, 21, 0),
	gsSP2Triangles(22, 24, 23, 0, 24, 25, 23, 0),
	gsSP2Triangles(24, 1, 25, 0, 1, 26, 25, 0),
	gsSP2Triangles(1, 0, 26, 0, 0, 27, 26, 0),
	gsSP2Triangles(0, 4, 27, 0, 4, 28, 27, 0),
	gsSP2Triangles(4, 7, 28, 0, 7, 29, 28, 0),
	gsSP2Triangles(7, 8, 29, 0, 8, 30, 29, 0),
	gsSP2Triangles(8, 10, 30, 0, 10, 31, 30, 0),
	gsSP1Triangle(10, 12, 31, 0),
	gsSPVertex(Intro_Cube_mesh_vtx_0 + 448, 32, 0),
	gsSP2Triangles(0, 1, 2, 0, 0, 3, 1, 0),
	gsSP2Triangles(3, 4, 1, 0, 5, 6, 7, 0),
	gsSP2Triangles(5, 8, 6, 0, 9, 8, 5, 0),
	gsSP2Triangles(9, 10, 8, 0, 11, 10, 9, 0),
	gsSP2Triangles(11, 12, 10, 0, 13, 12, 11, 0),
	gsSP2Triangles(13, 14, 12, 0, 15, 14, 13, 0),
	gsSP2Triangles(15, 16, 14, 0, 17, 16, 15, 0),
	gsSP2Triangles(17, 18, 16, 0, 19, 18, 17, 0),
	gsSP2Triangles(19, 20, 18, 0, 21, 20, 19, 0),
	gsSP2Triangles(21, 22, 20, 0, 21, 23, 22, 0),
	gsSP2Triangles(21, 24, 23, 0, 25, 23, 24, 0),
	gsSP2Triangles(25, 26, 23, 0, 27, 26, 25, 0),
	gsSP2Triangles(27, 28, 26, 0, 29, 28, 27, 0),
	gsSP2Triangles(29, 30, 28, 0, 7, 30, 29, 0),
	gsSP2Triangles(7, 6, 30, 0, 30, 6, 31, 0),
	gsSPVertex(Intro_Cube_mesh_vtx_0 + 480, 32, 0),
	gsSP2Triangles(0, 1, 2, 0, 0, 3, 1, 0),
	gsSP2Triangles(3, 4, 1, 0, 3, 5, 4, 0),
	gsSP2Triangles(5, 6, 4, 0, 5, 7, 6, 0),
	gsSP2Triangles(7, 8, 6, 0, 7, 9, 8, 0),
	gsSP2Triangles(9, 10, 8, 0, 9, 11, 10, 0),
	gsSP2Triangles(11, 12, 10, 0, 11, 13, 12, 0),
	gsSP2Triangles(13, 14, 12, 0, 13, 15, 14, 0),
	gsSP2Triangles(15, 16, 14, 0, 15, 17, 16, 0),
	gsSP2Triangles(17, 18, 16, 0, 17, 19, 18, 0),
	gsSP2Triangles(19, 20, 18, 0, 19, 21, 20, 0),
	gsSP2Triangles(21, 22, 20, 0, 21, 23, 22, 0),
	gsSP2Triangles(23, 24, 22, 0, 23, 25, 24, 0),
	gsSP2Triangles(25, 2, 24, 0, 26, 27, 28, 0),
	gsSP2Triangles(26, 29, 27, 0, 26, 30, 29, 0),
	gsSP1Triangle(30, 26, 31, 0),
	gsSPVertex(Intro_Cube_mesh_vtx_0 + 512, 32, 0),
	gsSP2Triangles(0, 1, 2, 0, 0, 3, 1, 0),
	gsSP2Triangles(0, 4, 3, 0, 5, 3, 4, 0),
	gsSP2Triangles(5, 6, 3, 0, 7, 6, 5, 0),
	gsSP2Triangles(7, 5, 8, 0, 9, 7, 8, 0),
	gsSP2Triangles(9, 8, 10, 0, 11, 9, 10, 0),
	gsSP2Triangles(11, 10, 12, 0, 13, 11, 12, 0),
	gsSP2Triangles(13, 12, 14, 0, 15, 13, 14, 0),
	gsSP2Triangles(15, 14, 16, 0, 17, 15, 16, 0),
	gsSP2Triangles(17, 16, 18, 0, 19, 17, 18, 0),
	gsSP2Triangles(19, 18, 20, 0, 17, 19, 21, 0),
	gsSP2Triangles(19, 2, 21, 0, 17, 21, 22, 0),
	gsSP2Triangles(15, 17, 22, 0, 15, 22, 23, 0),
	gsSP2Triangles(13, 15, 23, 0, 13, 23, 24, 0),
	gsSP2Triangles(11, 13, 24, 0, 11, 24, 25, 0),
	gsSP2Triangles(9, 11, 25, 0, 9, 25, 26, 0),
	gsSP2Triangles(7, 9, 26, 0, 7, 26, 27, 0),
	gsSP2Triangles(6, 7, 27, 0, 6, 27, 28, 0),
	gsSP2Triangles(3, 6, 28, 0, 3, 28, 1, 0),
	gsSP1Triangle(29, 30, 31, 0),
	gsSPVertex(Intro_Cube_mesh_vtx_0 + 544, 32, 0),
	gsSP2Triangles(0, 1, 2, 0, 3, 1, 0, 0),
	gsSP2Triangles(3, 4, 1, 0, 5, 4, 3, 0),
	gsSP2Triangles(5, 6, 4, 0, 7, 6, 5, 0),
	gsSP2Triangles(7, 8, 6, 0, 8, 7, 9, 0),
	gsSP2Triangles(8, 9, 10, 0, 11, 10, 9, 0),
	gsSP2Triangles(11, 9, 12, 0, 13, 11, 12, 0),
	gsSP2Triangles(13, 12, 14, 0, 15, 13, 14, 0),
	gsSP2Triangles(15, 2, 13, 0, 13, 2, 16, 0),
	gsSP2Triangles(2, 17, 16, 0, 2, 1, 17, 0),
	gsSP2Triangles(1, 18, 17, 0, 1, 4, 18, 0),
	gsSP2Triangles(4, 19, 18, 0, 4, 6, 19, 0),
	gsSP2Triangles(6, 20, 19, 0, 6, 8, 20, 0),
	gsSP2Triangles(8, 21, 20, 0, 8, 10, 21, 0),
	gsSP2Triangles(10, 22, 21, 0, 10, 11, 22, 0),
	gsSP2Triangles(11, 23, 22, 0, 11, 13, 23, 0),
	gsSP2Triangles(13, 16, 23, 0, 24, 25, 26, 0),
	gsSP2Triangles(25, 27, 26, 0, 25, 28, 27, 0),
	gsSP2Triangles(28, 29, 27, 0, 28, 30, 29, 0),
	gsSP2Triangles(30, 31, 29, 0, 30, 24, 31, 0),
	gsSP1Triangle(24, 26, 31, 0),
	gsSPVertex(Intro_Cube_mesh_vtx_0 + 576, 32, 0),
	gsSP2Triangles(0, 1, 2, 0, 1, 3, 2, 0),
	gsSP2Triangles(1, 4, 3, 0, 4, 5, 3, 0),
	gsSP2Triangles(4, 6, 5, 0, 6, 7, 5, 0),
	gsSP2Triangles(6, 0, 7, 0, 0, 2, 7, 0),
	gsSP2Triangles(8, 9, 10, 0, 11, 10, 9, 0),
	gsSP2Triangles(11, 12, 10, 0, 13, 12, 11, 0),
	gsSP2Triangles(13, 14, 12, 0, 14, 13, 15, 0),
	gsSP2Triangles(14, 15, 16, 0, 17, 16, 15, 0),
	gsSP2Triangles(17, 18, 16, 0, 19, 18, 17, 0),
	gsSP2Triangles(19, 20, 18, 0, 8, 20, 19, 0),
	gsSP2Triangles(8, 21, 20, 0, 8, 10, 21, 0),
	gsSP2Triangles(21, 10, 22, 0, 10, 23, 22, 0),
	gsSP2Triangles(10, 12, 23, 0, 12, 24, 23, 0),
	gsSP2Triangles(12, 14, 24, 0, 14, 25, 24, 0),
	gsSP2Triangles(14, 16, 25, 0, 16, 26, 25, 0),
	gsSP2Triangles(16, 18, 26, 0, 18, 27, 26, 0),
	gsSP2Triangles(18, 20, 27, 0, 20, 28, 27, 0),
	gsSP2Triangles(20, 21, 28, 0, 21, 22, 28, 0),
	gsSP1Triangle(29, 30, 31, 0),
	gsSPVertex(Intro_Cube_mesh_vtx_0 + 608, 32, 0),
	gsSP2Triangles(0, 1, 2, 0, 0, 3, 1, 0),
	gsSP2Triangles(4, 3, 0, 0, 4, 5, 3, 0),
	gsSP2Triangles(6, 5, 4, 0, 6, 7, 5, 0),
	gsSP2Triangles(6, 1, 7, 0, 7, 1, 8, 0),
	gsSP2Triangles(1, 9, 8, 0, 1, 3, 9, 0),
	gsSP2Triangles(3, 10, 9, 0, 3, 5, 10, 0),
	gsSP2Triangles(5, 11, 10, 0, 5, 7, 11, 0),
	gsSP2Triangles(7, 8, 11, 0, 12, 13, 14, 0),
	gsSP2Triangles(13, 15, 14, 0, 13, 16, 15, 0),
	gsSP2Triangles(17, 15, 16, 0, 17, 18, 15, 0),
	gsSP2Triangles(19, 18, 17, 0, 19, 20, 18, 0),
	gsSP2Triangles(21, 20, 19, 0, 21, 22, 20, 0),
	gsSP2Triangles(23, 22, 21, 0, 23, 24, 22, 0),
	gsSP2Triangles(25, 24, 23, 0, 25, 26, 24, 0),
	gsSP2Triangles(27, 26, 25, 0, 27, 28, 26, 0),
	gsSP2Triangles(29, 28, 27, 0, 29, 30, 28, 0),
	gsSP1Triangle(31, 30, 29, 0),
	gsSPVertex(Intro_Cube_mesh_vtx_0 + 640, 32, 0),
	gsSP2Triangles(0, 1, 2, 0, 3, 1, 0, 0),
	gsSP2Triangles(3, 4, 1, 0, 1, 4, 5, 0),
	gsSP2Triangles(4, 6, 5, 0, 4, 7, 6, 0),
	gsSP2Triangles(7, 8, 6, 0, 7, 9, 8, 0),
	gsSP2Triangles(9, 10, 8, 0, 9, 11, 10, 0),
	gsSP2Triangles(11, 12, 10, 0, 11, 13, 12, 0),
	gsSP2Triangles(13, 14, 12, 0, 13, 15, 14, 0),
	gsSP2Triangles(15, 16, 14, 0, 15, 17, 16, 0),
	gsSP2Triangles(17, 18, 16, 0, 17, 19, 18, 0),
	gsSP2Triangles(19, 20, 18, 0, 19, 2, 20, 0),
	gsSP2Triangles(2, 21, 20, 0, 2, 1, 21, 0),
	gsSP2Triangles(1, 5, 21, 0, 22, 23, 24, 0),
	gsSP2Triangles(22, 25, 23, 0, 25, 22, 26, 0),
	gsSP2Triangles(22, 27, 26, 0, 22, 28, 27, 0),
	gsSP2Triangles(22, 24, 28, 0, 28, 24, 29, 0),
	gsSP2Triangles(30, 28, 29, 0, 30, 29, 31, 0),
	gsSPVertex(Intro_Cube_mesh_vtx_0 + 672, 32, 0),
	gsSP2Triangles(0, 1, 2, 0, 0, 2, 3, 0),
	gsSP2Triangles(4, 0, 3, 0, 4, 3, 5, 0),
	gsSP2Triangles(6, 4, 5, 0, 6, 5, 7, 0),
	gsSP2Triangles(8, 6, 7, 0, 8, 7, 9, 0),
	gsSP2Triangles(10, 8, 9, 0, 10, 9, 11, 0),
	gsSP2Triangles(12, 10, 11, 0, 12, 11, 13, 0),
	gsSP2Triangles(14, 12, 13, 0, 14, 13, 15, 0),
	gsSP2Triangles(16, 14, 15, 0, 16, 15, 17, 0),
	gsSP2Triangles(18, 16, 17, 0, 18, 17, 19, 0),
	gsSP2Triangles(20, 18, 19, 0, 20, 19, 21, 0),
	gsSP2Triangles(22, 20, 21, 0, 22, 21, 23, 0),
	gsSP2Triangles(20, 22, 24, 0, 22, 25, 24, 0),
	gsSP2Triangles(20, 24, 26, 0, 18, 20, 26, 0),
	gsSP2Triangles(18, 26, 27, 0, 16, 18, 27, 0),
	gsSP2Triangles(16, 27, 28, 0, 14, 16, 28, 0),
	gsSP2Triangles(14, 28, 29, 0, 12, 14, 29, 0),
	gsSP2Triangles(12, 29, 30, 0, 10, 12, 30, 0),
	gsSP2Triangles(10, 30, 31, 0, 8, 10, 31, 0),
	gsSPVertex(Intro_Cube_mesh_vtx_0 + 704, 13, 0),
	gsSP2Triangles(0, 1, 2, 0, 3, 0, 2, 0),
	gsSP2Triangles(3, 2, 4, 0, 5, 3, 4, 0),
	gsSP2Triangles(5, 4, 6, 0, 7, 5, 6, 0),
	gsSP2Triangles(7, 6, 8, 0, 9, 7, 8, 0),
	gsSP2Triangles(9, 8, 10, 0, 11, 9, 10, 0),
	gsSP1Triangle(11, 10, 12, 0),
	gsSPEndDisplayList(),
};

Vtx Intro_Cube_mesh_vtx_1[115] = {
	{{ {-450, 351, 633}, 0, {2473, 2251}, {0, 65, 109, 255} }},
	{{ {-414, 505, 542}, 0, {2601, 1264}, {0, 65, 109, 255} }},
	{{ {-507, 514, 537}, 0, {2270, 1210}, {0, 65, 109, 255} }},
	{{ {-532, 275, 679}, 0, {2178, 2743}, {0, 65, 109, 255} }},
	{{ {-382, 273, 680}, 0, {2715, 2752}, {0, 65, 109, 255} }},
	{{ {-367, 356, 631}, 0, {2770, 2222}, {0, 65, 109, 255} }},
	{{ {-631, 478, 559}, 0, {1826, 1331}, {0, 65, 109, 255} }},
	{{ {-562, 344, 639}, 0, {2073, 2195}, {0, 65, 109, 255} }},
	{{ {-563, 481, 558}, 0, {2069, 1312}, {0, 65, 109, 255} }},
	{{ {-630, 364, 627}, 0, {1828, 2065}, {0, 65, 109, 255} }},
	{{ {-608, 290, 671}, 0, {1909, 2538}, {0, 65, 109, 255} }},
	{{ {-693, 341, 641}, 0, {1603, 2210}, {0, 65, 109, 255} }},
	{{ {-909, 399, 606}, 0, {830, 1858}, {0, 65, 109, 255} }},
	{{ {-1009, 414, 597}, 0, {474, 1765}, {0, 65, 109, 255} }},
	{{ {-966, 348, 636}, 0, {629, 2182}, {0, 65, 109, 255} }},
	{{ {-947, 455, 573}, 0, {697, 1502}, {0, 65, 109, 255} }},
	{{ {-905, 511, 540}, 0, {845, 1143}, {0, 65, 109, 255} }},
	{{ {-845, 508, 541}, 0, {1059, 1160}, {0, 65, 109, 255} }},
	{{ {-871, 336, 643}, 0, {966, 2264}, {0, 65, 109, 255} }},
	{{ {-964, 512, 539}, 0, {636, 1134}, {0, 65, 109, 255} }},
	{{ {-1029, 519, 535}, 0, {404, 1090}, {0, 65, 109, 255} }},
	{{ {-1148, 297, 666}, 0, {-24, 2510}, {0, 65, 109, 255} }},
	{{ {-1064, 281, 676}, 0, {278, 2615}, {0, 65, 109, 255} }},
	{{ {-845, 508, 541}, 0, {1059, 1160}, {0, 65, 109, 255} }},
	{{ {-871, 336, 643}, 0, {966, 2264}, {0, 65, 109, 255} }},
	{{ {-790, 283, 675}, 0, {1256, 2602}, {0, 65, 109, 255} }},
	{{ {-876, 272, 681}, 0, {950, 2669}, {0, 65, 109, 255} }},
	{{ {-608, 290, 671}, 0, {1909, 2538}, {0, 65, 109, 255} }},
	{{ {-693, 341, 641}, 0, {1603, 2210}, {0, 65, 109, 255} }},
	{{ {-723, 285, 674}, 0, {1496, 2573}, {0, 65, 109, 255} }},
	{{ {-771, 338, 643}, 0, {1324, 2233}, {0, 65, 109, 255} }},
	{{ {-676, 495, 550}, 0, {1664, 1228}, {0, 65, 109, 255} }},
	{{ {-769, 493, 551}, 0, {1332, 1236}, {0, 65, 109, 255} }},
	{{ {-305, 426, 589}, 0, {2991, 1774}, {0, 65, 109, 255} }},
	{{ {-328, 270, 682}, 0, {2909, 2772}, {0, 65, 109, 255} }},
	{{ {-234, 261, 687}, 0, {3243, 2826}, {0, 65, 109, 255} }},
	{{ {-242, 426, 589}, 0, {3217, 1773}, {0, 65, 109, 255} }},
	{{ {-160, 503, 543}, 0, {3509, 1277}, {0, 65, 109, 255} }},
	{{ {-156, 421, 592}, 0, {3523, 1804}, {0, 65, 109, 255} }},
	{{ {-374, 505, 543}, 0, {2746, 1267}, {0, 65, 109, 255} }},
	{{ {-389, 421, 592}, 0, {2690, 1803}, {0, 65, 109, 255} }},
	{{ {-35, 251, 693}, 0, {3955, 2896}, {0, 65, 109, 255} }},
	{{ {-111, 491, 551}, 0, {3683, 1357}, {0, 65, 109, 255} }},
	{{ {-134, 253, 691}, 0, {3601, 2878}, {0, 65, 109, 255} }},
	{{ {-60, 489, 552}, 0, {3867, 1368}, {0, 65, 109, 255} }},
	{{ {141, 495, 548}, 0, {4587, 1329}, {0, 65, 109, 255} }},
	{{ {116, 259, 688}, 0, {4494, 2841}, {0, 65, 109, 255} }},
	{{ {208, 479, 558}, 0, {4823, 1434}, {0, 65, 109, 255} }},
	{{ {97, 390, 610}, 0, {4429, 2002}, {0, 65, 109, 255} }},
	{{ {79, 259, 688}, 0, {4363, 2841}, {0, 65, 109, 255} }},
	{{ {-4, 488, 552}, 0, {4065, 1375}, {0, 65, 109, 255} }},
	{{ {97, 390, 610}, 0, {4429, 2002}, {0, 65, 109, 255} }},
	{{ {65, 501, 545}, 0, {4312, 1294}, {0, 65, 109, 255} }},
	{{ {-4, 488, 552}, 0, {4065, 1375}, {0, 65, 109, 255} }},
	{{ {383, 428, 588}, 0, {5449, 1762}, {0, 65, 109, 255} }},
	{{ {389, 465, 566}, 0, {5472, 1526}, {0, 65, 109, 255} }},
	{{ {257, 467, 565}, 0, {5000, 1512}, {0, 65, 109, 255} }},
	{{ {315, 425, 590}, 0, {5209, 1779}, {0, 65, 109, 255} }},
	{{ {235, 341, 639}, 0, {4922, 2314}, {0, 65, 109, 255} }},
	{{ {310, 396, 607}, 0, {5188, 1966}, {0, 65, 109, 255} }},
	{{ {307, 352, 633}, 0, {5178, 2244}, {0, 65, 109, 255} }},
	{{ {323, 312, 657}, 0, {5237, 2503}, {0, 65, 109, 255} }},
	{{ {371, 353, 632}, 0, {5407, 2237}, {0, 65, 109, 255} }},
	{{ {376, 395, 607}, 0, {5424, 1969}, {0, 65, 109, 255} }},
	{{ {235, 341, 639}, 0, {4922, 2314}, {0, 65, 109, 255} }},
	{{ {258, 266, 684}, 0, {5002, 2799}, {0, 65, 109, 255} }},
	{{ {323, 312, 657}, 0, {5237, 2503}, {0, 65, 109, 255} }},
	{{ {409, 277, 678}, 0, {5542, 2730}, {0, 65, 109, 255} }},
	{{ {394, 329, 647}, 0, {5488, 2395}, {0, 65, 109, 255} }},
	{{ {457, 272, 679}, 0, {5715, 2755}, {0, 65, 109, 255} }},
	{{ {514, 276, 677}, 0, {5920, 2728}, {0, 65, 109, 255} }},
	{{ {451, 292, 667}, 0, {5695, 2626}, {0, 65, 109, 255} }},
	{{ {513, 341, 638}, 0, {5916, 2311}, {0, 65, 109, 255} }},
	{{ {512, 385, 613}, 0, {5910, 2034}, {0, 65, 109, 255} }},
	{{ {540, 377, 617}, 0, {6011, 2086}, {0, 65, 109, 255} }},
	{{ {583, 346, 635}, 0, {6165, 2282}, {0, 65, 109, 255} }},
	{{ {583, 265, 684}, 0, {6166, 2803}, {0, 65, 109, 255} }},
	{{ {581, 418, 593}, 0, {6156, 1820}, {0, 65, 109, 255} }},
	{{ {462, 475, 559}, 0, {5732, 1455}, {0, 65, 109, 255} }},
	{{ {514, 446, 576}, 0, {5920, 1638}, {0, 65, 109, 255} }},
	{{ {573, 477, 558}, 0, {6131, 1441}, {0, 65, 109, 255} }},
	{{ {583, 346, 635}, 0, {6165, 2282}, {0, 65, 109, 255} }},
	{{ {583, 265, 684}, 0, {6166, 2803}, {0, 65, 109, 255} }},
	{{ {649, 291, 668}, 0, {6401, 2634}, {0, 65, 109, 255} }},
	{{ {634, 433, 584}, 0, {6349, 1723}, {0, 65, 109, 255} }},
	{{ {573, 477, 558}, 0, {6131, 1441}, {0, 65, 109, 255} }},
	{{ {581, 418, 593}, 0, {6156, 1820}, {0, 65, 109, 255} }},
	{{ {622, 368, 622}, 0, {6303, 2142}, {0, 65, 109, 255} }},
	{{ {848, 479, 551}, 0, {7114, 1416}, {0, 65, 109, 255} }},
	{{ {873, 394, 601}, 0, {7202, 1957}, {0, 65, 109, 255} }},
	{{ {902, 432, 578}, 0, {7307, 1713}, {0, 65, 109, 255} }},
	{{ {814, 435, 577}, 0, {6991, 1694}, {0, 65, 109, 255} }},
	{{ {759, 472, 555}, 0, {6794, 1458}, {0, 65, 109, 255} }},
	{{ {682, 404, 595}, 0, {6519, 1895}, {0, 65, 109, 255} }},
	{{ {778, 395, 600}, 0, {6861, 1949}, {0, 65, 109, 255} }},
	{{ {793, 331, 639}, 0, {6915, 2363}, {0, 65, 109, 255} }},
	{{ {898, 314, 648}, 0, {7290, 2468}, {0, 65, 109, 255} }},
	{{ {762, 292, 661}, 0, {6804, 2611}, {0, 65, 109, 255} }},
	{{ {844, 241, 691}, 0, {7099, 2936}, {0, 65, 109, 255} }},
	{{ {738, 243, 690}, 0, {6720, 2924}, {0, 65, 109, 255} }},
	{{ {692, 333, 637}, 0, {6554, 2348}, {0, 65, 109, 255} }},
	{{ {654, 302, 655}, 0, {6418, 2545}, {0, 65, 109, 255} }},
	{{ {1102, 411, 598}, 0, {8020, 1869}, {0, 65, 109, 255} }},
	{{ {1109, 451, 574}, 0, {8046, 1610}, {0, 65, 109, 255} }},
	{{ {964, 454, 573}, 0, {7528, 1595}, {0, 65, 109, 255} }},
	{{ {1028, 408, 600}, 0, {7757, 1888}, {0, 65, 109, 255} }},
	{{ {940, 316, 654}, 0, {7442, 2475}, {0, 65, 109, 255} }},
	{{ {1022, 376, 619}, 0, {7734, 2092}, {0, 65, 109, 255} }},
	{{ {1019, 328, 647}, 0, {7723, 2398}, {0, 65, 109, 255} }},
	{{ {1037, 284, 673}, 0, {7787, 2681}, {0, 65, 109, 255} }},
	{{ {965, 233, 703}, 0, {7530, 3006}, {0, 65, 109, 255} }},
	{{ {1130, 245, 696}, 0, {8122, 2931}, {0, 65, 109, 255} }},
	{{ {1114, 303, 662}, 0, {8064, 2563}, {0, 65, 109, 255} }},
	{{ {1089, 330, 646}, 0, {7974, 2390}, {0, 65, 109, 255} }},
	{{ {1094, 375, 619}, 0, {7993, 2096}, {0, 65, 109, 255} }},
};

Gfx Intro_Cube_mesh_tri_1[] = {
	gsDPLoadSync(),
	gsDPSetTextureImage(G_IM_FMT_RGBA, G_IM_SIZ_16b, 256, Intro_skybox2_small_rgba16),
	gsDPSetTile(G_IM_FMT_RGBA, G_IM_SIZ_16b, 10, 0, 7, 0, G_TX_WRAP | G_TX_NOMIRROR, 0, 0, G_TX_WRAP | G_TX_NOMIRROR, 0, 0),
	gsDPLoadTile(7, 200, 148, 348, 344),
	gsDPSetTile(G_IM_FMT_RGBA, G_IM_SIZ_16b, 10, 0, 0, 0, G_TX_CLAMP | G_TX_NOMIRROR, 0, 0, G_TX_CLAMP | G_TX_NOMIRROR, 0, 0),
	gsDPSetTileSize(0, 200, 148, 348, 344),
	gsSPVertex(Intro_Cube_mesh_vtx_1 + 0, 12, 0),
	gsSP2Triangles(0, 1, 2, 0, 0, 2, 3, 0),
	gsSP2Triangles(3, 4, 0, 0, 4, 5, 0, 0),
	gsSP2Triangles(6, 7, 8, 0, 6, 9, 7, 0),
	gsSP2Triangles(10, 7, 9, 0, 10, 9, 11, 0),
	gsDPLoadSync(),
	gsDPSetTile(G_IM_FMT_RGBA, G_IM_SIZ_16b, 9, 0, 7, 0, G_TX_WRAP | G_TX_NOMIRROR, 0, 0, G_TX_WRAP | G_TX_NOMIRROR, 0, 0),
	gsDPLoadTile(7, 0, 136, 136, 328),
	gsDPSetTile(G_IM_FMT_RGBA, G_IM_SIZ_16b, 9, 0, 0, 0, G_TX_CLAMP | G_TX_NOMIRROR, 0, 0, G_TX_CLAMP | G_TX_NOMIRROR, 0, 0),
	gsDPSetTileSize(0, 0, 136, 136, 328),
	gsSPVertex(Intro_Cube_mesh_vtx_1 + 12, 11, 0),
	gsSP2Triangles(0, 1, 2, 0, 0, 3, 1, 0),
	gsSP2Triangles(3, 0, 4, 0, 4, 0, 5, 0),
	gsSP2Triangles(0, 6, 5, 0, 1, 3, 7, 0),
	gsSP2Triangles(8, 1, 7, 0, 9, 1, 8, 0),
	gsSP1Triangle(1, 9, 10, 0),
	gsDPLoadSync(),
	gsDPSetTile(G_IM_FMT_RGBA, G_IM_SIZ_16b, 8, 0, 7, 0, G_TX_WRAP | G_TX_NOMIRROR, 0, 0, G_TX_WRAP | G_TX_NOMIRROR, 0, 0),
	gsDPLoadTile(7, 116, 144, 240, 336),
	gsDPSetTile(G_IM_FMT_RGBA, G_IM_SIZ_16b, 8, 0, 0, 0, G_TX_CLAMP | G_TX_NOMIRROR, 0, 0, G_TX_CLAMP | G_TX_NOMIRROR, 0, 0),
	gsDPSetTileSize(0, 116, 144, 240, 336),
	gsSPVertex(Intro_Cube_mesh_vtx_1 + 23, 10, 0),
	gsSP2Triangles(0, 1, 2, 0, 2, 1, 3, 0),
	gsSP2Triangles(4, 5, 6, 0, 7, 6, 5, 0),
	gsSP2Triangles(7, 5, 8, 0, 7, 8, 9, 0),
	gsDPLoadSync(),
	gsDPSetTile(G_IM_FMT_RGBA, G_IM_SIZ_16b, 7, 0, 7, 0, G_TX_WRAP | G_TX_NOMIRROR, 0, 0, G_TX_WRAP | G_TX_NOMIRROR, 0, 0),
	gsDPLoadTile(7, 336, 156, 444, 356),
	gsDPSetTile(G_IM_FMT_RGBA, G_IM_SIZ_16b, 7, 0, 0, 0, G_TX_CLAMP | G_TX_NOMIRROR, 0, 0, G_TX_CLAMP | G_TX_NOMIRROR, 0, 0),
	gsDPSetTileSize(0, 336, 156, 444, 356),
	gsSPVertex(Intro_Cube_mesh_vtx_1 + 33, 8, 0),
	gsSP2Triangles(0, 1, 2, 0, 0, 2, 3, 0),
	gsSP2Triangles(0, 3, 4, 0, 3, 5, 4, 0),
	gsSP2Triangles(4, 6, 0, 0, 6, 7, 0, 0),
	gsDPLoadSync(),
	gsDPSetTile(G_IM_FMT_RGBA, G_IM_SIZ_16b, 10, 0, 7, 0, G_TX_WRAP | G_TX_NOMIRROR, 0, 0, G_TX_WRAP | G_TX_NOMIRROR, 0, 0),
	gsDPLoadTile(7, 448, 164, 604, 364),
	gsDPSetTile(G_IM_FMT_RGBA, G_IM_SIZ_16b, 10, 0, 0, 0, G_TX_CLAMP | G_TX_NOMIRROR, 0, 0, G_TX_CLAMP | G_TX_NOMIRROR, 0, 0),
	gsDPSetTileSize(0, 448, 164, 604, 364),
	gsSPVertex(Intro_Cube_mesh_vtx_1 + 41, 10, 0),
	gsSP2Triangles(0, 1, 2, 0, 1, 0, 3, 0),
	gsSP2Triangles(4, 5, 6, 0, 4, 7, 5, 0),
	gsSP2Triangles(5, 7, 8, 0, 7, 9, 8, 0),
	gsDPLoadSync(),
	gsDPSetTile(G_IM_FMT_RGBA, G_IM_SIZ_16b, 12, 0, 7, 0, G_TX_WRAP | G_TX_NOMIRROR, 0, 0, G_TX_WRAP | G_TX_NOMIRROR, 0, 0),
	gsDPLoadTile(7, 508, 160, 684, 316),
	gsDPSetTile(G_IM_FMT_RGBA, G_IM_SIZ_16b, 12, 0, 0, 0, G_TX_CLAMP | G_TX_NOMIRROR, 0, 0, G_TX_CLAMP | G_TX_NOMIRROR, 0, 0),
	gsDPSetTileSize(0, 508, 160, 684, 316),
	gsSPVertex(Intro_Cube_mesh_vtx_1 + 51, 13, 0),
	gsSP2Triangles(0, 1, 2, 0, 3, 4, 5, 0),
	gsSP2Triangles(3, 5, 6, 0, 7, 6, 5, 0),
	gsSP2Triangles(7, 8, 6, 0, 8, 7, 9, 0),
	gsSP2Triangles(9, 7, 10, 0, 11, 8, 9, 0),
	gsSP1Triangle(11, 12, 8, 0),
	gsDPLoadSync(),
	gsDPSetTile(G_IM_FMT_RGBA, G_IM_SIZ_16b, 11, 0, 7, 0, G_TX_WRAP | G_TX_NOMIRROR, 0, 0, G_TX_WRAP | G_TX_NOMIRROR, 0, 0),
	gsDPLoadTile(7, 612, 180, 772, 352),
	gsDPSetTile(G_IM_FMT_RGBA, G_IM_SIZ_16b, 11, 0, 0, 0, G_TX_CLAMP | G_TX_NOMIRROR, 0, 0, G_TX_CLAMP | G_TX_NOMIRROR, 0, 0),
	gsDPSetTileSize(0, 612, 180, 772, 352),
	gsSPVertex(Intro_Cube_mesh_vtx_1 + 64, 17, 0),
	gsSP2Triangles(0, 1, 2, 0, 3, 2, 1, 0),
	gsSP2Triangles(3, 4, 2, 0, 5, 6, 7, 0),
	gsSP2Triangles(6, 8, 7, 0, 8, 9, 7, 0),
	gsSP2Triangles(10, 9, 8, 0, 10, 8, 11, 0),
	gsSP2Triangles(8, 12, 11, 0, 13, 10, 11, 0),
	gsSP2Triangles(7, 9, 14, 0, 14, 9, 15, 0),
	gsSP2Triangles(16, 14, 15, 0, 16, 15, 13, 0),
	gsDPLoadSync(),
	gsDPSetTile(G_IM_FMT_RGBA, G_IM_SIZ_16b, 10, 0, 7, 0, G_TX_WRAP | G_TX_NOMIRROR, 0, 0, G_TX_WRAP | G_TX_NOMIRROR, 0, 0),
	gsDPLoadTile(7, 764, 176, 916, 368),
	gsDPSetTile(G_IM_FMT_RGBA, G_IM_SIZ_16b, 10, 0, 0, 0, G_TX_CLAMP | G_TX_NOMIRROR, 0, 0, G_TX_CLAMP | G_TX_NOMIRROR, 0, 0),
	gsDPSetTileSize(0, 764, 176, 916, 368),
	gsSPVertex(Intro_Cube_mesh_vtx_1 + 81, 21, 0),
	gsSP2Triangles(0, 1, 2, 0, 3, 4, 5, 0),
	gsSP2Triangles(6, 3, 5, 0, 6, 5, 0, 0),
	gsSP2Triangles(7, 8, 9, 0, 7, 10, 8, 0),
	gsSP2Triangles(7, 11, 10, 0, 11, 12, 10, 0),
	gsSP2Triangles(10, 12, 13, 0, 12, 14, 13, 0),
	gsSP2Triangles(13, 14, 15, 0, 14, 16, 15, 0),
	gsSP2Triangles(15, 16, 17, 0, 18, 17, 16, 0),
	gsSP2Triangles(19, 18, 16, 0, 19, 20, 18, 0),
	gsDPLoadSync(),
	gsDPSetTile(G_IM_FMT_RGBA, G_IM_SIZ_16b, 6, 0, 7, 0, G_TX_WRAP | G_TX_NOMIRROR, 0, 0, G_TX_WRAP | G_TX_NOMIRROR, 0, 0),
	gsDPLoadTile(7, 928, 196, 1016, 376),
	gsDPSetTile(G_IM_FMT_RGBA, G_IM_SIZ_16b, 6, 0, 0, 0, G_TX_CLAMP | G_TX_NOMIRROR, 0, 0, G_TX_CLAMP | G_TX_NOMIRROR, 0, 0),
	gsDPSetTileSize(0, 928, 196, 1016, 376),
	gsSPVertex(Intro_Cube_mesh_vtx_1 + 102, 13, 0),
	gsSP2Triangles(0, 1, 2, 0, 0, 2, 3, 0),
	gsSP2Triangles(4, 3, 2, 0, 4, 5, 3, 0),
	gsSP2Triangles(5, 4, 6, 0, 6, 4, 7, 0),
	gsSP2Triangles(4, 8, 7, 0, 9, 7, 8, 0),
	gsSP2Triangles(9, 10, 7, 0, 11, 5, 6, 0),
	gsSP1Triangle(11, 12, 5, 0),
	gsSPEndDisplayList(),
};

Vtx Intro_Cube_mesh_vtx_2[49] = {
	{{ {-265, 673, 356}, 0, {412, 1014}, {0, 65, 109, 255} }},
	{{ {-218, 768, 300}, 0, {516, 163}, {0, 65, 109, 255} }},
	{{ {-264, 770, 299}, 0, {414, 142}, {0, 65, 109, 255} }},
	{{ {-211, 580, 411}, 0, {531, 1844}, {0, 65, 109, 255} }},
	{{ {-254, 584, 409}, 0, {436, 1810}, {0, 65, 109, 255} }},
	{{ {-324, 684, 350}, 0, {284, 918}, {0, 65, 109, 255} }},
	{{ {-330, 770, 299}, 0, {270, 149}, {0, 65, 109, 255} }},
	{{ {-367, 770, 299}, 0, {189, 141}, {0, 65, 109, 255} }},
	{{ {-381, 597, 401}, 0, {160, 1693}, {0, 65, 109, 255} }},
	{{ {-327, 595, 403}, 0, {277, 1714}, {0, 65, 109, 255} }},
	{{ {-383, 586, 415}, 0, {155, 1793}, {0, 65, 109, 255} }},
	{{ {-459, 769, 307}, 0, {-12, 156}, {0, 65, 109, 255} }},
	{{ {-461, 581, 418}, 0, {-16, 1841}, {0, 65, 109, 255} }},
	{{ {-419, 771, 305}, 0, {76, 133}, {0, 65, 109, 255} }},
	{{ {-17, 714, 339}, 0, {956, 643}, {0, 65, 109, 255} }},
	{{ {-38, 569, 425}, 0, {910, 1942}, {0, 65, 109, 255} }},
	{{ {49, 561, 429}, 0, {1100, 2013}, {0, 65, 109, 255} }},
	{{ {42, 714, 339}, 0, {1085, 643}, {0, 65, 109, 255} }},
	{{ {118, 786, 296}, 0, {1252, -3}, {0, 65, 109, 255} }},
	{{ {122, 710, 341}, 0, {1259, 682}, {0, 65, 109, 255} }},
	{{ {-80, 788, 295}, 0, {817, -16}, {0, 65, 109, 255} }},
	{{ {-95, 710, 341}, 0, {785, 682}, {0, 65, 109, 255} }},
	{{ {290, 782, 319}, 0, {1627, 92}, {0, 65, 109, 255} }},
	{{ {228, 789, 315}, 0, {1492, 36}, {0, 65, 109, 255} }},
	{{ {225, 699, 368}, 0, {1484, 836}, {0, 65, 109, 255} }},
	{{ {291, 570, 445}, 0, {1629, 1995}, {0, 65, 109, 255} }},
	{{ {227, 567, 447}, 0, {1488, 2025}, {0, 65, 109, 255} }},
	{{ {222, 653, 396}, 0, {1477, 1254}, {0, 65, 109, 255} }},
	{{ {186, 660, 391}, 0, {1399, 1188}, {0, 65, 109, 255} }},
	{{ {179, 707, 364}, 0, {1384, 770}, {0, 65, 109, 255} }},
	{{ {178, 569, 445}, 0, {1382, 2003}, {0, 65, 109, 255} }},
	{{ {106, 570, 445}, 0, {1224, 1995}, {0, 65, 109, 255} }},
	{{ {106, 570, 445}, 0, {1224, 1995}, {0, 65, 109, 255} }},
	{{ {179, 707, 364}, 0, {1384, 770}, {0, 65, 109, 255} }},
	{{ {116, 791, 314}, 0, {1246, 13}, {0, 65, 109, 255} }},
	{{ {178, 781, 320}, 0, {1382, 103}, {0, 65, 109, 255} }},
	{{ {449, 720, 336}, 0, {1976, 593}, {0, 65, 109, 255} }},
	{{ {456, 757, 314}, 0, {1990, 265}, {0, 65, 109, 255} }},
	{{ {325, 759, 313}, 0, {1703, 247}, {0, 65, 109, 255} }},
	{{ {383, 717, 337}, 0, {1830, 618}, {0, 65, 109, 255} }},
	{{ {303, 634, 386}, 0, {1656, 1360}, {0, 65, 109, 255} }},
	{{ {377, 688, 354}, 0, {1817, 876}, {0, 65, 109, 255} }},
	{{ {374, 645, 380}, 0, {1811, 1262}, {0, 65, 109, 255} }},
	{{ {390, 605, 404}, 0, {1847, 1621}, {0, 65, 109, 255} }},
	{{ {325, 559, 431}, 0, {1704, 2032}, {0, 65, 109, 255} }},
	{{ {475, 570, 424}, 0, {2032, 1937}, {0, 65, 109, 255} }},
	{{ {460, 622, 394}, 0, {2000, 1471}, {0, 65, 109, 255} }},
	{{ {437, 646, 379}, 0, {1950, 1253}, {0, 65, 109, 255} }},
	{{ {442, 688, 355}, 0, {1961, 881}, {0, 65, 109, 255} }},
};

Gfx Intro_Cube_mesh_tri_2[] = {
	gsSPVertex(Intro_Cube_mesh_vtx_2 + 0, 32, 0),
	gsSP2Triangles(0, 1, 2, 0, 0, 3, 1, 0),
	gsSP2Triangles(3, 0, 4, 0, 4, 0, 5, 0),
	gsSP2Triangles(5, 0, 6, 0, 7, 5, 6, 0),
	gsSP2Triangles(8, 5, 7, 0, 9, 5, 8, 0),
	gsSP2Triangles(10, 11, 12, 0, 11, 10, 13, 0),
	gsSP2Triangles(14, 15, 16, 0, 14, 16, 17, 0),
	gsSP2Triangles(14, 17, 18, 0, 17, 19, 18, 0),
	gsSP2Triangles(18, 20, 14, 0, 20, 21, 14, 0),
	gsSP2Triangles(22, 23, 24, 0, 25, 22, 24, 0),
	gsSP2Triangles(24, 26, 25, 0, 24, 27, 26, 0),
	gsSP2Triangles(24, 28, 27, 0, 24, 29, 28, 0),
	gsSP2Triangles(29, 30, 28, 0, 29, 31, 30, 0),
	gsSPVertex(Intro_Cube_mesh_vtx_2 + 32, 17, 0),
	gsSP2Triangles(0, 1, 2, 0, 2, 1, 3, 0),
	gsSP2Triangles(4, 5, 6, 0, 4, 6, 7, 0),
	gsSP2Triangles(8, 7, 6, 0, 8, 9, 7, 0),
	gsSP2Triangles(9, 8, 10, 0, 10, 8, 11, 0),
	gsSP2Triangles(8, 12, 11, 0, 13, 11, 12, 0),
	gsSP2Triangles(13, 14, 11, 0, 15, 9, 10, 0),
	gsSP1Triangle(15, 16, 9, 0),
	gsSPEndDisplayList(),
};

Vtx Intro_Cube_mesh_vtx_3[13] = {
	{{ {-432, 1055, 204}, 0, {667, 482}, {0, 65, 109, 255} }},
	{{ {-556, 1073, 194}, 0, {382, 422}, {0, 65, 109, 255} }},
	{{ {-502, 992, 242}, 0, {506, 692}, {0, 65, 109, 255} }},
	{{ {-479, 1124, 163}, 0, {561, 251}, {0, 65, 109, 255} }},
	{{ {-427, 1194, 122}, 0, {680, 18}, {0, 65, 109, 255} }},
	{{ {-352, 1191, 124}, 0, {851, 29}, {0, 65, 109, 255} }},
	{{ {-385, 976, 251}, 0, {776, 746}, {0, 65, 109, 255} }},
	{{ {-283, 910, 290}, 0, {1008, 965}, {0, 65, 109, 255} }},
	{{ {-390, 897, 298}, 0, {764, 1008}, {0, 65, 109, 255} }},
	{{ {-500, 1196, 121}, 0, {512, 12}, {0, 65, 109, 255} }},
	{{ {-581, 1204, 116}, 0, {326, -16}, {0, 65, 109, 255} }},
	{{ {-730, 928, 280}, 0, {-16, 905}, {0, 65, 109, 255} }},
	{{ {-625, 907, 292}, 0, {226, 973}, {0, 65, 109, 255} }},
};

Gfx Intro_Cube_mesh_tri_3[] = {
	gsSPVertex(Intro_Cube_mesh_vtx_3 + 0, 13, 0),
	gsSP2Triangles(0, 1, 2, 0, 0, 3, 1, 0),
	gsSP2Triangles(3, 0, 4, 0, 4, 0, 5, 0),
	gsSP2Triangles(0, 6, 5, 0, 5, 6, 7, 0),
	gsSP2Triangles(7, 6, 8, 0, 1, 3, 9, 0),
	gsSP2Triangles(10, 1, 9, 0, 11, 1, 10, 0),
	gsSP1Triangle(1, 11, 12, 0),
	gsSPEndDisplayList(),
};

Vtx Intro_Cube_mesh_vtx_4[24] = {
	{{ {-179, 961, 231}, 0, {663, 763}, {0, 65, 109, 255} }},
	{{ {-178, 887, 275}, 0, {667, 1008}, {0, 65, 109, 255} }},
	{{ {-55, 891, 273}, 0, {1008, 995}, {0, 65, 109, 255} }},
	{{ {-180, 1023, 194}, 0, {662, 559}, {0, 65, 109, 255} }},
	{{ {-141, 1188, 97}, 0, {769, 15}, {0, 65, 109, 255} }},
	{{ {-184, 1091, 154}, 0, {650, 335}, {0, 65, 109, 255} }},
	{{ {-229, 1197, 91}, 0, {526, -16}, {0, 65, 109, 255} }},
	{{ {-230, 1102, 147}, 0, {522, 298}, {0, 65, 109, 255} }},
	{{ {-271, 1043, 182}, 0, {409, 491}, {0, 65, 109, 255} }},
	{{ {-424, 942, 242}, 0, {-16, 826}, {0, 65, 109, 255} }},
	{{ {-285, 984, 218}, 0, {371, 688}, {0, 65, 109, 255} }},
	{{ {-348, 916, 258}, 0, {195, 911}, {0, 65, 109, 255} }},
	{{ {600, 1066, 188}, 0, {675, 368}, {0, 65, 109, 255} }},
	{{ {614, 1166, 129}, 0, {720, 42}, {0, 65, 109, 255} }},
	{{ {504, 1184, 118}, 0, {352, -16}, {0, 65, 109, 255} }},
	{{ {699, 1075, 183}, 0, {1008, 341}, {0, 65, 109, 255} }},
	{{ {595, 996, 230}, 0, {659, 599}, {0, 65, 109, 255} }},
	{{ {687, 911, 280}, 0, {968, 876}, {0, 65, 109, 255} }},
	{{ {540, 983, 237}, 0, {473, 640}, {0, 65, 109, 255} }},
	{{ {522, 870, 304}, 0, {411, 1008}, {0, 65, 109, 255} }},
	{{ {495, 1023, 214}, 0, {320, 511}, {0, 65, 109, 255} }},
	{{ {395, 980, 239}, 0, {-16, 651}, {0, 65, 109, 255} }},
	{{ {411, 1118, 157}, 0, {40, 201}, {0, 65, 109, 255} }},
	{{ {530, 1091, 173}, 0, {438, 289}, {0, 65, 109, 255} }},
};

Gfx Intro_Cube_mesh_tri_4[] = {
	gsSPVertex(Intro_Cube_mesh_vtx_4 + 0, 24, 0),
	gsSP2Triangles(0, 1, 2, 0, 3, 0, 2, 0),
	gsSP2Triangles(2, 4, 3, 0, 4, 5, 3, 0),
	gsSP2Triangles(4, 6, 5, 0, 6, 7, 5, 0),
	gsSP2Triangles(7, 6, 8, 0, 6, 9, 8, 0),
	gsSP2Triangles(9, 10, 8, 0, 11, 10, 9, 0),
	gsSP2Triangles(10, 3, 8, 0, 10, 0, 3, 0),
	gsSP2Triangles(12, 13, 14, 0, 13, 12, 15, 0),
	gsSP2Triangles(16, 15, 12, 0, 16, 17, 15, 0),
	gsSP2Triangles(18, 17, 16, 0, 18, 19, 17, 0),
	gsSP2Triangles(20, 19, 18, 0, 20, 21, 19, 0),
	gsSP2Triangles(21, 20, 22, 0, 14, 22, 20, 0),
	gsSP2Triangles(20, 23, 14, 0, 12, 14, 23, 0),
	gsSPEndDisplayList(),
};

Vtx Intro_Cube_mesh_vtx_5[15] = {
	{{ {-34, 900, 286}, 0, {13, 972}, {0, 65, 109, 255} }},
	{{ {46, 906, 283}, 0, {310, 951}, {0, 65, 109, 255} }},
	{{ {-42, 929, 269}, 0, {-16, 875}, {0, 65, 109, 255} }},
	{{ {45, 997, 229}, 0, {304, 638}, {0, 65, 109, 255} }},
	{{ {43, 1058, 193}, 0, {296, 430}, {0, 65, 109, 255} }},
	{{ {82, 1047, 199}, 0, {442, 469}, {0, 65, 109, 255} }},
	{{ {143, 1004, 225}, 0, {665, 616}, {0, 65, 109, 255} }},
	{{ {143, 890, 293}, 0, {667, 1008}, {0, 65, 109, 255} }},
	{{ {236, 927, 271}, 0, {1008, 881}, {0, 65, 109, 255} }},
	{{ {139, 1105, 165}, 0, {653, 269}, {0, 65, 109, 255} }},
	{{ {197, 1035, 207}, 0, {866, 511}, {0, 65, 109, 255} }},
	{{ {215, 1126, 152}, 0, {932, 196}, {0, 65, 109, 255} }},
	{{ {129, 1188, 116}, 0, {616, -16}, {0, 65, 109, 255} }},
	{{ {46, 1145, 141}, 0, {310, 133}, {0, 65, 109, 255} }},
	{{ {-27, 1185, 117}, 0, {38, -5}, {0, 65, 109, 255} }},
};

Gfx Intro_Cube_mesh_tri_5[] = {
	gsSPVertex(Intro_Cube_mesh_vtx_5 + 0, 15, 0),
	gsSP2Triangles(0, 1, 2, 0, 1, 3, 2, 0),
	gsSP2Triangles(3, 4, 2, 0, 5, 4, 3, 0),
	gsSP2Triangles(5, 3, 6, 0, 3, 7, 6, 0),
	gsSP2Triangles(6, 7, 8, 0, 9, 5, 6, 0),
	gsSP2Triangles(10, 9, 6, 0, 10, 11, 9, 0),
	gsSP2Triangles(11, 12, 9, 0, 12, 13, 9, 0),
	gsSP2Triangles(12, 14, 13, 0, 14, 4, 13, 0),
	gsSP1Triangle(2, 4, 14, 0),
	gsSPEndDisplayList(),
};

Vtx Intro_Cube_mesh_vtx_6[4] = {
	{{ {392, 910, 299}, 0, {1008, 963}, {0, 65, 109, 255} }},
	{{ {260, 1195, 131}, 0, {-16, 7}, {0, 65, 109, 255} }},
	{{ {268, 897, 307}, 0, {46, 1008}, {0, 65, 109, 255} }},
	{{ {324, 1201, 127}, 0, {484, -16}, {0, 65, 109, 255} }},
};

Gfx Intro_Cube_mesh_tri_6[] = {
	gsSPVertex(Intro_Cube_mesh_vtx_6 + 0, 4, 0),
	gsSP2Triangles(0, 1, 2, 0, 1, 0, 3, 0),
	gsSPEndDisplayList(),
};

Vtx Intro_Cube_mesh_vtx_7[556] = {
	{{ {-1179, 80, 539}, 0, {-16, -16}, {255, 255, 255, 255} }},
	{{ {-1112, 26, 369}, 0, {325, 1008}, {255, 255, 255, 255} }},
	{{ {-1179, 80, 369}, 0, {-16, 1008}, {255, 255, 255, 255} }},
	{{ {-1112, 26, 539}, 0, {325, -16}, {255, 255, 255, 255} }},
	{{ {-1099, -102, 369}, 0, {667, 1008}, {255, 255, 255, 255} }},
	{{ {-1099, -102, 539}, 0, {667, -16}, {255, 255, 255, 255} }},
	{{ {-1165, -156, 369}, 0, {1008, 1008}, {255, 255, 255, 255} }},
	{{ {-1165, -156, 539}, 0, {1008, -16}, {255, 255, 255, 255} }},
	{{ {-1296, -156, 369}, 0, {1349, 1008}, {255, 255, 255, 255} }},
	{{ {-1296, -156, 539}, 0, {1349, -16}, {255, 255, 255, 255} }},
	{{ {-1296, 66, 369}, 0, {1691, 1008}, {255, 255, 255, 255} }},
	{{ {-1296, 66, 539}, 0, {1691, -16}, {255, 255, 255, 255} }},
	{{ {-1179, 80, 369}, 0, {2032, 1008}, {255, 255, 255, 255} }},
	{{ {-1179, 80, 539}, 0, {2032, -16}, {255, 255, 255, 255} }},
	{{ {-1223, -5, 539}, 0, {-16, -16}, {255, 255, 255, 255} }},
	{{ {-1223, -74, 369}, 0, {496, 1008}, {255, 255, 255, 255} }},
	{{ {-1223, -5, 369}, 0, {-16, 1008}, {255, 255, 255, 255} }},
	{{ {-1223, -74, 539}, 0, {496, -16}, {255, 255, 255, 255} }},
	{{ {-1180, -59, 369}, 0, {1008, 1008}, {255, 255, 255, 255} }},
	{{ {-1180, -59, 539}, 0, {1008, -16}, {255, 255, 255, 255} }},
	{{ {-1180, -24, 369}, 0, {1520, 1008}, {255, 255, 255, 255} }},
	{{ {-1180, -24, 539}, 0, {1520, -16}, {255, 255, 255, 255} }},
	{{ {-1223, -5, 369}, 0, {2032, 1008}, {255, 255, 255, 255} }},
	{{ {-1223, -5, 539}, 0, {2032, -16}, {255, 255, 255, 255} }},
	{{ {-962, 79, 539}, 0, {-16, -16}, {255, 255, 255, 255} }},
	{{ {-904, 36, 369}, 0, {189, 1008}, {255, 255, 255, 255} }},
	{{ {-962, 79, 369}, 0, {-16, 1008}, {255, 255, 255, 255} }},
	{{ {-904, 36, 539}, 0, {189, -16}, {255, 255, 255, 255} }},
	{{ {-898, -38, 369}, 0, {394, 1008}, {255, 255, 255, 255} }},
	{{ {-898, -38, 539}, 0, {394, -16}, {255, 255, 255, 255} }},
	{{ {-931, -75, 369}, 0, {598, 1008}, {255, 255, 255, 255} }},
	{{ {-931, -75, 539}, 0, {598, -16}, {255, 255, 255, 255} }},
	{{ {-931, -75, 539}, 0, {598, -16}, {255, 255, 255, 255} }},
	{{ {-872, -127, 369}, 0, {803, 1008}, {255, 255, 255, 255} }},
	{{ {-931, -75, 369}, 0, {598, 1008}, {255, 255, 255, 255} }},
	{{ {-872, -127, 539}, 0, {803, -16}, {255, 255, 255, 255} }},
	{{ {-941, -157, 369}, 0, {1008, 1008}, {255, 255, 255, 255} }},
	{{ {-941, -157, 539}, 0, {1008, -16}, {255, 255, 255, 255} }},
	{{ {-1014, -95, 369}, 0, {1213, 1008}, {255, 255, 255, 255} }},
	{{ {-1014, -95, 539}, 0, {1213, -16}, {255, 255, 255, 255} }},
	{{ {-1003, -157, 369}, 0, {1418, 1008}, {255, 255, 255, 255} }},
	{{ {-1003, -157, 539}, 0, {1418, -16}, {255, 255, 255, 255} }},
	{{ {-1076, -157, 369}, 0, {1622, 1008}, {255, 255, 255, 255} }},
	{{ {-1076, -157, 539}, 0, {1622, -16}, {255, 255, 255, 255} }},
	{{ {-1094, 69, 369}, 0, {1827, 1008}, {255, 255, 255, 255} }},
	{{ {-1094, 69, 539}, 0, {1827, -16}, {255, 255, 255, 255} }},
	{{ {-962, 79, 369}, 0, {2032, 1008}, {255, 255, 255, 255} }},
	{{ {-962, 79, 539}, 0, {2032, -16}, {255, 255, 255, 255} }},
	{{ {-1014, 13, 539}, 0, {-16, -16}, {255, 255, 255, 255} }},
	{{ {-1015, -32, 369}, 0, {496, 1008}, {255, 255, 255, 255} }},
	{{ {-1014, 13, 369}, 0, {-16, 1008}, {255, 255, 255, 255} }},
	{{ {-1015, -32, 539}, 0, {496, -16}, {255, 255, 255, 255} }},
	{{ {-996, -35, 369}, 0, {1008, 1008}, {255, 255, 255, 255} }},
	{{ {-996, -35, 539}, 0, {1008, -16}, {255, 255, 255, 255} }},
	{{ {-977, -7, 369}, 0, {1520, 1008}, {255, 255, 255, 255} }},
	{{ {-977, -7, 539}, 0, {1520, -16}, {255, 255, 255, 255} }},
	{{ {-1014, 13, 369}, 0, {2032, 1008}, {255, 255, 255, 255} }},
	{{ {-1014, 13, 539}, 0, {2032, -16}, {255, 255, 255, 255} }},
	{{ {-862, 81, 539}, 0, {-16, -16}, {255, 255, 255, 255} }},
	{{ {-706, 81, 369}, 0, {142, 1008}, {255, 255, 255, 255} }},
	{{ {-862, 81, 369}, 0, {-16, 1008}, {255, 255, 255, 255} }},
	{{ {-706, 81, 539}, 0, {142, -16}, {255, 255, 255, 255} }},
	{{ {-719, 15, 369}, 0, {299, 1008}, {255, 255, 255, 255} }},
	{{ {-719, 15, 539}, 0, {299, -16}, {255, 255, 255, 255} }},
	{{ {-719, 15, 539}, 0, {299, -16}, {255, 255, 255, 255} }},
	{{ {-796, 3, 369}, 0, {457, 1008}, {255, 255, 255, 255} }},
	{{ {-719, 15, 369}, 0, {299, 1008}, {255, 255, 255, 255} }},
	{{ {-796, 3, 539}, 0, {457, -16}, {255, 255, 255, 255} }},
	{{ {-797, -13, 369}, 0, {614, 1008}, {255, 255, 255, 255} }},
	{{ {-797, -13, 539}, 0, {614, -16}, {255, 255, 255, 255} }},
	{{ {-729, -18, 369}, 0, {772, 1008}, {255, 255, 255, 255} }},
	{{ {-729, -18, 539}, 0, {772, -16}, {255, 255, 255, 255} }},
	{{ {-732, -69, 369}, 0, {929, 1008}, {255, 255, 255, 255} }},
	{{ {-732, -69, 539}, 0, {929, -16}, {255, 255, 255, 255} }},
	{{ {-793, -74, 369}, 0, {1087, 1008}, {255, 255, 255, 255} }},
	{{ {-793, -74, 539}, 0, {1087, -16}, {255, 255, 255, 255} }},
	{{ {-787, -91, 369}, 0, {1244, 1008}, {255, 255, 255, 255} }},
	{{ {-787, -91, 539}, 0, {1244, -16}, {255, 255, 255, 255} }},
	{{ {-714, -92, 369}, 0, {1402, 1008}, {255, 255, 255, 255} }},
	{{ {-714, -92, 539}, 0, {1402, -16}, {255, 255, 255, 255} }},
	{{ {-687, -155, 369}, 0, {1559, 1008}, {255, 255, 255, 255} }},
	{{ {-687, -155, 539}, 0, {1559, -16}, {255, 255, 255, 255} }},
	{{ {-862, -155, 369}, 0, {1717, 1008}, {255, 255, 255, 255} }},
	{{ {-862, -155, 539}, 0, {1717, -16}, {255, 255, 255, 255} }},
	{{ {-879, -3, 369}, 0, {1874, 1008}, {255, 255, 255, 255} }},
	{{ {-879, -3, 539}, 0, {1874, -16}, {255, 255, 255, 255} }},
	{{ {-862, 81, 369}, 0, {2032, 1008}, {255, 255, 255, 255} }},
	{{ {-862, 81, 539}, 0, {2032, -16}, {255, 255, 255, 255} }},
	{{ {-554, 79, 539}, 0, {-16, -16}, {255, 255, 255, 255} }},
	{{ {-454, -140, 369}, 0, {240, 1008}, {255, 255, 255, 255} }},
	{{ {-554, 79, 369}, 0, {-16, 1008}, {255, 255, 255, 255} }},
	{{ {-454, -140, 539}, 0, {240, -16}, {255, 255, 255, 255} }},
	{{ {-550, -155, 369}, 0, {496, 1008}, {255, 255, 255, 255} }},
	{{ {-550, -155, 539}, 0, {496, -16}, {255, 255, 255, 255} }},
	{{ {-557, -99, 369}, 0, {752, 1008}, {255, 255, 255, 255} }},
	{{ {-557, -99, 539}, 0, {752, -16}, {255, 255, 255, 255} }},
	{{ {-557, -99, 539}, 0, {752, -16}, {255, 255, 255, 255} }},
	{{ {-635, -97, 369}, 0, {1008, 1008}, {255, 255, 255, 255} }},
	{{ {-557, -99, 369}, 0, {752, 1008}, {255, 255, 255, 255} }},
	{{ {-635, -97, 539}, 0, {1008, -16}, {255, 255, 255, 255} }},
	{{ {-652, -157, 369}, 0, {1264, 1008}, {255, 255, 255, 255} }},
	{{ {-652, -157, 539}, 0, {1264, -16}, {255, 255, 255, 255} }},
	{{ {-745, -140, 369}, 0, {1520, 1008}, {255, 255, 255, 255} }},
	{{ {-745, -140, 539}, 0, {1520, -16}, {255, 255, 255, 255} }},
	{{ {-618, 73, 369}, 0, {1776, 1008}, {255, 255, 255, 255} }},
	{{ {-618, 73, 539}, 0, {1776, -16}, {255, 255, 255, 255} }},
	{{ {-554, 79, 369}, 0, {2032, 1008}, {255, 255, 255, 255} }},
	{{ {-554, 79, 539}, 0, {2032, -16}, {255, 255, 255, 255} }},
	{{ {-602, -4, 539}, 0, {-16, -16}, {255, 255, 255, 255} }},
	{{ {-615, -36, 369}, 0, {496, 1008}, {255, 255, 255, 255} }},
	{{ {-602, -4, 369}, 0, {-16, 1008}, {255, 255, 255, 255} }},
	{{ {-615, -36, 539}, 0, {496, -16}, {255, 255, 255, 255} }},
	{{ {-566, -38, 369}, 0, {1008, 1008}, {255, 255, 255, 255} }},
	{{ {-566, -38, 539}, 0, {1008, -16}, {255, 255, 255, 255} }},
	{{ {-577, -5, 369}, 0, {1520, 1008}, {255, 255, 255, 255} }},
	{{ {-577, -5, 539}, 0, {1520, -16}, {255, 255, 255, 255} }},
	{{ {-602, -4, 369}, 0, {2032, 1008}, {255, 255, 255, 255} }},
	{{ {-602, -4, 539}, 0, {2032, -16}, {255, 255, 255, 255} }},
	{{ {-468, -132, 539}, 0, {-16, -16}, {255, 255, 255, 255} }},
	{{ {-355, 78, 369}, 0, {142, 1008}, {255, 255, 255, 255} }},
	{{ {-468, -132, 369}, 0, {-16, 1008}, {255, 255, 255, 255} }},
	{{ {-355, 78, 539}, 0, {142, -16}, {255, 255, 255, 255} }},
	{{ {-288, 78, 369}, 0, {299, 1008}, {255, 255, 255, 255} }},
	{{ {-288, 78, 539}, 0, {299, -16}, {255, 255, 255, 255} }},
	{{ {-265, 14, 369}, 0, {457, 1008}, {255, 255, 255, 255} }},
	{{ {-265, 14, 539}, 0, {457, -16}, {255, 255, 255, 255} }},
	{{ {-226, 78, 369}, 0, {614, 1008}, {255, 255, 255, 255} }},
	{{ {-226, 78, 539}, 0, {614, -16}, {255, 255, 255, 255} }},
	{{ {-226, 78, 539}, 0, {614, -16}, {255, 255, 255, 255} }},
	{{ {-167, 80, 369}, 0, {772, 1008}, {255, 255, 255, 255} }},
	{{ {-226, 78, 369}, 0, {614, 1008}, {255, 255, 255, 255} }},
	{{ {-167, 80, 539}, 0, {772, -16}, {255, 255, 255, 255} }},
	{{ {-101, -149, 369}, 0, {929, 1008}, {255, 255, 255, 255} }},
	{{ {-101, -149, 539}, 0, {929, -16}, {255, 255, 255, 255} }},
	{{ {-186, -156, 369}, 0, {1087, 1008}, {255, 255, 255, 255} }},
	{{ {-186, -156, 539}, 0, {1087, -16}, {255, 255, 255, 255} }},
	{{ {-203, -98, 369}, 0, {1244, 1008}, {255, 255, 255, 255} }},
	{{ {-203, -98, 539}, 0, {1244, -16}, {255, 255, 255, 255} }},
	{{ {-222, -42, 369}, 0, {1402, 1008}, {255, 255, 255, 255} }},
	{{ {-222, -42, 539}, 0, {1402, -16}, {255, 255, 255, 255} }},
	{{ {-280, -94, 369}, 0, {1559, 1008}, {255, 255, 255, 255} }},
	{{ {-280, -94, 539}, 0, {1559, -16}, {255, 255, 255, 255} }},
	{{ {-325, -35, 369}, 0, {1717, 1008}, {255, 255, 255, 255} }},
	{{ {-325, -35, 539}, 0, {1717, -16}, {255, 255, 255, 255} }},
	{{ {-379, -149, 369}, 0, {1874, 1008}, {255, 255, 255, 255} }},
	{{ {-379, -149, 539}, 0, {1874, -16}, {255, 255, 255, 255} }},
	{{ {-468, -132, 369}, 0, {2032, 1008}, {255, 255, 255, 255} }},
	{{ {-468, -132, 539}, 0, {2032, -16}, {255, 255, 255, 255} }},
	{{ {149, 80, 539}, 0, {-16, -16}, {255, 255, 255, 255} }},
	{{ {237, 75, 369}, 0, {142, 1008}, {255, 255, 255, 255} }},
	{{ {149, 80, 369}, 0, {-16, 1008}, {255, 255, 255, 255} }},
	{{ {237, 75, 539}, 0, {142, -16}, {255, 255, 255, 255} }},
	{{ {234, -10, 369}, 0, {299, 1008}, {255, 255, 255, 255} }},
	{{ {234, -10, 539}, 0, {299, -16}, {255, 255, 255, 255} }},
	{{ {176, 17, 369}, 0, {457, 1008}, {255, 255, 255, 255} }},
	{{ {176, 17, 539}, 0, {457, -16}, {255, 255, 255, 255} }},
	{{ {127, -6, 369}, 0, {614, 1008}, {255, 255, 255, 255} }},
	{{ {127, -6, 539}, 0, {614, -16}, {255, 255, 255, 255} }},
	{{ {124, -60, 369}, 0, {772, 1008}, {255, 255, 255, 255} }},
	{{ {124, -60, 539}, 0, {772, -16}, {255, 255, 255, 255} }},
	{{ {124, -60, 539}, 0, {772, -16}, {255, 255, 255, 255} }},
	{{ {168, -90, 369}, 0, {929, 1008}, {255, 255, 255, 255} }},
	{{ {124, -60, 369}, 0, {772, 1008}, {255, 255, 255, 255} }},
	{{ {168, -90, 539}, 0, {929, -16}, {255, 255, 255, 255} }},
	{{ {233, -56, 369}, 0, {1087, 1008}, {255, 255, 255, 255} }},
	{{ {233, -56, 539}, 0, {1087, -16}, {255, 255, 255, 255} }},
	{{ {254, -145, 369}, 0, {1244, 1008}, {255, 255, 255, 255} }},
	{{ {254, -145, 539}, 0, {1244, -16}, {255, 255, 255, 255} }},
	{{ {127, -156, 369}, 0, {1402, 1008}, {255, 255, 255, 255} }},
	{{ {127, -156, 539}, 0, {1402, -16}, {255, 255, 255, 255} }},
	{{ {65, -102, 369}, 0, {1559, 1008}, {255, 255, 255, 255} }},
	{{ {65, -102, 539}, 0, {1559, -16}, {255, 255, 255, 255} }},
	{{ {47, -34, 369}, 0, {1717, 1008}, {255, 255, 255, 255} }},
	{{ {47, -34, 539}, 0, {1717, -16}, {255, 255, 255, 255} }},
	{{ {76, 40, 369}, 0, {1874, 1008}, {255, 255, 255, 255} }},
	{{ {76, 40, 539}, 0, {1874, -16}, {255, 255, 255, 255} }},
	{{ {149, 80, 369}, 0, {2032, 1008}, {255, 255, 255, 255} }},
	{{ {149, 80, 539}, 0, {2032, -16}, {255, 255, 255, 255} }},
	{{ {420, 77, 539}, 0, {-16, -16}, {255, 255, 255, 255} }},
	{{ {489, -9, 369}, 0, {277, 1008}, {255, 255, 255, 255} }},
	{{ {420, 77, 369}, 0, {-16, 1008}, {255, 255, 255, 255} }},
	{{ {489, -9, 539}, 0, {277, -16}, {255, 255, 255, 255} }},
	{{ {469, -123, 369}, 0, {569, 1008}, {255, 255, 255, 255} }},
	{{ {469, -123, 539}, 0, {569, -16}, {255, 255, 255, 255} }},
	{{ {344, -156, 369}, 0, {862, 1008}, {255, 255, 255, 255} }},
	{{ {344, -156, 539}, 0, {862, -16}, {255, 255, 255, 255} }},
	{{ {244, -67, 369}, 0, {1154, 1008}, {255, 255, 255, 255} }},
	{{ {244, -67, 539}, 0, {1154, -16}, {255, 255, 255, 255} }},
	{{ {258, 32, 369}, 0, {1447, 1008}, {255, 255, 255, 255} }},
	{{ {258, 32, 539}, 0, {1447, -16}, {255, 255, 255, 255} }},
	{{ {333, 80, 369}, 0, {1739, 1008}, {255, 255, 255, 255} }},
	{{ {333, 80, 539}, 0, {1739, -16}, {255, 255, 255, 255} }},
	{{ {333, 80, 539}, 0, {1739, -16}, {255, 255, 255, 255} }},
	{{ {420, 77, 369}, 0, {2032, 1008}, {255, 255, 255, 255} }},
	{{ {333, 80, 369}, 0, {1739, 1008}, {255, 255, 255, 255} }},
	{{ {420, 77, 539}, 0, {2032, -16}, {255, 255, 255, 255} }},
	{{ {352, -3, 539}, 0, {-16, -16}, {255, 255, 255, 255} }},
	{{ {336, -40, 369}, 0, {394, 1008}, {255, 255, 255, 255} }},
	{{ {352, -3, 369}, 0, {-16, 1008}, {255, 255, 255, 255} }},
	{{ {336, -40, 539}, 0, {394, -16}, {255, 255, 255, 255} }},
	{{ {364, -58, 369}, 0, {803, 1008}, {255, 255, 255, 255} }},
	{{ {364, -58, 539}, 0, {803, -16}, {255, 255, 255, 255} }},
	{{ {393, -48, 369}, 0, {1213, 1008}, {255, 255, 255, 255} }},
	{{ {393, -48, 539}, 0, {1213, -16}, {255, 255, 255, 255} }},
	{{ {392, -12, 369}, 0, {1622, 1008}, {255, 255, 255, 255} }},
	{{ {392, -12, 539}, 0, {1622, -16}, {255, 255, 255, 255} }},
	{{ {352, -3, 369}, 0, {2032, 1008}, {255, 255, 255, 255} }},
	{{ {352, -3, 539}, 0, {2032, -16}, {255, 255, 255, 255} }},
	{{ {495, -132, 539}, 0, {-16, -16}, {255, 255, 255, 255} }},
	{{ {609, 78, 369}, 0, {142, 1008}, {255, 255, 255, 255} }},
	{{ {495, -132, 369}, 0, {-16, 1008}, {255, 255, 255, 255} }},
	{{ {609, 78, 539}, 0, {142, -16}, {255, 255, 255, 255} }},
	{{ {676, 78, 369}, 0, {299, 1008}, {255, 255, 255, 255} }},
	{{ {676, 78, 539}, 0, {299, -16}, {255, 255, 255, 255} }},
	{{ {698, 14, 369}, 0, {457, 1008}, {255, 255, 255, 255} }},
	{{ {698, 14, 539}, 0, {457, -16}, {255, 255, 255, 255} }},
	{{ {737, 78, 369}, 0, {614, 1008}, {255, 255, 255, 255} }},
	{{ {737, 78, 539}, 0, {614, -16}, {255, 255, 255, 255} }},
	{{ {797, 80, 369}, 0, {772, 1008}, {255, 255, 255, 255} }},
	{{ {797, 80, 539}, 0, {772, -16}, {255, 255, 255, 255} }},
	{{ {862, -149, 369}, 0, {929, 1008}, {255, 255, 255, 255} }},
	{{ {862, -149, 539}, 0, {929, -16}, {255, 255, 255, 255} }},
	{{ {777, -156, 369}, 0, {1087, 1008}, {255, 255, 255, 255} }},
	{{ {777, -156, 539}, 0, {1087, -16}, {255, 255, 255, 255} }},
	{{ {777, -156, 539}, 0, {1087, -16}, {255, 255, 255, 255} }},
	{{ {761, -98, 369}, 0, {1244, 1008}, {255, 255, 255, 255} }},
	{{ {777, -156, 369}, 0, {1087, 1008}, {255, 255, 255, 255} }},
	{{ {761, -98, 539}, 0, {1244, -16}, {255, 255, 255, 255} }},
	{{ {741, -42, 369}, 0, {1402, 1008}, {255, 255, 255, 255} }},
	{{ {741, -42, 539}, 0, {1402, -16}, {255, 255, 255, 255} }},
	{{ {683, -94, 369}, 0, {1559, 1008}, {255, 255, 255, 255} }},
	{{ {683, -94, 539}, 0, {1559, -16}, {255, 255, 255, 255} }},
	{{ {638, -35, 369}, 0, {1717, 1008}, {255, 255, 255, 255} }},
	{{ {638, -35, 539}, 0, {1717, -16}, {255, 255, 255, 255} }},
	{{ {584, -149, 369}, 0, {1874, 1008}, {255, 255, 255, 255} }},
	{{ {584, -149, 539}, 0, {1874, -16}, {255, 255, 255, 255} }},
	{{ {495, -132, 369}, 0, {2032, 1008}, {255, 255, 255, 255} }},
	{{ {495, -132, 539}, 0, {2032, -16}, {255, 255, 255, 255} }},
	{{ {880, 81, 539}, 0, {-16, -16}, {255, 255, 255, 255} }},
	{{ {1035, 81, 369}, 0, {142, 1008}, {255, 255, 255, 255} }},
	{{ {880, 81, 369}, 0, {-16, 1008}, {255, 255, 255, 255} }},
	{{ {1035, 81, 539}, 0, {142, -16}, {255, 255, 255, 255} }},
	{{ {1022, 15, 369}, 0, {299, 1008}, {255, 255, 255, 255} }},
	{{ {1022, 15, 539}, 0, {299, -16}, {255, 255, 255, 255} }},
	{{ {946, 3, 369}, 0, {457, 1008}, {255, 255, 255, 255} }},
	{{ {946, 3, 539}, 0, {457, -16}, {255, 255, 255, 255} }},
	{{ {945, -13, 369}, 0, {614, 1008}, {255, 255, 255, 255} }},
	{{ {945, -13, 539}, 0, {614, -16}, {255, 255, 255, 255} }},
	{{ {1013, -18, 369}, 0, {772, 1008}, {255, 255, 255, 255} }},
	{{ {1013, -18, 539}, 0, {772, -16}, {255, 255, 255, 255} }},
	{{ {1009, -69, 369}, 0, {929, 1008}, {255, 255, 255, 255} }},
	{{ {1009, -69, 539}, 0, {929, -16}, {255, 255, 255, 255} }},
	{{ {949, -74, 369}, 0, {1087, 1008}, {255, 255, 255, 255} }},
	{{ {949, -74, 539}, 0, {1087, -16}, {255, 255, 255, 255} }},
	{{ {954, -91, 369}, 0, {1244, 1008}, {255, 255, 255, 255} }},
	{{ {954, -91, 539}, 0, {1244, -16}, {255, 255, 255, 255} }},
	{{ {954, -91, 539}, 0, {1244, -16}, {255, 255, 255, 255} }},
	{{ {1028, -92, 369}, 0, {1402, 1008}, {255, 255, 255, 255} }},
	{{ {954, -91, 369}, 0, {1244, 1008}, {255, 255, 255, 255} }},
	{{ {1028, -92, 539}, 0, {1402, -16}, {255, 255, 255, 255} }},
	{{ {1055, -155, 369}, 0, {1559, 1008}, {255, 255, 255, 255} }},
	{{ {1055, -155, 539}, 0, {1559, -16}, {255, 255, 255, 255} }},
	{{ {880, -155, 369}, 0, {1717, 1008}, {255, 255, 255, 255} }},
	{{ {880, -155, 539}, 0, {1717, -16}, {255, 255, 255, 255} }},
	{{ {863, -3, 369}, 0, {1874, 1008}, {255, 255, 255, 255} }},
	{{ {863, -3, 539}, 0, {1874, -16}, {255, 255, 255, 255} }},
	{{ {880, 81, 369}, 0, {2032, 1008}, {255, 255, 255, 255} }},
	{{ {880, 81, 539}, 0, {2032, -16}, {255, 255, 255, 255} }},
	{{ {1045, 80, 539}, 0, {-16, -16}, {255, 255, 255, 255} }},
	{{ {1280, 76, 369}, 0, {240, 1008}, {255, 255, 255, 255} }},
	{{ {1045, 80, 369}, 0, {-16, 1008}, {255, 255, 255, 255} }},
	{{ {1280, 76, 539}, 0, {240, -16}, {255, 255, 255, 255} }},
	{{ {1280, -20, 369}, 0, {496, 1008}, {255, 255, 255, 255} }},
	{{ {1280, -20, 539}, 0, {496, -16}, {255, 255, 255, 255} }},
	{{ {1200, -7, 369}, 0, {752, 1008}, {255, 255, 255, 255} }},
	{{ {1200, -7, 539}, 0, {752, -16}, {255, 255, 255, 255} }},
	{{ {1222, -157, 369}, 0, {1008, 1008}, {255, 255, 255, 255} }},
	{{ {1222, -157, 539}, 0, {1008, -16}, {255, 255, 255, 255} }},
	{{ {1108, -157, 369}, 0, {1264, 1008}, {255, 255, 255, 255} }},
	{{ {1108, -157, 539}, 0, {1264, -16}, {255, 255, 255, 255} }},
	{{ {1125, -7, 369}, 0, {1520, 1008}, {255, 255, 255, 255} }},
	{{ {1125, -7, 539}, 0, {1520, -16}, {255, 255, 255, 255} }},
	{{ {1045, -3, 369}, 0, {1776, 1008}, {255, 255, 255, 255} }},
	{{ {1045, -3, 539}, 0, {1776, -16}, {255, 255, 255, 255} }},
	{{ {1045, 80, 369}, 0, {2032, 1008}, {255, 255, 255, 255} }},
	{{ {1045, 80, 539}, 0, {2032, -16}, {255, 255, 255, 255} }},
	{{ {1057, 9, 539}, 0, {15, 1008}, {255, 255, 255, 255} }},
	{{ {1057, 67, 539}, 0, {308, 1008}, {255, 255, 255, 255} }},
	{{ {1045, 80, 539}, 0, {-16, 1008}, {255, 255, 255, 255} }},
	{{ {1280, 76, 539}, 0, {277, 1008}, {255, 255, 255, 255} }},
	{{ {1267, 63, 539}, 0, {366, 1008}, {255, 255, 255, 255} }},
	{{ {1280, -20, 539}, 0, {569, 1008}, {255, 255, 255, 255} }},
	{{ {1267, -5, 539}, 0, {576, 1008}, {255, 255, 255, 255} }},
	{{ {1200, -7, 539}, 0, {862, 1008}, {255, 255, 255, 255} }},
	{{ {1185, 8, 539}, 0, {865, 1008}, {255, 255, 255, 255} }},
	{{ {1222, -157, 539}, 0, {1154, 1008}, {255, 255, 255, 255} }},
	{{ {1208, -144, 539}, 0, {1162, 1008}, {255, 255, 255, 255} }},
	{{ {1108, -157, 539}, 0, {1447, 1008}, {255, 255, 255, 255} }},
	{{ {1122, -144, 539}, 0, {1382, 1008}, {255, 255, 255, 255} }},
	{{ {1125, -7, 539}, 0, {1739, 1008}, {255, 255, 255, 255} }},
	{{ {1139, 5, 539}, 0, {1616, 1008}, {255, 255, 255, 255} }},
	{{ {1045, -3, 539}, 0, {2032, 1008}, {255, 255, 255, 255} }},
	{{ {875, -4, 539}, 0, {1823, 1008}, {255, 255, 255, 255} }},
	{{ {890, 68, 539}, 0, {301, 1008}, {255, 255, 255, 255} }},
	{{ {880, 81, 539}, 0, {-16, 1008}, {255, 255, 255, 255} }},
	{{ {1035, 81, 539}, 0, {155, 1008}, {255, 255, 255, 255} }},
	{{ {1020, 68, 539}, 0, {321, 1008}, {255, 255, 255, 255} }},
	{{ {1022, 15, 539}, 0, {325, 1008}, {255, 255, 255, 255} }},
	{{ {1012, 26, 539}, 0, {2985, 1008}, {255, 255, 255, 255} }},
	{{ {946, 3, 539}, 0, {496, 1008}, {255, 255, 255, 255} }},
	{{ {934, 14, 539}, 0, {603, 1008}, {255, 255, 255, 255} }},
	{{ {945, -13, 539}, 0, {667, 1008}, {255, 255, 255, 255} }},
	{{ {932, -25, 539}, 0, {736, 1008}, {255, 255, 255, 255} }},
	{{ {1013, -18, 539}, 0, {837, 1008}, {255, 255, 255, 255} }},
	{{ {999, -30, 539}, 0, {908, 1008}, {255, 255, 255, 255} }},
	{{ {1009, -69, 539}, 0, {1008, 1008}, {255, 255, 255, 255} }},
	{{ {998, -57, 539}, 0, {1001, 1008}, {255, 255, 255, 255} }},
	{{ {949, -74, 539}, 0, {1179, 1008}, {255, 255, 255, 255} }},
	{{ {998, -57, 539}, 0, {1001, 1008}, {255, 255, 255, 255} }},
	{{ {933, -63, 539}, 0, {1053, 1008}, {255, 255, 255, 255} }},
	{{ {949, -74, 539}, 0, {1179, 1008}, {255, 255, 255, 255} }},
	{{ {954, -91, 539}, 0, {1349, 1008}, {255, 255, 255, 255} }},
	{{ {945, -104, 539}, 0, {1460, 1008}, {255, 255, 255, 255} }},
	{{ {1028, -92, 539}, 0, {1520, 1008}, {255, 255, 255, 255} }},
	{{ {1020, -104, 539}, 0, {1566, 1008}, {255, 255, 255, 255} }},
	{{ {1055, -155, 539}, 0, {1691, 1008}, {255, 255, 255, 255} }},
	{{ {1036, -143, 539}, 0, {1670, 1008}, {255, 255, 255, 255} }},
	{{ {880, -155, 539}, 0, {1861, 1008}, {255, 255, 255, 255} }},
	{{ {891, -143, 539}, 0, {1812, 1008}, {255, 255, 255, 255} }},
	{{ {863, -3, 539}, 0, {2032, 1008}, {255, 255, 255, 255} }},
	{{ {875, -4, 539}, 0, {1823, 1008}, {255, 255, 255, 255} }},
	{{ {880, 81, 539}, 0, {-16, 1008}, {255, 255, 255, 255} }},
	{{ {744, 66, 539}, 0, {686, 1008}, {255, 255, 255, 255} }},
	{{ {787, 67, 539}, 0, {810, 1008}, {255, 255, 255, 255} }},
	{{ {797, 80, 539}, 0, {837, 1008}, {255, 255, 255, 255} }},
	{{ {862, -149, 539}, 0, {1008, 1008}, {255, 255, 255, 255} }},
	{{ {846, -138, 539}, 0, {1069, 1008}, {255, 255, 255, 255} }},
	{{ {777, -156, 539}, 0, {1179, 1008}, {255, 255, 255, 255} }},
	{{ {786, -143, 539}, 0, {1189, 1008}, {255, 255, 255, 255} }},
	{{ {761, -98, 539}, 0, {1349, 1008}, {255, 255, 255, 255} }},
	{{ {773, -94, 539}, 0, {1332, 1008}, {255, 255, 255, 255} }},
	{{ {741, -42, 539}, 0, {1520, 1008}, {255, 255, 255, 255} }},
	{{ {747, -20, 539}, 0, {1557, 1008}, {255, 255, 255, 255} }},
	{{ {683, -94, 539}, 0, {1691, 1008}, {255, 255, 255, 255} }},
	{{ {685, -76, 539}, 0, {1692, 1008}, {255, 255, 255, 255} }},
	{{ {638, -35, 539}, 0, {1861, 1008}, {255, 255, 255, 255} }},
	{{ {636, -11, 539}, 0, {1879, 1008}, {255, 255, 255, 255} }},
	{{ {584, -149, 539}, 0, {2032, 1008}, {255, 255, 255, 255} }},
	{{ {577, -135, 539}, 0, {1726, 1008}, {255, 255, 255, 255} }},
	{{ {495, -132, 539}, 0, {-16, 1008}, {255, 255, 255, 255} }},
	{{ {577, -135, 539}, 0, {1726, 1008}, {255, 255, 255, 255} }},
	{{ {514, -123, 539}, 0, {277, 1008}, {255, 255, 255, 255} }},
	{{ {495, -132, 539}, 0, {-16, 1008}, {255, 255, 255, 255} }},
	{{ {609, 78, 539}, 0, {155, 1008}, {255, 255, 255, 255} }},
	{{ {616, 66, 539}, 0, {180, 1008}, {255, 255, 255, 255} }},
	{{ {676, 78, 539}, 0, {325, 1008}, {255, 255, 255, 255} }},
	{{ {667, 66, 539}, 0, {312, 1008}, {255, 255, 255, 255} }},
	{{ {698, 14, 539}, 0, {496, 1008}, {255, 255, 255, 255} }},
	{{ {695, -14, 539}, 0, {526, 1008}, {255, 255, 255, 255} }},
	{{ {737, 78, 539}, 0, {667, 1008}, {255, 255, 255, 255} }},
	{{ {744, 66, 539}, 0, {686, 1008}, {255, 255, 255, 255} }},
	{{ {797, 80, 539}, 0, {837, 1008}, {255, 255, 255, 255} }},
	{{ {270, 25, 539}, 0, {957, 1008}, {255, 255, 255, 255} }},
	{{ {337, 67, 539}, 0, {770, 1008}, {255, 255, 255, 255} }},
	{{ {333, 80, 539}, 0, {1101, 1008}, {255, 255, 255, 255} }},
	{{ {420, 77, 539}, 0, {-16, 1008}, {255, 255, 255, 255} }},
	{{ {414, 65, 539}, 0, {78, 1008}, {255, 255, 255, 255} }},
	{{ {489, -9, 539}, 0, {170, 1008}, {255, 255, 255, 255} }},
	{{ {476, -13, 539}, 0, {417, 1008}, {255, 255, 255, 255} }},
	{{ {469, -123, 539}, 0, {356, 1008}, {255, 255, 255, 255} }},
	{{ {458, -113, 539}, 0, {377, 1008}, {255, 255, 255, 255} }},
	{{ {344, -156, 539}, 0, {543, 1008}, {255, 255, 255, 255} }},
	{{ {347, -142, 539}, 0, {542, 1008}, {255, 255, 255, 255} }},
	{{ {244, -67, 539}, 0, {729, 1008}, {255, 255, 255, 255} }},
	{{ {257, -62, 539}, 0, {710, 1008}, {255, 255, 255, 255} }},
	{{ {258, 32, 539}, 0, {915, 1008}, {255, 255, 255, 255} }},
	{{ {345, 11, 539}, 0, {-747, 1008}, {255, 255, 255, 255} }},
	{{ {320, -44, 539}, 0, {1348, 1008}, {255, 255, 255, 255} }},
	{{ {336, -40, 539}, 0, {1473, 1008}, {255, 255, 255, 255} }},
	{{ {364, -58, 539}, 0, {1660, 1008}, {255, 255, 255, 255} }},
	{{ {362, -72, 539}, 0, {1397, 1008}, {255, 255, 255, 255} }},
	{{ {393, -48, 539}, 0, {1846, 1008}, {255, 255, 255, 255} }},
	{{ {362, -72, 539}, 0, {1397, 1008}, {255, 255, 255, 255} }},
	{{ {406, -56, 539}, 0, {1674, 1008}, {255, 255, 255, 255} }},
	{{ {393, -48, 539}, 0, {1846, 1008}, {255, 255, 255, 255} }},
	{{ {392, -12, 539}, 0, {2032, 1008}, {255, 255, 255, 255} }},
	{{ {404, -2, 539}, 0, {1898, 1008}, {255, 255, 255, 255} }},
	{{ {352, -3, 539}, 0, {1287, 1008}, {255, 255, 255, 255} }},
	{{ {345, 11, 539}, 0, {-747, 1008}, {255, 255, 255, 255} }},
	{{ {336, -40, 539}, 0, {1473, 1008}, {255, 255, 255, 255} }},
	{{ {86, 31, 539}, 0, {1832, 1008}, {255, 255, 255, 255} }},
	{{ {152, 68, 539}, 0, {592, 1008}, {255, 255, 255, 255} }},
	{{ {149, 80, 539}, 0, {-16, 1008}, {255, 255, 255, 255} }},
	{{ {237, 75, 539}, 0, {155, 1008}, {255, 255, 255, 255} }},
	{{ {224, 63, 539}, 0, {226, 1008}, {255, 255, 255, 255} }},
	{{ {234, -10, 539}, 0, {325, 1008}, {255, 255, 255, 255} }},
	{{ {222, 9, 539}, 0, {334, 1008}, {255, 255, 255, 255} }},
	{{ {176, 17, 539}, 0, {496, 1008}, {255, 255, 255, 255} }},
	{{ {176, 31, 539}, 0, {1809, 1008}, {255, 255, 255, 255} }},
	{{ {127, -6, 539}, 0, {667, 1008}, {255, 255, 255, 255} }},
	{{ {114, 2, 539}, 0, {817, 1008}, {255, 255, 255, 255} }},
	{{ {124, -60, 539}, 0, {837, 1008}, {255, 255, 255, 255} }},
	{{ {112, -67, 539}, 0, {987, 1008}, {255, 255, 255, 255} }},
	{{ {168, -90, 539}, 0, {1008, 1008}, {255, 255, 255, 255} }},
	{{ {167, -105, 539}, 0, {1203, 1008}, {255, 255, 255, 255} }},
	{{ {233, -56, 539}, 0, {1179, 1008}, {255, 255, 255, 255} }},
	{{ {224, -75, 539}, 0, {1173, 1008}, {255, 255, 255, 255} }},
	{{ {254, -145, 539}, 0, {1349, 1008}, {255, 255, 255, 255} }},
	{{ {239, -134, 539}, 0, {1388, 1008}, {255, 255, 255, 255} }},
	{{ {127, -156, 539}, 0, {1520, 1008}, {255, 255, 255, 255} }},
	{{ {132, -143, 539}, 0, {1533, 1008}, {255, 255, 255, 255} }},
	{{ {65, -102, 539}, 0, {1691, 1008}, {255, 255, 255, 255} }},
	{{ {76, -95, 539}, 0, {1684, 1008}, {255, 255, 255, 255} }},
	{{ {47, -34, 539}, 0, {1861, 1008}, {255, 255, 255, 255} }},
	{{ {76, -95, 539}, 0, {1684, 1008}, {255, 255, 255, 255} }},
	{{ {60, -34, 539}, 0, {1684, 1008}, {255, 255, 255, 255} }},
	{{ {47, -34, 539}, 0, {1861, 1008}, {255, 255, 255, 255} }},
	{{ {76, 40, 539}, 0, {2032, 1008}, {255, 255, 255, 255} }},
	{{ {86, 31, 539}, 0, {1832, 1008}, {255, 255, 255, 255} }},
	{{ {149, 80, 539}, 0, {-16, 1008}, {255, 255, 255, 255} }},
	{{ {-219, 66, 539}, 0, {686, 1008}, {255, 255, 255, 255} }},
	{{ {-176, 67, 539}, 0, {810, 1008}, {255, 255, 255, 255} }},
	{{ {-167, 80, 539}, 0, {837, 1008}, {255, 255, 255, 255} }},
	{{ {-101, -149, 539}, 0, {1008, 1008}, {255, 255, 255, 255} }},
	{{ {-117, -138, 539}, 0, {1069, 1008}, {255, 255, 255, 255} }},
	{{ {-186, -156, 539}, 0, {1179, 1008}, {255, 255, 255, 255} }},
	{{ {-177, -143, 539}, 0, {1189, 1008}, {255, 255, 255, 255} }},
	{{ {-203, -98, 539}, 0, {1349, 1008}, {255, 255, 255, 255} }},
	{{ {-191, -94, 539}, 0, {1332, 1008}, {255, 255, 255, 255} }},
	{{ {-222, -42, 539}, 0, {1520, 1008}, {255, 255, 255, 255} }},
	{{ {-216, -20, 539}, 0, {1557, 1008}, {255, 255, 255, 255} }},
	{{ {-280, -94, 539}, 0, {1691, 1008}, {255, 255, 255, 255} }},
	{{ {-279, -76, 539}, 0, {1692, 1008}, {255, 255, 255, 255} }},
	{{ {-325, -35, 539}, 0, {1861, 1008}, {255, 255, 255, 255} }},
	{{ {-328, -11, 539}, 0, {1879, 1008}, {255, 255, 255, 255} }},
	{{ {-379, -149, 539}, 0, {2032, 1008}, {255, 255, 255, 255} }},
	{{ {-386, -135, 539}, 0, {1726, 1008}, {255, 255, 255, 255} }},
	{{ {-468, -132, 539}, 0, {-16, 1008}, {255, 255, 255, 255} }},
	{{ {-449, -123, 539}, 0, {277, 1008}, {255, 255, 255, 255} }},
	{{ {-355, 78, 539}, 0, {155, 1008}, {255, 255, 255, 255} }},
	{{ {-347, 66, 539}, 0, {180, 1008}, {255, 255, 255, 255} }},
	{{ {-288, 78, 539}, 0, {325, 1008}, {255, 255, 255, 255} }},
	{{ {-297, 66, 539}, 0, {312, 1008}, {255, 255, 255, 255} }},
	{{ {-265, 14, 539}, 0, {496, 1008}, {255, 255, 255, 255} }},
	{{ {-269, -14, 539}, 0, {526, 1008}, {255, 255, 255, 255} }},
	{{ {-226, 78, 539}, 0, {667, 1008}, {255, 255, 255, 255} }},
	{{ {-610, 61, 539}, 0, {1336, 1008}, {255, 255, 255, 255} }},
	{{ {-562, 66, 539}, 0, {262, 1008}, {255, 255, 255, 255} }},
	{{ {-554, 79, 539}, 0, {-16, 1008}, {255, 255, 255, 255} }},
	{{ {-454, -140, 539}, 0, {170, 1008}, {255, 255, 255, 255} }},
	{{ {-472, -130, 539}, 0, {243, 1008}, {255, 255, 255, 255} }},
	{{ {-550, -155, 539}, 0, {356, 1008}, {255, 255, 255, 255} }},
	{{ {-539, -141, 539}, 0, {373, 1008}, {255, 255, 255, 255} }},
	{{ {-557, -99, 539}, 0, {543, 1008}, {255, 255, 255, 255} }},
	{{ {-546, -87, 539}, 0, {553, 1008}, {255, 255, 255, 255} }},
	{{ {-635, -97, 539}, 0, {729, 1008}, {255, 255, 255, 255} }},
	{{ {-644, -84, 539}, 0, {721, 1008}, {255, 255, 255, 255} }},
	{{ {-652, -157, 539}, 0, {915, 1008}, {255, 255, 255, 255} }},
	{{ {-661, -143, 539}, 0, {903, 1008}, {255, 255, 255, 255} }},
	{{ {-745, -140, 539}, 0, {1101, 1008}, {255, 255, 255, 255} }},
	{{ {-725, -131, 539}, 0, {1031, 1008}, {255, 255, 255, 255} }},
	{{ {-618, 73, 539}, 0, {1287, 1008}, {255, 255, 255, 255} }},
	{{ {-568, 7, 539}, 0, {1916, 1008}, {255, 255, 255, 255} }},
	{{ {-610, 9, 539}, 0, {1225, 1008}, {255, 255, 255, 255} }},
	{{ {-602, -4, 539}, 0, {1473, 1008}, {255, 255, 255, 255} }},
	{{ {-615, -36, 539}, 0, {1660, 1008}, {255, 255, 255, 255} }},
	{{ {-633, -48, 539}, 0, {1583, 1008}, {255, 255, 255, 255} }},
	{{ {-566, -38, 539}, 0, {1846, 1008}, {255, 255, 255, 255} }},
	{{ {-548, -51, 539}, 0, {1906, 1008}, {255, 255, 255, 255} }},
	{{ {-577, -5, 539}, 0, {2032, 1008}, {255, 255, 255, 255} }},
	{{ {-867, -4, 539}, 0, {1823, 1008}, {255, 255, 255, 255} }},
	{{ {-852, 68, 539}, 0, {301, 1008}, {255, 255, 255, 255} }},
	{{ {-862, 81, 539}, 0, {-16, 1008}, {255, 255, 255, 255} }},
	{{ {-706, 81, 539}, 0, {155, 1008}, {255, 255, 255, 255} }},
	{{ {-721, 68, 539}, 0, {321, 1008}, {255, 255, 255, 255} }},
	{{ {-719, 15, 539}, 0, {325, 1008}, {255, 255, 255, 255} }},
	{{ {-730, 26, 539}, 0, {2985, 1008}, {255, 255, 255, 255} }},
	{{ {-796, 3, 539}, 0, {496, 1008}, {255, 255, 255, 255} }},
	{{ {-730, 26, 539}, 0, {2985, 1008}, {255, 255, 255, 255} }},
	{{ {-808, 14, 539}, 0, {603, 1008}, {255, 255, 255, 255} }},
	{{ {-796, 3, 539}, 0, {496, 1008}, {255, 255, 255, 255} }},
	{{ {-797, -13, 539}, 0, {667, 1008}, {255, 255, 255, 255} }},
	{{ {-810, -25, 539}, 0, {736, 1008}, {255, 255, 255, 255} }},
	{{ {-729, -18, 539}, 0, {837, 1008}, {255, 255, 255, 255} }},
	{{ {-742, -30, 539}, 0, {908, 1008}, {255, 255, 255, 255} }},
	{{ {-732, -69, 539}, 0, {1008, 1008}, {255, 255, 255, 255} }},
	{{ {-744, -57, 539}, 0, {1001, 1008}, {255, 255, 255, 255} }},
	{{ {-793, -74, 539}, 0, {1179, 1008}, {255, 255, 255, 255} }},
	{{ {-809, -63, 539}, 0, {1053, 1008}, {255, 255, 255, 255} }},
	{{ {-787, -91, 539}, 0, {1349, 1008}, {255, 255, 255, 255} }},
	{{ {-796, -104, 539}, 0, {1460, 1008}, {255, 255, 255, 255} }},
	{{ {-714, -92, 539}, 0, {1520, 1008}, {255, 255, 255, 255} }},
	{{ {-722, -104, 539}, 0, {1566, 1008}, {255, 255, 255, 255} }},
	{{ {-687, -155, 539}, 0, {1691, 1008}, {255, 255, 255, 255} }},
	{{ {-706, -143, 539}, 0, {1670, 1008}, {255, 255, 255, 255} }},
	{{ {-862, -155, 539}, 0, {1861, 1008}, {255, 255, 255, 255} }},
	{{ {-851, -143, 539}, 0, {1812, 1008}, {255, 255, 255, 255} }},
	{{ {-879, -3, 539}, 0, {2032, 1008}, {255, 255, 255, 255} }},
	{{ {-867, -4, 539}, 0, {1823, 1008}, {255, 255, 255, 255} }},
	{{ {-862, 81, 539}, 0, {-16, 1008}, {255, 255, 255, 255} }},
	{{ {-1081, 57, 539}, 0, {1426, 1008}, {255, 255, 255, 255} }},
	{{ {-966, 66, 539}, 0, {230, 1008}, {255, 255, 255, 255} }},
	{{ {-962, 79, 539}, 0, {-16, 1008}, {255, 255, 255, 255} }},
	{{ {-904, 36, 539}, 0, {142, 1008}, {255, 255, 255, 255} }},
	{{ {-916, 29, 539}, 0, {308, 1008}, {255, 255, 255, 255} }},
	{{ {-898, -38, 539}, 0, {299, 1008}, {255, 255, 255, 255} }},
	{{ {-911, -34, 539}, 0, {381, 1008}, {255, 255, 255, 255} }},
	{{ {-931, -75, 539}, 0, {457, 1008}, {255, 255, 255, 255} }},
	{{ {-949, -76, 539}, 0, {533, 1008}, {255, 255, 255, 255} }},
	{{ {-872, -127, 539}, 0, {614, 1008}, {255, 255, 255, 255} }},
	{{ {-949, -76, 539}, 0, {533, 1008}, {255, 255, 255, 255} }},
	{{ {-895, -123, 539}, 0, {665, 1008}, {255, 255, 255, 255} }},
	{{ {-872, -127, 539}, 0, {614, 1008}, {255, 255, 255, 255} }},
	{{ {-941, -157, 539}, 0, {772, 1008}, {255, 255, 255, 255} }},
	{{ {-939, -142, 539}, 0, {766, 1008}, {255, 255, 255, 255} }},
	{{ {-1014, -95, 539}, 0, {929, 1008}, {255, 255, 255, 255} }},
	{{ {-1032, -63, 539}, 0, {968, 1008}, {255, 255, 255, 255} }},
	{{ {-1003, -157, 539}, 0, {1087, 1008}, {255, 255, 255, 255} }},
	{{ {-1018, -144, 539}, 0, {1082, 1008}, {255, 255, 255, 255} }},
	{{ {-1076, -157, 539}, 0, {1244, 1008}, {255, 255, 255, 255} }},
	{{ {-1064, -144, 539}, 0, {1183, 1008}, {255, 255, 255, 255} }},
	{{ {-1094, 69, 539}, 0, {1402, 1008}, {255, 255, 255, 255} }},
	{{ {-1081, 57, 539}, 0, {1426, 1008}, {255, 255, 255, 255} }},
	{{ {-962, 79, 539}, 0, {-16, 1008}, {255, 255, 255, 255} }},
	{{ {-1025, 33, 539}, 0, {-2259, 1008}, {255, 255, 255, 255} }},
	{{ {-1028, -43, 539}, 0, {1614, 1008}, {255, 255, 255, 255} }},
	{{ {-1015, -32, 539}, 0, {1717, 1008}, {255, 255, 255, 255} }},
	{{ {-996, -35, 539}, 0, {1874, 1008}, {255, 255, 255, 255} }},
	{{ {-990, -48, 539}, 0, {1924, 1008}, {255, 255, 255, 255} }},
	{{ {-977, -7, 539}, 0, {2032, 1008}, {255, 255, 255, 255} }},
	{{ {-959, -2, 539}, 0, {1823, 1008}, {255, 255, 255, 255} }},
	{{ {-1014, 13, 539}, 0, {1559, 1008}, {255, 255, 255, 255} }},
	{{ {-1284, 55, 539}, 0, {1162, 1008}, {255, 255, 255, 255} }},
	{{ {-1183, 67, 539}, 0, {195, 1008}, {255, 255, 255, 255} }},
	{{ {-1179, 80, 539}, 0, {-16, 1008}, {255, 255, 255, 255} }},
	{{ {-1112, 26, 539}, 0, {212, 1008}, {255, 255, 255, 255} }},
	{{ {-1124, 19, 539}, 0, {517, 1008}, {255, 255, 255, 255} }},
	{{ {-1099, -102, 539}, 0, {439, 1008}, {255, 255, 255, 255} }},
	{{ {-1112, -97, 539}, 0, {450, 1008}, {255, 255, 255, 255} }},
	{{ {-1165, -156, 539}, 0, {667, 1008}, {255, 255, 255, 255} }},
	{{ {-1169, -143, 539}, 0, {648, 1008}, {255, 255, 255, 255} }},
	{{ {-1296, -156, 539}, 0, {894, 1008}, {255, 255, 255, 255} }},
	{{ {-1169, -143, 539}, 0, {648, 1008}, {255, 255, 255, 255} }},
	{{ {-1284, -143, 539}, 0, {847, 1008}, {255, 255, 255, 255} }},
	{{ {-1296, -156, 539}, 0, {894, 1008}, {255, 255, 255, 255} }},
	{{ {-1296, 66, 539}, 0, {1122, 1008}, {255, 255, 255, 255} }},
	{{ {-1284, 55, 539}, 0, {1162, 1008}, {255, 255, 255, 255} }},
	{{ {-1179, 80, 539}, 0, {-16, 1008}, {255, 255, 255, 255} }},
	{{ {-1168, -16, 539}, 0, {1920, 1008}, {255, 255, 255, 255} }},
	{{ {-1236, 15, 539}, 0, {1124, 1008}, {255, 255, 255, 255} }},
	{{ {-1223, -5, 539}, 0, {1349, 1008}, {255, 255, 255, 255} }},
	{{ {-1223, -74, 539}, 0, {1577, 1008}, {255, 255, 255, 255} }},
	{{ {-1236, -91, 539}, 0, {1180, 1008}, {255, 255, 255, 255} }},
	{{ {-1180, -59, 539}, 0, {1804, 1008}, {255, 255, 255, 255} }},
	{{ {-1168, -68, 539}, 0, {1539, 1008}, {255, 255, 255, 255} }},
	{{ {-1180, -24, 539}, 0, {2032, 1008}, {255, 255, 255, 255} }},
};

Gfx Intro_Cube_mesh_tri_7[] = {
	gsSPVertex(Intro_Cube_mesh_vtx_7 + 0, 32, 0),
	gsSP2Triangles(0, 1, 2, 0, 0, 3, 1, 0),
	gsSP2Triangles(3, 4, 1, 0, 3, 5, 4, 0),
	gsSP2Triangles(5, 6, 4, 0, 5, 7, 6, 0),
	gsSP2Triangles(7, 8, 6, 0, 7, 9, 8, 0),
	gsSP2Triangles(9, 10, 8, 0, 9, 11, 10, 0),
	gsSP2Triangles(11, 12, 10, 0, 11, 13, 12, 0),
	gsSP2Triangles(14, 15, 16, 0, 14, 17, 15, 0),
	gsSP2Triangles(17, 18, 15, 0, 17, 19, 18, 0),
	gsSP2Triangles(19, 20, 18, 0, 19, 21, 20, 0),
	gsSP2Triangles(21, 22, 20, 0, 21, 23, 22, 0),
	gsSP2Triangles(24, 25, 26, 0, 24, 27, 25, 0),
	gsSP2Triangles(27, 28, 25, 0, 27, 29, 28, 0),
	gsSP2Triangles(29, 30, 28, 0, 29, 31, 30, 0),
	gsSPVertex(Intro_Cube_mesh_vtx_7 + 32, 32, 0),
	gsSP2Triangles(0, 1, 2, 0, 0, 3, 1, 0),
	gsSP2Triangles(3, 4, 1, 0, 3, 5, 4, 0),
	gsSP2Triangles(5, 6, 4, 0, 5, 7, 6, 0),
	gsSP2Triangles(7, 8, 6, 0, 7, 9, 8, 0),
	gsSP2Triangles(9, 10, 8, 0, 9, 11, 10, 0),
	gsSP2Triangles(11, 12, 10, 0, 11, 13, 12, 0),
	gsSP2Triangles(13, 14, 12, 0, 13, 15, 14, 0),
	gsSP2Triangles(16, 17, 18, 0, 16, 19, 17, 0),
	gsSP2Triangles(19, 20, 17, 0, 19, 21, 20, 0),
	gsSP2Triangles(21, 22, 20, 0, 21, 23, 22, 0),
	gsSP2Triangles(23, 24, 22, 0, 23, 25, 24, 0),
	gsSP2Triangles(26, 27, 28, 0, 26, 29, 27, 0),
	gsSP2Triangles(29, 30, 27, 0, 29, 31, 30, 0),
	gsSPVertex(Intro_Cube_mesh_vtx_7 + 64, 32, 0),
	gsSP2Triangles(0, 1, 2, 0, 0, 3, 1, 0),
	gsSP2Triangles(3, 4, 1, 0, 3, 5, 4, 0),
	gsSP2Triangles(5, 6, 4, 0, 5, 7, 6, 0),
	gsSP2Triangles(7, 8, 6, 0, 7, 9, 8, 0),
	gsSP2Triangles(9, 10, 8, 0, 9, 11, 10, 0),
	gsSP2Triangles(11, 12, 10, 0, 11, 13, 12, 0),
	gsSP2Triangles(13, 14, 12, 0, 13, 15, 14, 0),
	gsSP2Triangles(15, 16, 14, 0, 15, 17, 16, 0),
	gsSP2Triangles(17, 18, 16, 0, 17, 19, 18, 0),
	gsSP2Triangles(19, 20, 18, 0, 19, 21, 20, 0),
	gsSP2Triangles(21, 22, 20, 0, 21, 23, 22, 0),
	gsSP2Triangles(24, 25, 26, 0, 24, 27, 25, 0),
	gsSP2Triangles(27, 28, 25, 0, 27, 29, 28, 0),
	gsSP2Triangles(29, 30, 28, 0, 29, 31, 30, 0),
	gsSPVertex(Intro_Cube_mesh_vtx_7 + 96, 32, 0),
	gsSP2Triangles(0, 1, 2, 0, 0, 3, 1, 0),
	gsSP2Triangles(3, 4, 1, 0, 3, 5, 4, 0),
	gsSP2Triangles(5, 6, 4, 0, 5, 7, 6, 0),
	gsSP2Triangles(7, 8, 6, 0, 7, 9, 8, 0),
	gsSP2Triangles(9, 10, 8, 0, 9, 11, 10, 0),
	gsSP2Triangles(12, 13, 14, 0, 12, 15, 13, 0),
	gsSP2Triangles(15, 16, 13, 0, 15, 17, 16, 0),
	gsSP2Triangles(17, 18, 16, 0, 17, 19, 18, 0),
	gsSP2Triangles(19, 20, 18, 0, 19, 21, 20, 0),
	gsSP2Triangles(22, 23, 24, 0, 22, 25, 23, 0),
	gsSP2Triangles(25, 26, 23, 0, 25, 27, 26, 0),
	gsSP2Triangles(27, 28, 26, 0, 27, 29, 28, 0),
	gsSP2Triangles(29, 30, 28, 0, 29, 31, 30, 0),
	gsSPVertex(Intro_Cube_mesh_vtx_7 + 128, 32, 0),
	gsSP2Triangles(0, 1, 2, 0, 0, 3, 1, 0),
	gsSP2Triangles(3, 4, 1, 0, 3, 5, 4, 0),
	gsSP2Triangles(5, 6, 4, 0, 5, 7, 6, 0),
	gsSP2Triangles(7, 8, 6, 0, 7, 9, 8, 0),
	gsSP2Triangles(9, 10, 8, 0, 9, 11, 10, 0),
	gsSP2Triangles(11, 12, 10, 0, 11, 13, 12, 0),
	gsSP2Triangles(13, 14, 12, 0, 13, 15, 14, 0),
	gsSP2Triangles(15, 16, 14, 0, 15, 17, 16, 0),
	gsSP2Triangles(17, 18, 16, 0, 17, 19, 18, 0),
	gsSP2Triangles(20, 21, 22, 0, 20, 23, 21, 0),
	gsSP2Triangles(23, 24, 21, 0, 23, 25, 24, 0),
	gsSP2Triangles(25, 26, 24, 0, 25, 27, 26, 0),
	gsSP2Triangles(27, 28, 26, 0, 27, 29, 28, 0),
	gsSP2Triangles(29, 30, 28, 0, 29, 31, 30, 0),
	gsSPVertex(Intro_Cube_mesh_vtx_7 + 160, 32, 0),
	gsSP2Triangles(0, 1, 2, 0, 0, 3, 1, 0),
	gsSP2Triangles(3, 4, 1, 0, 3, 5, 4, 0),
	gsSP2Triangles(5, 6, 4, 0, 5, 7, 6, 0),
	gsSP2Triangles(7, 8, 6, 0, 7, 9, 8, 0),
	gsSP2Triangles(9, 10, 8, 0, 9, 11, 10, 0),
	gsSP2Triangles(11, 12, 10, 0, 11, 13, 12, 0),
	gsSP2Triangles(13, 14, 12, 0, 13, 15, 14, 0),
	gsSP2Triangles(15, 16, 14, 0, 15, 17, 16, 0),
	gsSP2Triangles(18, 19, 20, 0, 18, 21, 19, 0),
	gsSP2Triangles(21, 22, 19, 0, 21, 23, 22, 0),
	gsSP2Triangles(23, 24, 22, 0, 23, 25, 24, 0),
	gsSP2Triangles(25, 26, 24, 0, 25, 27, 26, 0),
	gsSP2Triangles(27, 28, 26, 0, 27, 29, 28, 0),
	gsSP2Triangles(29, 30, 28, 0, 29, 31, 30, 0),
	gsSPVertex(Intro_Cube_mesh_vtx_7 + 192, 32, 0),
	gsSP2Triangles(0, 1, 2, 0, 0, 3, 1, 0),
	gsSP2Triangles(4, 5, 6, 0, 4, 7, 5, 0),
	gsSP2Triangles(7, 8, 5, 0, 7, 9, 8, 0),
	gsSP2Triangles(9, 10, 8, 0, 9, 11, 10, 0),
	gsSP2Triangles(11, 12, 10, 0, 11, 13, 12, 0),
	gsSP2Triangles(13, 14, 12, 0, 13, 15, 14, 0),
	gsSP2Triangles(16, 17, 18, 0, 16, 19, 17, 0),
	gsSP2Triangles(19, 20, 17, 0, 19, 21, 20, 0),
	gsSP2Triangles(21, 22, 20, 0, 21, 23, 22, 0),
	gsSP2Triangles(23, 24, 22, 0, 23, 25, 24, 0),
	gsSP2Triangles(25, 26, 24, 0, 25, 27, 26, 0),
	gsSP2Triangles(27, 28, 26, 0, 27, 29, 28, 0),
	gsSP2Triangles(29, 30, 28, 0, 29, 31, 30, 0),
	gsSPVertex(Intro_Cube_mesh_vtx_7 + 224, 32, 0),
	gsSP2Triangles(0, 1, 2, 0, 0, 3, 1, 0),
	gsSP2Triangles(3, 4, 1, 0, 3, 5, 4, 0),
	gsSP2Triangles(5, 6, 4, 0, 5, 7, 6, 0),
	gsSP2Triangles(7, 8, 6, 0, 7, 9, 8, 0),
	gsSP2Triangles(9, 10, 8, 0, 9, 11, 10, 0),
	gsSP2Triangles(11, 12, 10, 0, 11, 13, 12, 0),
	gsSP2Triangles(14, 15, 16, 0, 14, 17, 15, 0),
	gsSP2Triangles(17, 18, 15, 0, 17, 19, 18, 0),
	gsSP2Triangles(19, 20, 18, 0, 19, 21, 20, 0),
	gsSP2Triangles(21, 22, 20, 0, 21, 23, 22, 0),
	gsSP2Triangles(23, 24, 22, 0, 23, 25, 24, 0),
	gsSP2Triangles(25, 26, 24, 0, 25, 27, 26, 0),
	gsSP2Triangles(27, 28, 26, 0, 27, 29, 28, 0),
	gsSP2Triangles(29, 30, 28, 0, 29, 31, 30, 0),
	gsSPVertex(Intro_Cube_mesh_vtx_7 + 256, 30, 0),
	gsSP2Triangles(0, 1, 2, 0, 0, 3, 1, 0),
	gsSP2Triangles(3, 4, 1, 0, 3, 5, 4, 0),
	gsSP2Triangles(5, 6, 4, 0, 5, 7, 6, 0),
	gsSP2Triangles(7, 8, 6, 0, 7, 9, 8, 0),
	gsSP2Triangles(9, 10, 8, 0, 9, 11, 10, 0),
	gsSP2Triangles(12, 13, 14, 0, 12, 15, 13, 0),
	gsSP2Triangles(15, 16, 13, 0, 15, 17, 16, 0),
	gsSP2Triangles(17, 18, 16, 0, 17, 19, 18, 0),
	gsSP2Triangles(19, 20, 18, 0, 19, 21, 20, 0),
	gsSP2Triangles(21, 22, 20, 0, 21, 23, 22, 0),
	gsSP2Triangles(23, 24, 22, 0, 23, 25, 24, 0),
	gsSP2Triangles(25, 26, 24, 0, 25, 27, 26, 0),
	gsSP2Triangles(27, 28, 26, 0, 27, 29, 28, 0),
	gsSPVertex(Intro_Cube_mesh_vtx_7 + 286, 32, 0),
	gsSP2Triangles(0, 1, 2, 0, 1, 3, 2, 0),
	gsSP2Triangles(1, 4, 3, 0, 4, 5, 3, 0),
	gsSP2Triangles(4, 6, 5, 0, 6, 7, 5, 0),
	gsSP2Triangles(6, 8, 7, 0, 8, 9, 7, 0),
	gsSP2Triangles(8, 10, 9, 0, 10, 11, 9, 0),
	gsSP2Triangles(10, 12, 11, 0, 12, 13, 11, 0),
	gsSP2Triangles(12, 14, 13, 0, 14, 15, 13, 0),
	gsSP2Triangles(14, 0, 15, 0, 0, 2, 15, 0),
	gsSP2Triangles(16, 17, 18, 0, 17, 19, 18, 0),
	gsSP2Triangles(17, 20, 19, 0, 20, 21, 19, 0),
	gsSP2Triangles(20, 22, 21, 0, 22, 23, 21, 0),
	gsSP2Triangles(22, 24, 23, 0, 24, 25, 23, 0),
	gsSP2Triangles(24, 26, 25, 0, 26, 27, 25, 0),
	gsSP2Triangles(26, 28, 27, 0, 28, 29, 27, 0),
	gsSP2Triangles(28, 30, 29, 0, 30, 31, 29, 0),
	gsSPVertex(Intro_Cube_mesh_vtx_7 + 318, 32, 0),
	gsSP2Triangles(0, 1, 2, 0, 1, 3, 2, 0),
	gsSP2Triangles(1, 4, 3, 0, 4, 5, 3, 0),
	gsSP2Triangles(4, 6, 5, 0, 6, 7, 5, 0),
	gsSP2Triangles(6, 8, 7, 0, 8, 9, 7, 0),
	gsSP2Triangles(8, 10, 9, 0, 10, 11, 9, 0),
	gsSP2Triangles(10, 12, 11, 0, 12, 13, 11, 0),
	gsSP2Triangles(14, 15, 16, 0, 15, 17, 16, 0),
	gsSP2Triangles(15, 18, 17, 0, 18, 19, 17, 0),
	gsSP2Triangles(18, 20, 19, 0, 20, 21, 19, 0),
	gsSP2Triangles(20, 22, 21, 0, 22, 23, 21, 0),
	gsSP2Triangles(22, 24, 23, 0, 24, 25, 23, 0),
	gsSP2Triangles(24, 26, 25, 0, 26, 27, 25, 0),
	gsSP2Triangles(26, 28, 27, 0, 28, 29, 27, 0),
	gsSP2Triangles(28, 30, 29, 0, 30, 31, 29, 0),
	gsSPVertex(Intro_Cube_mesh_vtx_7 + 350, 32, 0),
	gsSP2Triangles(0, 1, 2, 0, 1, 3, 2, 0),
	gsSP2Triangles(1, 4, 3, 0, 4, 5, 3, 0),
	gsSP2Triangles(4, 6, 5, 0, 6, 7, 5, 0),
	gsSP2Triangles(6, 8, 7, 0, 8, 9, 7, 0),
	gsSP2Triangles(8, 10, 9, 0, 10, 11, 9, 0),
	gsSP2Triangles(12, 13, 14, 0, 13, 15, 14, 0),
	gsSP2Triangles(13, 16, 15, 0, 16, 17, 15, 0),
	gsSP2Triangles(16, 18, 17, 0, 18, 19, 17, 0),
	gsSP2Triangles(18, 20, 19, 0, 20, 21, 19, 0),
	gsSP2Triangles(20, 22, 21, 0, 22, 23, 21, 0),
	gsSP2Triangles(22, 24, 23, 0, 24, 25, 23, 0),
	gsSP2Triangles(24, 12, 25, 0, 12, 14, 25, 0),
	gsSP2Triangles(26, 27, 28, 0, 27, 29, 28, 0),
	gsSP2Triangles(27, 30, 29, 0, 30, 31, 29, 0),
	gsSPVertex(Intro_Cube_mesh_vtx_7 + 382, 32, 0),
	gsSP2Triangles(0, 1, 2, 0, 1, 3, 2, 0),
	gsSP2Triangles(1, 4, 3, 0, 4, 5, 3, 0),
	gsSP2Triangles(4, 6, 5, 0, 6, 7, 5, 0),
	gsSP2Triangles(8, 9, 10, 0, 9, 11, 10, 0),
	gsSP2Triangles(9, 12, 11, 0, 12, 13, 11, 0),
	gsSP2Triangles(12, 14, 13, 0, 14, 15, 13, 0),
	gsSP2Triangles(14, 16, 15, 0, 16, 17, 15, 0),
	gsSP2Triangles(16, 18, 17, 0, 18, 19, 17, 0),
	gsSP2Triangles(18, 20, 19, 0, 20, 21, 19, 0),
	gsSP2Triangles(20, 22, 21, 0, 22, 23, 21, 0),
	gsSP2Triangles(22, 24, 23, 0, 24, 25, 23, 0),
	gsSP2Triangles(24, 26, 25, 0, 26, 27, 25, 0),
	gsSP2Triangles(26, 28, 27, 0, 28, 29, 27, 0),
	gsSP2Triangles(28, 30, 29, 0, 30, 31, 29, 0),
	gsSPVertex(Intro_Cube_mesh_vtx_7 + 414, 32, 0),
	gsSP2Triangles(0, 1, 2, 0, 1, 3, 2, 0),
	gsSP2Triangles(1, 4, 3, 0, 4, 5, 3, 0),
	gsSP2Triangles(6, 7, 8, 0, 7, 9, 8, 0),
	gsSP2Triangles(7, 10, 9, 0, 10, 11, 9, 0),
	gsSP2Triangles(10, 12, 11, 0, 12, 13, 11, 0),
	gsSP2Triangles(12, 14, 13, 0, 14, 15, 13, 0),
	gsSP2Triangles(14, 16, 15, 0, 16, 17, 15, 0),
	gsSP2Triangles(16, 18, 17, 0, 18, 19, 17, 0),
	gsSP2Triangles(18, 20, 19, 0, 20, 21, 19, 0),
	gsSP2Triangles(20, 22, 21, 0, 22, 23, 21, 0),
	gsSP2Triangles(22, 24, 23, 0, 24, 25, 23, 0),
	gsSP2Triangles(24, 26, 25, 0, 26, 27, 25, 0),
	gsSP2Triangles(26, 28, 27, 0, 28, 29, 27, 0),
	gsSP2Triangles(28, 30, 29, 0, 30, 31, 29, 0),
	gsSP2Triangles(30, 6, 31, 0, 6, 8, 31, 0),
	gsSPVertex(Intro_Cube_mesh_vtx_7 + 446, 32, 0),
	gsSP2Triangles(0, 1, 2, 0, 1, 3, 2, 0),
	gsSP2Triangles(1, 4, 3, 0, 4, 5, 3, 0),
	gsSP2Triangles(4, 6, 5, 0, 6, 7, 5, 0),
	gsSP2Triangles(6, 8, 7, 0, 8, 9, 7, 0),
	gsSP2Triangles(8, 10, 9, 0, 10, 11, 9, 0),
	gsSP2Triangles(10, 12, 11, 0, 12, 13, 11, 0),
	gsSP2Triangles(12, 14, 13, 0, 14, 15, 13, 0),
	gsSP2Triangles(14, 0, 15, 0, 0, 2, 15, 0),
	gsSP2Triangles(16, 17, 18, 0, 17, 19, 18, 0),
	gsSP2Triangles(17, 20, 19, 0, 20, 21, 19, 0),
	gsSP2Triangles(20, 22, 21, 0, 22, 23, 21, 0),
	gsSP2Triangles(22, 16, 23, 0, 16, 18, 23, 0),
	gsSP2Triangles(24, 25, 26, 0, 25, 27, 26, 0),
	gsSP2Triangles(25, 28, 27, 0, 28, 29, 27, 0),
	gsSP2Triangles(28, 30, 29, 0, 30, 31, 29, 0),
	gsSPVertex(Intro_Cube_mesh_vtx_7 + 478, 32, 0),
	gsSP2Triangles(0, 1, 2, 0, 1, 3, 2, 0),
	gsSP2Triangles(1, 4, 3, 0, 4, 5, 3, 0),
	gsSP2Triangles(4, 6, 5, 0, 6, 7, 5, 0),
	gsSP2Triangles(6, 8, 7, 0, 8, 9, 7, 0),
	gsSP2Triangles(8, 10, 9, 0, 10, 11, 9, 0),
	gsSP2Triangles(10, 12, 11, 0, 12, 13, 11, 0),
	gsSP2Triangles(12, 14, 13, 0, 14, 15, 13, 0),
	gsSP2Triangles(14, 16, 15, 0, 16, 17, 15, 0),
	gsSP2Triangles(16, 18, 17, 0, 18, 19, 17, 0),
	gsSP2Triangles(18, 20, 19, 0, 20, 21, 19, 0),
	gsSP2Triangles(22, 23, 24, 0, 23, 25, 24, 0),
	gsSP2Triangles(23, 26, 25, 0, 26, 27, 25, 0),
	gsSP2Triangles(26, 28, 27, 0, 28, 29, 27, 0),
	gsSP2Triangles(28, 30, 29, 0, 30, 31, 29, 0),
	gsSPVertex(Intro_Cube_mesh_vtx_7 + 510, 32, 0),
	gsSP2Triangles(0, 1, 2, 0, 1, 3, 2, 0),
	gsSP2Triangles(1, 4, 3, 0, 4, 5, 3, 0),
	gsSP2Triangles(4, 6, 5, 0, 6, 7, 5, 0),
	gsSP2Triangles(6, 8, 7, 0, 8, 9, 7, 0),
	gsSP2Triangles(8, 10, 9, 0, 10, 11, 9, 0),
	gsSP2Triangles(10, 12, 11, 0, 12, 13, 11, 0),
	gsSP2Triangles(14, 15, 16, 0, 15, 17, 16, 0),
	gsSP2Triangles(15, 18, 17, 0, 18, 19, 17, 0),
	gsSP2Triangles(18, 20, 19, 0, 20, 21, 19, 0),
	gsSP2Triangles(20, 14, 21, 0, 14, 16, 21, 0),
	gsSP2Triangles(22, 23, 24, 0, 23, 25, 24, 0),
	gsSP2Triangles(23, 26, 25, 0, 26, 27, 25, 0),
	gsSP2Triangles(26, 28, 27, 0, 28, 29, 27, 0),
	gsSP2Triangles(28, 30, 29, 0, 30, 31, 29, 0),
	gsSPVertex(Intro_Cube_mesh_vtx_7 + 542, 14, 0),
	gsSP2Triangles(0, 1, 2, 0, 1, 3, 2, 0),
	gsSP2Triangles(1, 4, 3, 0, 4, 5, 3, 0),
	gsSP2Triangles(6, 7, 8, 0, 7, 9, 8, 0),
	gsSP2Triangles(7, 10, 9, 0, 10, 11, 9, 0),
	gsSP2Triangles(10, 12, 11, 0, 12, 13, 11, 0),
	gsSP2Triangles(12, 6, 13, 0, 6, 8, 13, 0),
	gsSPEndDisplayList(),
};

Vtx Intro_Cube_mesh_vtx_8[140] = {
	{{ {345, 11, 539}, 0, {5213, 1961}, {0, 0, 127, 255} }},
	{{ {476, -13, 539}, 0, {5617, 1997}, {0, 0, 127, 255} }},
	{{ {270, 25, 539}, 0, {4983, 1939}, {0, 0, 127, 255} }},
	{{ {1057, 9, 539}, 0, {7407, 1964}, {0, 0, 127, 255} }},
	{{ {1267, 63, 539}, 0, {8054, 1880}, {0, 0, 127, 255} }},
	{{ {1057, 67, 539}, 0, {7407, 1874}, {0, 0, 127, 255} }},
	{{ {1185, 8, 539}, 0, {7802, 1965}, {0, 0, 127, 255} }},
	{{ {1139, 5, 539}, 0, {7660, 1970}, {0, 0, 127, 255} }},
	{{ {1122, -144, 539}, 0, {7607, 2200}, {0, 0, 127, 255} }},
	{{ {1208, -144, 539}, 0, {7871, 2200}, {0, 0, 127, 255} }},
	{{ {1267, -5, 539}, 0, {8054, 1986}, {0, 0, 127, 255} }},
	{{ {875, -4, 539}, 0, {6846, 1984}, {0, 0, 127, 255} }},
	{{ {1020, 68, 539}, 0, {7294, 1873}, {0, 0, 127, 255} }},
	{{ {890, 68, 539}, 0, {6892, 1873}, {0, 0, 127, 255} }},
	{{ {934, 14, 539}, 0, {7028, 1956}, {0, 0, 127, 255} }},
	{{ {932, -25, 539}, 0, {7021, 2015}, {0, 0, 127, 255} }},
	{{ {891, -143, 539}, 0, {6895, 2198}, {0, 0, 127, 255} }},
	{{ {933, -63, 539}, 0, {7023, 2075}, {0, 0, 127, 255} }},
	{{ {945, -104, 539}, 0, {7063, 2137}, {0, 0, 127, 255} }},
	{{ {1020, -104, 539}, 0, {7292, 2138}, {0, 0, 127, 255} }},
	{{ {1036, -143, 539}, 0, {7342, 2198}, {0, 0, 127, 255} }},
	{{ {999, -30, 539}, 0, {7229, 2023}, {0, 0, 127, 255} }},
	{{ {998, -57, 539}, 0, {7224, 2066}, {0, 0, 127, 255} }},
	{{ {1012, 26, 539}, 0, {7268, 1938}, {0, 0, 127, 255} }},
	{{ {744, 66, 539}, 0, {6444, 1876}, {0, 0, 127, 255} }},
	{{ {846, -138, 539}, 0, {6756, 2190}, {0, 0, 127, 255} }},
	{{ {787, 67, 539}, 0, {6577, 1874}, {0, 0, 127, 255} }},
	{{ {747, -20, 539}, 0, {6452, 2009}, {0, 0, 127, 255} }},
	{{ {695, -14, 539}, 0, {6291, 1999}, {0, 0, 127, 255} }},
	{{ {636, -11, 539}, 0, {6109, 1994}, {0, 0, 127, 255} }},
	{{ {667, 66, 539}, 0, {6205, 1876}, {0, 0, 127, 255} }},
	{{ {514, -123, 539}, 0, {5735, 2167}, {0, 0, 127, 255} }},
	{{ {514, -123, 539}, 0, {5735, 2167}, {0, 0, 127, 255} }},
	{{ {667, 66, 539}, 0, {6205, 1876}, {0, 0, 127, 255} }},
	{{ {616, 66, 539}, 0, {6048, 1876}, {0, 0, 127, 255} }},
	{{ {577, -135, 539}, 0, {5929, 2185}, {0, 0, 127, 255} }},
	{{ {636, -11, 539}, 0, {6109, 1994}, {0, 0, 127, 255} }},
	{{ {685, -76, 539}, 0, {6260, 2095}, {0, 0, 127, 255} }},
	{{ {747, -20, 539}, 0, {6452, 2009}, {0, 0, 127, 255} }},
	{{ {773, -94, 539}, 0, {6531, 2123}, {0, 0, 127, 255} }},
	{{ {846, -138, 539}, 0, {6756, 2190}, {0, 0, 127, 255} }},
	{{ {786, -143, 539}, 0, {6573, 2197}, {0, 0, 127, 255} }},
	{{ {270, 25, 539}, 0, {4983, 1939}, {0, 0, 127, 255} }},
	{{ {414, 65, 539}, 0, {5425, 1878}, {0, 0, 127, 255} }},
	{{ {337, 67, 539}, 0, {5188, 1874}, {0, 0, 127, 255} }},
	{{ {476, -13, 539}, 0, {5617, 1997}, {0, 0, 127, 255} }},
	{{ {257, -62, 539}, 0, {4943, 2074}, {0, 0, 127, 255} }},
	{{ {345, 11, 539}, 0, {5213, 1961}, {0, 0, 127, 255} }},
	{{ {320, -44, 539}, 0, {5138, 2045}, {0, 0, 127, 255} }},
	{{ {362, -72, 539}, 0, {5267, 2089}, {0, 0, 127, 255} }},
	{{ {458, -113, 539}, 0, {5563, 2151}, {0, 0, 127, 255} }},
	{{ {347, -142, 539}, 0, {5220, 2196}, {0, 0, 127, 255} }},
	{{ {406, -56, 539}, 0, {5402, 2064}, {0, 0, 127, 255} }},
	{{ {404, -2, 539}, 0, {5395, 1981}, {0, 0, 127, 255} }},
	{{ {86, 31, 539}, 0, {4415, 1930}, {0, 0, 127, 255} }},
	{{ {224, 63, 539}, 0, {4842, 1881}, {0, 0, 127, 255} }},
	{{ {152, 68, 539}, 0, {4621, 1873}, {0, 0, 127, 255} }},
	{{ {176, 31, 539}, 0, {4695, 1930}, {0, 0, 127, 255} }},
	{{ {114, 2, 539}, 0, {4504, 1975}, {0, 0, 127, 255} }},
	{{ {60, -34, 539}, 0, {4337, 2030}, {0, 0, 127, 255} }},
	{{ {112, -67, 539}, 0, {4496, 2080}, {0, 0, 127, 255} }},
	{{ {76, -95, 539}, 0, {4387, 2124}, {0, 0, 127, 255} }},
	{{ {167, -105, 539}, 0, {4667, 2139}, {0, 0, 127, 255} }},
	{{ {239, -134, 539}, 0, {4887, 2184}, {0, 0, 127, 255} }},
	{{ {132, -143, 539}, 0, {4557, 2198}, {0, 0, 127, 255} }},
	{{ {239, -134, 539}, 0, {4887, 2184}, {0, 0, 127, 255} }},
	{{ {76, -95, 539}, 0, {4387, 2124}, {0, 0, 127, 255} }},
	{{ {167, -105, 539}, 0, {4667, 2139}, {0, 0, 127, 255} }},
	{{ {224, -75, 539}, 0, {4843, 2093}, {0, 0, 127, 255} }},
	{{ {176, 31, 539}, 0, {4695, 1930}, {0, 0, 127, 255} }},
	{{ {222, 9, 539}, 0, {4836, 1963}, {0, 0, 127, 255} }},
	{{ {224, 63, 539}, 0, {4842, 1881}, {0, 0, 127, 255} }},
	{{ {-219, 66, 539}, 0, {3477, 1876}, {0, 0, 127, 255} }},
	{{ {-117, -138, 539}, 0, {3790, 2190}, {0, 0, 127, 255} }},
	{{ {-176, 67, 539}, 0, {3610, 1874}, {0, 0, 127, 255} }},
	{{ {-216, -20, 539}, 0, {3486, 2009}, {0, 0, 127, 255} }},
	{{ {-269, -14, 539}, 0, {3325, 1999}, {0, 0, 127, 255} }},
	{{ {-328, -11, 539}, 0, {3143, 1994}, {0, 0, 127, 255} }},
	{{ {-297, 66, 539}, 0, {3239, 1876}, {0, 0, 127, 255} }},
	{{ {-449, -123, 539}, 0, {2768, 2167}, {0, 0, 127, 255} }},
	{{ {-347, 66, 539}, 0, {3082, 1876}, {0, 0, 127, 255} }},
	{{ {-386, -135, 539}, 0, {2963, 2185}, {0, 0, 127, 255} }},
	{{ {-279, -76, 539}, 0, {3294, 2095}, {0, 0, 127, 255} }},
	{{ {-191, -94, 539}, 0, {3565, 2123}, {0, 0, 127, 255} }},
	{{ {-177, -143, 539}, 0, {3606, 2197}, {0, 0, 127, 255} }},
	{{ {-610, 61, 539}, 0, {2273, 1883}, {0, 0, 127, 255} }},
	{{ {-472, -130, 539}, 0, {2699, 2178}, {0, 0, 127, 255} }},
	{{ {-562, 66, 539}, 0, {2422, 1876}, {0, 0, 127, 255} }},
	{{ {-568, 7, 539}, 0, {2403, 1967}, {0, 0, 129, 255} }},
	{{ {-472, -130, 539}, 0, {2699, 2178}, {0, 0, 129, 255} }},
	{{ {-610, 61, 539}, 0, {2273, 1883}, {0, 0, 129, 255} }},
	{{ {-1064, -144, 539}, 0, {874, 2200}, {0, 0, 127, 255} }},
	{{ {-1028, -43, 539}, 0, {985, 2044}, {0, 0, 127, 255} }},
	{{ {-1025, 33, 539}, 0, {995, 1927}, {0, 0, 127, 255} }},
	{{ {-610, 9, 539}, 0, {2274, 1964}, {0, 0, 127, 255} }},
	{{ {-568, 7, 539}, 0, {2403, 1967}, {0, 0, 127, 255} }},
	{{ {-725, -131, 539}, 0, {1920, 2180}, {0, 0, 127, 255} }},
	{{ {-633, -48, 539}, 0, {2203, 2052}, {0, 0, 127, 255} }},
	{{ {-644, -84, 539}, 0, {2169, 2107}, {0, 0, 127, 255} }},
	{{ {-661, -143, 539}, 0, {2117, 2197}, {0, 0, 127, 255} }},
	{{ {-548, -51, 539}, 0, {2463, 2055}, {0, 0, 127, 255} }},
	{{ {-546, -87, 539}, 0, {2469, 2111}, {0, 0, 127, 255} }},
	{{ {-539, -141, 539}, 0, {2492, 2194}, {0, 0, 127, 255} }},
	{{ {-867, -4, 539}, 0, {1483, 1984}, {0, 0, 127, 255} }},
	{{ {-721, 68, 539}, 0, {1931, 1873}, {0, 0, 127, 255} }},
	{{ {-852, 68, 539}, 0, {1529, 1873}, {0, 0, 127, 255} }},
	{{ {-808, 14, 539}, 0, {1665, 1956}, {0, 0, 127, 255} }},
	{{ {-810, -25, 539}, 0, {1658, 2015}, {0, 0, 127, 255} }},
	{{ {-851, -143, 539}, 0, {1532, 2198}, {0, 0, 127, 255} }},
	{{ {-809, -63, 539}, 0, {1660, 2075}, {0, 0, 127, 255} }},
	{{ {-796, -104, 539}, 0, {1700, 2137}, {0, 0, 127, 255} }},
	{{ {-722, -104, 539}, 0, {1929, 2138}, {0, 0, 127, 255} }},
	{{ {-706, -143, 539}, 0, {1979, 2198}, {0, 0, 127, 255} }},
	{{ {-742, -30, 539}, 0, {1866, 2023}, {0, 0, 127, 255} }},
	{{ {-744, -57, 539}, 0, {1861, 2066}, {0, 0, 127, 255} }},
	{{ {-730, 26, 539}, 0, {1905, 1938}, {0, 0, 127, 255} }},
	{{ {-1081, 57, 539}, 0, {823, 1890}, {0, 0, 127, 255} }},
	{{ {-916, 29, 539}, 0, {1333, 1933}, {0, 0, 127, 255} }},
	{{ {-966, 66, 539}, 0, {1177, 1876}, {0, 0, 127, 255} }},
	{{ {-1025, 33, 539}, 0, {995, 1927}, {0, 0, 127, 255} }},
	{{ {-1064, -144, 539}, 0, {874, 2200}, {0, 0, 127, 255} }},
	{{ {-959, -2, 539}, 0, {1200, 1981}, {0, 0, 127, 255} }},
	{{ {-911, -34, 539}, 0, {1347, 2030}, {0, 0, 127, 255} }},
	{{ {-990, -48, 539}, 0, {1103, 2052}, {0, 0, 127, 255} }},
	{{ {-1032, -63, 539}, 0, {975, 2075}, {0, 0, 127, 255} }},
	{{ {-1028, -43, 539}, 0, {985, 2044}, {0, 0, 127, 255} }},
	{{ {-1018, -144, 539}, 0, {1018, 2200}, {0, 0, 127, 255} }},
	{{ {-949, -76, 539}, 0, {1230, 2095}, {0, 0, 127, 255} }},
	{{ {-895, -123, 539}, 0, {1395, 2168}, {0, 0, 127, 255} }},
	{{ {-939, -142, 539}, 0, {1260, 2197}, {0, 0, 127, 255} }},
	{{ {-1284, 55, 539}, 0, {199, 1893}, {0, 0, 127, 255} }},
	{{ {-1124, 19, 539}, 0, {690, 1948}, {0, 0, 127, 255} }},
	{{ {-1183, 67, 539}, 0, {509, 1874}, {0, 0, 127, 255} }},
	{{ {-1236, 15, 539}, 0, {346, 1955}, {0, 0, 127, 255} }},
	{{ {-1284, -143, 539}, 0, {199, 2198}, {0, 0, 127, 255} }},
	{{ {-1236, -91, 539}, 0, {346, 2118}, {0, 0, 127, 255} }},
	{{ {-1112, -97, 539}, 0, {728, 2126}, {0, 0, 127, 255} }},
	{{ {-1169, -143, 539}, 0, {552, 2198}, {0, 0, 127, 255} }},
	{{ {-1168, -68, 539}, 0, {555, 2082}, {0, 0, 127, 255} }},
	{{ {-1168, -16, 539}, 0, {555, 2003}, {0, 0, 127, 255} }},
};

Gfx Intro_Cube_mesh_tri_8[] = {
	gsDPLoadSync(),
	gsDPSetTextureImage(G_IM_FMT_RGBA, G_IM_SIZ_16b, 256, Intro_skybox2_small_rgba16),
	gsDPSetTile(G_IM_FMT_RGBA, G_IM_SIZ_16b, 42, 0, 7, 0, G_TX_WRAP | G_TX_NOMIRROR, 0, 0, G_TX_WRAP | G_TX_NOMIRROR, 0, 0),
	gsDPLoadTile(7, 344, 232, 1008, 276),
	gsDPSetTile(G_IM_FMT_RGBA, G_IM_SIZ_16b, 42, 0, 0, 0, G_TX_CLAMP | G_TX_NOMIRROR, 0, 0, G_TX_CLAMP | G_TX_NOMIRROR, 0, 0),
	gsDPSetTileSize(0, 344, 232, 1008, 276),
	gsSPVertex(Intro_Cube_mesh_vtx_8 + 0, 32, 0),
	gsSP2Triangles(0, 1, 2, 0, 3, 4, 5, 0),
	gsSP2Triangles(3, 6, 4, 0, 7, 6, 3, 0),
	gsSP2Triangles(8, 6, 7, 0, 8, 9, 6, 0),
	gsSP2Triangles(6, 10, 4, 0, 11, 12, 13, 0),
	gsSP2Triangles(11, 14, 12, 0, 15, 14, 11, 0),
	gsSP2Triangles(16, 15, 11, 0, 16, 17, 15, 0),
	gsSP2Triangles(16, 18, 17, 0, 16, 19, 18, 0),
	gsSP2Triangles(16, 20, 19, 0, 17, 21, 15, 0),
	gsSP2Triangles(17, 22, 21, 0, 23, 12, 14, 0),
	gsSP2Triangles(24, 25, 26, 0, 25, 24, 27, 0),
	gsSP2Triangles(24, 28, 27, 0, 29, 27, 28, 0),
	gsSP2Triangles(28, 30, 29, 0, 30, 31, 29, 0),
	gsSPVertex(Intro_Cube_mesh_vtx_8 + 32, 32, 0),
	gsSP2Triangles(0, 1, 2, 0, 0, 3, 4, 0),
	gsSP2Triangles(5, 6, 4, 0, 7, 8, 6, 0),
	gsSP2Triangles(9, 8, 7, 0, 10, 11, 12, 0),
	gsSP2Triangles(10, 13, 11, 0, 14, 15, 10, 0),
	gsSP2Triangles(14, 16, 15, 0, 14, 17, 16, 0),
	gsSP2Triangles(14, 18, 17, 0, 19, 18, 14, 0),
	gsSP2Triangles(17, 18, 20, 0, 20, 18, 21, 0),
	gsSP2Triangles(21, 18, 13, 0, 21, 13, 15, 0),
	gsSP2Triangles(22, 23, 24, 0, 22, 25, 23, 0),
	gsSP2Triangles(22, 26, 25, 0, 27, 26, 22, 0),
	gsSP2Triangles(27, 28, 26, 0, 29, 28, 27, 0),
	gsSP2Triangles(29, 30, 28, 0, 29, 31, 30, 0),
	gsSPVertex(Intro_Cube_mesh_vtx_8 + 64, 21, 0),
	gsSP2Triangles(0, 1, 2, 0, 3, 1, 4, 0),
	gsSP2Triangles(5, 6, 7, 0, 8, 9, 10, 0),
	gsSP2Triangles(9, 8, 11, 0, 8, 12, 11, 0),
	gsSP2Triangles(13, 11, 12, 0, 12, 14, 13, 0),
	gsSP2Triangles(14, 15, 13, 0, 15, 14, 16, 0),
	gsSP2Triangles(15, 17, 13, 0, 18, 11, 13, 0),
	gsSP2Triangles(19, 9, 11, 0, 20, 9, 19, 0),
	gsDPLoadSync(),
	gsDPSetTile(G_IM_FMT_RGBA, G_IM_SIZ_16b, 20, 0, 7, 0, G_TX_WRAP | G_TX_NOMIRROR, 0, 0, G_TX_WRAP | G_TX_NOMIRROR, 0, 0),
	gsDPLoadTile(7, 24, 232, 340, 276),
	gsDPSetTile(G_IM_FMT_RGBA, G_IM_SIZ_16b, 20, 0, 0, 0, G_TX_CLAMP | G_TX_NOMIRROR, 0, 0, G_TX_CLAMP | G_TX_NOMIRROR, 0, 0),
	gsDPSetTileSize(0, 24, 232, 340, 276),
	gsSPVertex(Intro_Cube_mesh_vtx_8 + 85, 31, 0),
	gsSP2Triangles(0, 1, 2, 0, 3, 4, 5, 0),
	gsSP2Triangles(6, 7, 8, 0, 9, 10, 0, 0),
	gsSP2Triangles(11, 9, 0, 0, 11, 12, 9, 0),
	gsSP2Triangles(11, 13, 12, 0, 11, 14, 13, 0),
	gsSP2Triangles(15, 12, 13, 0, 13, 16, 15, 0),
	gsSP2Triangles(16, 1, 15, 0, 17, 1, 16, 0),
	gsSP2Triangles(15, 1, 10, 0, 18, 19, 20, 0),
	gsSP2Triangles(18, 21, 19, 0, 22, 21, 18, 0),
	gsSP2Triangles(23, 22, 18, 0, 23, 24, 22, 0),
	gsSP2Triangles(23, 25, 24, 0, 23, 26, 25, 0),
	gsSP2Triangles(23, 27, 26, 0, 24, 28, 22, 0),
	gsSP2Triangles(24, 29, 28, 0, 30, 19, 21, 0),
	gsSPVertex(Intro_Cube_mesh_vtx_8 + 116, 24, 0),
	gsSP2Triangles(0, 1, 2, 0, 3, 1, 0, 0),
	gsSP2Triangles(4, 3, 0, 0, 1, 3, 5, 0),
	gsSP2Triangles(6, 1, 5, 0, 5, 7, 6, 0),
	gsSP2Triangles(8, 6, 7, 0, 8, 7, 9, 0),
	gsSP2Triangles(4, 8, 9, 0, 4, 10, 8, 0),
	gsSP2Triangles(8, 11, 6, 0, 8, 12, 11, 0),
	gsSP2Triangles(13, 12, 8, 0, 14, 15, 16, 0),
	gsSP2Triangles(17, 15, 14, 0, 18, 17, 14, 0),
	gsSP2Triangles(18, 19, 17, 0, 18, 20, 19, 0),
	gsSP2Triangles(18, 21, 20, 0, 19, 20, 22, 0),
	gsSP2Triangles(22, 20, 23, 0, 23, 20, 15, 0),
	gsSP1Triangle(17, 23, 15, 0),
	gsSPEndDisplayList(),
};

Vtx Intro_Cube_mesh_vtx_9[1014] = {
	{{ {1063, -284, 680}, 0, {1309, 1008}, {255, 255, 255, 255} }},
	{{ {1087, -287, 680}, 0, {1550, 1008}, {255, 255, 255, 255} }},
	{{ {1072, -279, 680}, 0, {1430, 1008}, {255, 255, 255, 255} }},
	{{ {1060, -292, 680}, 0, {1189, 1008}, {255, 255, 255, 255} }},
	{{ {1103, -312, 680}, 0, {1671, 1008}, {255, 255, 255, 255} }},
	{{ {1069, -304, 680}, 0, {1068, 1008}, {255, 255, 255, 255} }},
	{{ {1078, -316, 680}, 0, {948, 1008}, {255, 255, 255, 255} }},
	{{ {1111, -345, 680}, 0, {1791, 1008}, {255, 255, 255, 255} }},
	{{ {1084, -330, 680}, 0, {827, 1008}, {255, 255, 255, 255} }},
	{{ {1087, -350, 680}, 0, {707, 1008}, {255, 255, 255, 255} }},
	{{ {1107, -395, 680}, 0, {1912, 1008}, {255, 255, 255, 255} }},
	{{ {1083, -395, 680}, 0, {586, 1008}, {255, 255, 255, 255} }},
	{{ {1061, -432, 680}, 0, {466, 1008}, {255, 255, 255, 255} }},
	{{ {1085, -438, 680}, 0, {2032, 1008}, {255, 255, 255, 255} }},
	{{ {1052, -440, 680}, 0, {345, 1008}, {255, 255, 255, 255} }},
	{{ {1051, -447, 680}, 0, {225, 1008}, {255, 255, 255, 255} }},
	{{ {1061, -455, 680}, 0, {-16, 1008}, {255, 255, 255, 255} }},
	{{ {1054, -453, 680}, 0, {104, 1008}, {255, 255, 255, 255} }},
	{{ {1000, -290, 680}, 0, {1309, 1008}, {255, 255, 255, 255} }},
	{{ {1024, -294, 680}, 0, {1550, 1008}, {255, 255, 255, 255} }},
	{{ {1008, -285, 680}, 0, {1430, 1008}, {255, 255, 255, 255} }},
	{{ {997, -299, 680}, 0, {1189, 1008}, {255, 255, 255, 255} }},
	{{ {1040, -318, 680}, 0, {1671, 1008}, {255, 255, 255, 255} }},
	{{ {1005, -311, 680}, 0, {1068, 1008}, {255, 255, 255, 255} }},
	{{ {1014, -322, 680}, 0, {948, 1008}, {255, 255, 255, 255} }},
	{{ {1048, -351, 680}, 0, {1791, 1008}, {255, 255, 255, 255} }},
	{{ {1020, -336, 680}, 0, {827, 1008}, {255, 255, 255, 255} }},
	{{ {1024, -356, 680}, 0, {707, 1008}, {255, 255, 255, 255} }},
	{{ {1043, -401, 680}, 0, {1912, 1008}, {255, 255, 255, 255} }},
	{{ {1020, -402, 680}, 0, {586, 1008}, {255, 255, 255, 255} }},
	{{ {997, -438, 680}, 0, {466, 1008}, {255, 255, 255, 255} }},
	{{ {1022, -444, 680}, 0, {2032, 1008}, {255, 255, 255, 255} }},
	{{ {989, -446, 680}, 0, {345, 1008}, {255, 255, 255, 255} }},
	{{ {1022, -444, 680}, 0, {2032, 1008}, {255, 255, 255, 255} }},
	{{ {997, -438, 680}, 0, {466, 1008}, {255, 255, 255, 255} }},
	{{ {987, -453, 680}, 0, {225, 1008}, {255, 255, 255, 255} }},
	{{ {997, -461, 680}, 0, {-16, 1008}, {255, 255, 255, 255} }},
	{{ {990, -459, 680}, 0, {104, 1008}, {255, 255, 255, 255} }},
	{{ {918, -349, 680}, 0, {1642, 1008}, {255, 255, 255, 255} }},
	{{ {978, -345, 680}, 0, {1837, 1008}, {255, 255, 255, 255} }},
	{{ {961, -336, 680}, 0, {1739, 1008}, {255, 255, 255, 255} }},
	{{ {909, -371, 680}, 0, {1544, 1008}, {255, 255, 255, 255} }},
	{{ {952, -358, 680}, 0, {82, 1008}, {255, 255, 255, 255} }},
	{{ {932, -366, 680}, 0, {179, 1008}, {255, 255, 255, 255} }},
	{{ {943, -373, 680}, 0, {277, 1008}, {255, 255, 255, 255} }},
	{{ {916, -385, 680}, 0, {1447, 1008}, {255, 255, 255, 255} }},
	{{ {969, -386, 680}, 0, {374, 1008}, {255, 255, 255, 255} }},
	{{ {941, -396, 680}, 0, {1349, 1008}, {255, 255, 255, 255} }},
	{{ {976, -400, 680}, 0, {472, 1008}, {255, 255, 255, 255} }},
	{{ {952, -404, 680}, 0, {1252, 1008}, {255, 255, 255, 255} }},
	{{ {966, -423, 680}, 0, {569, 1008}, {255, 255, 255, 255} }},
	{{ {935, -414, 680}, 0, {1154, 1008}, {255, 255, 255, 255} }},
	{{ {902, -423, 680}, 0, {862, 1008}, {255, 255, 255, 255} }},
	{{ {924, -412, 680}, 0, {1057, 1008}, {255, 255, 255, 255} }},
	{{ {913, -411, 680}, 0, {959, 1008}, {255, 255, 255, 255} }},
	{{ {912, -433, 680}, 0, {764, 1008}, {255, 255, 255, 255} }},
	{{ {934, -435, 680}, 0, {667, 1008}, {255, 255, 255, 255} }},
	{{ {977, -357, 680}, 0, {1934, 1008}, {255, 255, 255, 255} }},
	{{ {959, -358, 680}, 0, {-16, 1008}, {255, 255, 255, 255} }},
	{{ {969, -364, 680}, 0, {2032, 1008}, {255, 255, 255, 255} }},
	{{ {816, -372, 680}, 0, {1008, 1008}, {255, 255, 255, 255} }},
	{{ {879, -351, 680}, 0, {1236, 1008}, {255, 255, 255, 255} }},
	{{ {853, -348, 680}, 0, {1122, 1008}, {255, 255, 255, 255} }},
	{{ {889, -365, 680}, 0, {1349, 1008}, {255, 255, 255, 255} }},
	{{ {852, -369, 680}, 0, {2032, 1008}, {255, 255, 255, 255} }},
	{{ {889, -365, 680}, 0, {1349, 1008}, {255, 255, 255, 255} }},
	{{ {816, -372, 680}, 0, {1008, 1008}, {255, 255, 255, 255} }},
	{{ {805, -413, 680}, 0, {894, 1008}, {255, 255, 255, 255} }},
	{{ {828, -392, 680}, 0, {1691, 1008}, {255, 255, 255, 255} }},
	{{ {858, -398, 680}, 0, {1577, 1008}, {255, 255, 255, 255} }},
	{{ {829, -414, 680}, 0, {-16, 1008}, {255, 255, 255, 255} }},
	{{ {818, -436, 680}, 0, {780, 1008}, {255, 255, 255, 255} }},
	{{ {851, -421, 680}, 0, {98, 1008}, {255, 255, 255, 255} }},
	{{ {878, -432, 680}, 0, {553, 1008}, {255, 255, 255, 255} }},
	{{ {850, -442, 680}, 0, {667, 1008}, {255, 255, 255, 255} }},
	{{ {890, -415, 680}, 0, {439, 1008}, {255, 255, 255, 255} }},
	{{ {871, -414, 680}, 0, {212, 1008}, {255, 255, 255, 255} }},
	{{ {882, -409, 680}, 0, {325, 1008}, {255, 255, 255, 255} }},
	{{ {867, -371, 680}, 0, {1918, 1008}, {255, 255, 255, 255} }},
	{{ {883, -382, 680}, 0, {1463, 1008}, {255, 255, 255, 255} }},
	{{ {848, -382, 680}, 0, {1804, 1008}, {255, 255, 255, 255} }},
	{{ {779, -318, 680}, 0, {77, 1008}, {255, 255, 255, 255} }},
	{{ {802, -315, 680}, 0, {263, 1008}, {255, 255, 255, 255} }},
	{{ {791, -307, 680}, 0, {170, 1008}, {255, 255, 255, 255} }},
	{{ {797, -355, 680}, 0, {356, 1008}, {255, 255, 255, 255} }},
	{{ {774, -359, 680}, 0, {-16, 1008}, {255, 255, 255, 255} }},
	{{ {792, -404, 680}, 0, {449, 1008}, {255, 255, 255, 255} }},
	{{ {771, -386, 680}, 0, {1473, 1008}, {255, 255, 255, 255} }},
	{{ {754, -377, 680}, 0, {1567, 1008}, {255, 255, 255, 255} }},
	{{ {716, -378, 680}, 0, {1287, 1008}, {255, 255, 255, 255} }},
	{{ {755, -355, 680}, 0, {1380, 1008}, {255, 255, 255, 255} }},
	{{ {732, -390, 680}, 0, {1660, 1008}, {255, 255, 255, 255} }},
	{{ {705, -420, 680}, 0, {1194, 1008}, {255, 255, 255, 255} }},
	{{ {727, -413, 680}, 0, {1753, 1008}, {255, 255, 255, 255} }},
	{{ {734, -425, 680}, 0, {1846, 1008}, {255, 255, 255, 255} }},
	{{ {717, -444, 680}, 0, {1101, 1008}, {255, 255, 255, 255} }},
	{{ {717, -444, 680}, 0, {1101, 1008}, {255, 255, 255, 255} }},
	{{ {748, -430, 680}, 0, {1939, 1008}, {255, 255, 255, 255} }},
	{{ {734, -425, 680}, 0, {1846, 1008}, {255, 255, 255, 255} }},
	{{ {792, -431, 680}, 0, {543, 1008}, {255, 255, 255, 255} }},
	{{ {792, -438, 680}, 0, {636, 1008}, {255, 255, 255, 255} }},
	{{ {772, -442, 680}, 0, {915, 1008}, {255, 255, 255, 255} }},
	{{ {746, -452, 680}, 0, {1008, 1008}, {255, 255, 255, 255} }},
	{{ {788, -443, 680}, 0, {729, 1008}, {255, 255, 255, 255} }},
	{{ {781, -447, 680}, 0, {822, 1008}, {255, 255, 255, 255} }},
	{{ {769, -418, 680}, 0, {2032, 1008}, {255, 255, 255, 255} }},
	{{ {792, -404, 680}, 0, {449, 1008}, {255, 255, 255, 255} }},
	{{ {771, -386, 680}, 0, {1473, 1008}, {255, 255, 255, 255} }},
	{{ {676, -331, 680}, 0, {1447, 1008}, {255, 255, 255, 255} }},
	{{ {695, -328, 680}, 0, {1642, 1008}, {255, 255, 255, 255} }},
	{{ {686, -325, 680}, 0, {1544, 1008}, {255, 255, 255, 255} }},
	{{ {699, -335, 680}, 0, {1739, 1008}, {255, 255, 255, 255} }},
	{{ {672, -341, 680}, 0, {1349, 1008}, {255, 255, 255, 255} }},
	{{ {695, -345, 680}, 0, {1837, 1008}, {255, 255, 255, 255} }},
	{{ {676, -348, 680}, 0, {2032, 1008}, {255, 255, 255, 255} }},
	{{ {684, -351, 680}, 0, {1934, 1008}, {255, 255, 255, 255} }},
	{{ {672, -368, 680}, 0, {569, 1008}, {255, 255, 255, 255} }},
	{{ {688, -366, 680}, 0, {764, 1008}, {255, 255, 255, 255} }},
	{{ {681, -364, 680}, 0, {667, 1008}, {255, 255, 255, 255} }},
	{{ {692, -373, 680}, 0, {862, 1008}, {255, 255, 255, 255} }},
	{{ {669, -377, 680}, 0, {472, 1008}, {255, 255, 255, 255} }},
	{{ {690, -393, 680}, 0, {959, 1008}, {255, 255, 255, 255} }},
	{{ {667, -396, 680}, 0, {374, 1008}, {255, 255, 255, 255} }},
	{{ {687, -425, 680}, 0, {1057, 1008}, {255, 255, 255, 255} }},
	{{ {664, -431, 680}, 0, {277, 1008}, {255, 255, 255, 255} }},
	{{ {686, -445, 680}, 0, {1154, 1008}, {255, 255, 255, 255} }},
	{{ {663, -449, 680}, 0, {179, 1008}, {255, 255, 255, 255} }},
	{{ {682, -454, 680}, 0, {1252, 1008}, {255, 255, 255, 255} }},
	{{ {666, -455, 680}, 0, {82, 1008}, {255, 255, 255, 255} }},
	{{ {682, -454, 680}, 0, {1252, 1008}, {255, 255, 255, 255} }},
	{{ {663, -449, 680}, 0, {179, 1008}, {255, 255, 255, 255} }},
	{{ {674, -457, 680}, 0, {-16, 1008}, {255, 255, 255, 255} }},
	{{ {626, -325, 680}, 0, {1264, 1008}, {255, 255, 255, 255} }},
	{{ {643, -323, 680}, 0, {1776, 1008}, {255, 255, 255, 255} }},
	{{ {635, -321, 680}, 0, {1520, 1008}, {255, 255, 255, 255} }},
	{{ {622, -333, 680}, 0, {1008, 1008}, {255, 255, 255, 255} }},
	{{ {646, -331, 680}, 0, {2032, 1008}, {255, 255, 255, 255} }},
	{{ {615, -452, 680}, 0, {752, 1008}, {255, 255, 255, 255} }},
	{{ {639, -445, 680}, 0, {-16, 1008}, {255, 255, 255, 255} }},
	{{ {626, -463, 680}, 0, {240, 1008}, {255, 255, 255, 255} }},
	{{ {618, -461, 680}, 0, {496, 1008}, {255, 255, 255, 255} }},
	{{ {520, -360, 680}, 0, {789, 1008}, {255, 255, 255, 255} }},
	{{ {583, -342, 680}, 0, {935, 1008}, {255, 255, 255, 255} }},
	{{ {562, -340, 680}, 0, {862, 1008}, {255, 255, 255, 255} }},
	{{ {596, -351, 680}, 0, {1008, 1008}, {255, 255, 255, 255} }},
	{{ {593, -359, 680}, 0, {1081, 1008}, {255, 255, 255, 255} }},
	{{ {560, -363, 680}, 0, {1301, 1008}, {255, 255, 255, 255} }},
	{{ {538, -371, 680}, 0, {1374, 1008}, {255, 255, 255, 255} }},
	{{ {503, -394, 680}, 0, {715, 1008}, {255, 255, 255, 255} }},
	{{ {528, -384, 680}, 0, {1447, 1008}, {255, 255, 255, 255} }},
	{{ {540, -390, 680}, 0, {1520, 1008}, {255, 255, 255, 255} }},
	{{ {516, -409, 680}, 0, {642, 1008}, {255, 255, 255, 255} }},
	{{ {560, -389, 680}, 0, {1593, 1008}, {255, 255, 255, 255} }},
	{{ {581, -392, 680}, 0, {1666, 1008}, {255, 255, 255, 255} }},
	{{ {595, -401, 680}, 0, {1739, 1008}, {255, 255, 255, 255} }},
	{{ {543, -412, 680}, 0, {569, 1008}, {255, 255, 255, 255} }},
	{{ {569, -413, 680}, 0, {496, 1008}, {255, 255, 255, 255} }},
	{{ {601, -417, 680}, 0, {1813, 1008}, {255, 255, 255, 255} }},
	{{ {576, -423, 680}, 0, {423, 1008}, {255, 255, 255, 255} }},
	{{ {582, -456, 680}, 0, {1886, 1008}, {255, 255, 255, 255} }},
	{{ {561, -442, 680}, 0, {350, 1008}, {255, 255, 255, 255} }},
	{{ {582, -456, 680}, 0, {1886, 1008}, {255, 255, 255, 255} }},
	{{ {576, -423, 680}, 0, {423, 1008}, {255, 255, 255, 255} }},
	{{ {532, -451, 680}, 0, {277, 1008}, {255, 255, 255, 255} }},
	{{ {499, -469, 680}, 0, {2032, 1008}, {255, 255, 255, 255} }},
	{{ {487, -453, 680}, 0, {-16, 1008}, {255, 255, 255, 255} }},
	{{ {511, -443, 680}, 0, {203, 1008}, {255, 255, 255, 255} }},
	{{ {490, -441, 680}, 0, {57, 1008}, {255, 255, 255, 255} }},
	{{ {500, -436, 680}, 0, {130, 1008}, {255, 255, 255, 255} }},
	{{ {530, -474, 680}, 0, {1959, 1008}, {255, 255, 255, 255} }},
	{{ {560, -363, 680}, 0, {1301, 1008}, {255, 255, 255, 255} }},
	{{ {572, -364, 680}, 0, {1227, 1008}, {255, 255, 255, 255} }},
	{{ {593, -359, 680}, 0, {1081, 1008}, {255, 255, 255, 255} }},
	{{ {584, -364, 680}, 0, {1154, 1008}, {255, 255, 255, 255} }},
	{{ {333, -417, 680}, 0, {130, 1008}, {255, 255, 255, 255} }},
	{{ {393, -402, 680}, 0, {423, 1008}, {255, 255, 255, 255} }},
	{{ {370, -395, 680}, 0, {277, 1008}, {255, 255, 255, 255} }},
	{{ {368, -418, 680}, 0, {1886, 1008}, {255, 255, 255, 255} }},
	{{ {350, -431, 680}, 0, {2032, 1008}, {255, 255, 255, 255} }},
	{{ {321, -458, 680}, 0, {-16, 1008}, {255, 255, 255, 255} }},
	{{ {344, -453, 680}, 0, {1154, 1008}, {255, 255, 255, 255} }},
	{{ {349, -464, 680}, 0, {1301, 1008}, {255, 255, 255, 255} }},
	{{ {333, -482, 680}, 0, {1008, 1008}, {255, 255, 255, 255} }},
	{{ {360, -467, 680}, 0, {1447, 1008}, {255, 255, 255, 255} }},
	{{ {393, -468, 680}, 0, {715, 1008}, {255, 255, 255, 255} }},
	{{ {358, -490, 680}, 0, {862, 1008}, {255, 255, 255, 255} }},
	{{ {376, -456, 680}, 0, {1593, 1008}, {255, 255, 255, 255} }},
	{{ {380, -432, 680}, 0, {1739, 1008}, {255, 255, 255, 255} }},
	{{ {403, -427, 680}, 0, {569, 1008}, {255, 255, 255, 255} }},
	{{ {267, -415, 680}, 0, {1725, 1008}, {255, 255, 255, 255} }},
	{{ {316, -414, 680}, 0, {1930, 1008}, {255, 255, 255, 255} }},
	{{ {301, -400, 680}, 0, {1827, 1008}, {255, 255, 255, 255} }},
	{{ {244, -422, 680}, 0, {1315, 1008}, {255, 255, 255, 255} }},
	{{ {316, -414, 680}, 0, {1930, 1008}, {255, 255, 255, 255} }},
	{{ {267, -415, 680}, 0, {1725, 1008}, {255, 255, 255, 255} }},
	{{ {246, -413, 680}, 0, {1418, 1008}, {255, 255, 255, 255} }},
	{{ {249, -408, 680}, 0, {1520, 1008}, {255, 255, 255, 255} }},
	{{ {256, -406, 680}, 0, {1622, 1008}, {255, 255, 255, 255} }},
	{{ {316, -422, 680}, 0, {2032, 1008}, {255, 255, 255, 255} }},
	{{ {293, -423, 680}, 0, {496, 1008}, {255, 255, 255, 255} }},
	{{ {243, -434, 680}, 0, {1213, 1008}, {255, 255, 255, 255} }},
	{{ {265, -445, 680}, 0, {598, 1008}, {255, 255, 255, 255} }},
	{{ {240, -491, 680}, 0, {1110, 1008}, {255, 255, 255, 255} }},
	{{ {262, -488, 680}, 0, {701, 1008}, {255, 255, 255, 255} }},
	{{ {242, -499, 680}, 0, {1008, 1008}, {255, 255, 255, 255} }},
	{{ {258, -497, 680}, 0, {803, 1008}, {255, 255, 255, 255} }},
	{{ {250, -501, 680}, 0, {906, 1008}, {255, 255, 255, 255} }},
	{{ {293, -431, 680}, 0, {394, 1008}, {255, 255, 255, 255} }},
	{{ {316, -427, 680}, 0, {-16, 1008}, {255, 255, 255, 255} }},
	{{ {313, -437, 680}, 0, {86, 1008}, {255, 255, 255, 255} }},
	{{ {293, -434, 680}, 0, {291, 1008}, {255, 255, 255, 255} }},
	{{ {303, -442, 680}, 0, {189, 1008}, {255, 255, 255, 255} }},
	{{ {150, -435, 680}, 0, {1008, 1008}, {255, 255, 255, 255} }},
	{{ {213, -415, 680}, 0, {1236, 1008}, {255, 255, 255, 255} }},
	{{ {187, -412, 680}, 0, {1122, 1008}, {255, 255, 255, 255} }},
	{{ {223, -429, 680}, 0, {1349, 1008}, {255, 255, 255, 255} }},
	{{ {186, -433, 680}, 0, {2032, 1008}, {255, 255, 255, 255} }},
	{{ {139, -477, 680}, 0, {894, 1008}, {255, 255, 255, 255} }},
	{{ {162, -456, 680}, 0, {1691, 1008}, {255, 255, 255, 255} }},
	{{ {192, -462, 680}, 0, {1577, 1008}, {255, 255, 255, 255} }},
	{{ {163, -478, 680}, 0, {-16, 1008}, {255, 255, 255, 255} }},
	{{ {152, -500, 680}, 0, {780, 1008}, {255, 255, 255, 255} }},
	{{ {185, -485, 680}, 0, {98, 1008}, {255, 255, 255, 255} }},
	{{ {212, -496, 680}, 0, {553, 1008}, {255, 255, 255, 255} }},
	{{ {184, -506, 680}, 0, {667, 1008}, {255, 255, 255, 255} }},
	{{ {212, -496, 680}, 0, {553, 1008}, {255, 255, 255, 255} }},
	{{ {152, -500, 680}, 0, {780, 1008}, {255, 255, 255, 255} }},
	{{ {185, -485, 680}, 0, {98, 1008}, {255, 255, 255, 255} }},
	{{ {224, -479, 680}, 0, {439, 1008}, {255, 255, 255, 255} }},
	{{ {205, -478, 680}, 0, {212, 1008}, {255, 255, 255, 255} }},
	{{ {216, -473, 680}, 0, {325, 1008}, {255, 255, 255, 255} }},
	{{ {186, -433, 680}, 0, {2032, 1008}, {255, 255, 255, 255} }},
	{{ {201, -434, 680}, 0, {1918, 1008}, {255, 255, 255, 255} }},
	{{ {223, -429, 680}, 0, {1349, 1008}, {255, 255, 255, 255} }},
	{{ {217, -445, 680}, 0, {1463, 1008}, {255, 255, 255, 255} }},
	{{ {182, -446, 680}, 0, {1804, 1008}, {255, 255, 255, 255} }},
	{{ {162, -456, 680}, 0, {1691, 1008}, {255, 255, 255, 255} }},
	{{ {192, -462, 680}, 0, {1577, 1008}, {255, 255, 255, 255} }},
	{{ {24, -402, 680}, 0, {1281, 1008}, {255, 255, 255, 255} }},
	{{ {59, -385, 680}, 0, {1418, 1008}, {255, 255, 255, 255} }},
	{{ {42, -386, 680}, 0, {1349, 1008}, {255, 255, 255, 255} }},
	{{ {77, -384, 680}, 0, {1486, 1008}, {255, 255, 255, 255} }},
	{{ {85, -383, 680}, 0, {1554, 1008}, {255, 255, 255, 255} }},
	{{ {140, -387, 680}, 0, {1691, 1008}, {255, 255, 255, 255} }},
	{{ {138, -396, 680}, 0, {1759, 1008}, {255, 255, 255, 255} }},
	{{ {27, -408, 680}, 0, {1213, 1008}, {255, 255, 255, 255} }},
	{{ {96, -403, 680}, 0, {940, 1008}, {255, 255, 255, 255} }},
	{{ {31, -410, 680}, 0, {1145, 1008}, {255, 255, 255, 255} }},
	{{ {75, -406, 680}, 0, {1008, 1008}, {255, 255, 255, 255} }},
	{{ {41, -409, 680}, 0, {1076, 1008}, {255, 255, 255, 255} }},
	{{ {129, -404, 680}, 0, {1827, 1008}, {255, 255, 255, 255} }},
	{{ {57, -448, 680}, 0, {871, 1008}, {255, 255, 255, 255} }},
	{{ {116, -413, 680}, 0, {1895, 1008}, {255, 255, 255, 255} }},
	{{ {89, -442, 680}, 0, {1964, 1008}, {255, 255, 255, 255} }},
	{{ {48, -497, 680}, 0, {2032, 1008}, {255, 255, 255, 255} }},
	{{ {28, -487, 680}, 0, {803, 1008}, {255, 255, 255, 255} }},
	{{ {17, -503, 680}, 0, {735, 1008}, {255, 255, 255, 255} }},
	{{ {48, -497, 680}, 0, {2032, 1008}, {255, 255, 255, 255} }},
	{{ {28, -487, 680}, 0, {803, 1008}, {255, 255, 255, 255} }},
	{{ {47, -498, 680}, 0, {-16, 1008}, {255, 255, 255, 255} }},
	{{ {127, -490, 680}, 0, {121, 1008}, {255, 255, 255, 255} }},
	{{ {133, -497, 680}, 0, {189, 1008}, {255, 255, 255, 255} }},
	{{ {15, -513, 680}, 0, {667, 1008}, {255, 255, 255, 255} }},
	{{ {130, -507, 680}, 0, {257, 1008}, {255, 255, 255, 255} }},
	{{ {19, -519, 680}, 0, {598, 1008}, {255, 255, 255, 255} }},
	{{ {108, -512, 680}, 0, {462, 1008}, {255, 255, 255, 255} }},
	{{ {28, -521, 680}, 0, {530, 1008}, {255, 255, 255, 255} }},
	{{ {112, -512, 680}, 0, {394, 1008}, {255, 255, 255, 255} }},
	{{ {120, -511, 680}, 0, {325, 1008}, {255, 255, 255, 255} }},
	{{ {85, -383, 680}, 0, {1554, 1008}, {255, 255, 255, 255} }},
	{{ {140, -387, 680}, 0, {1691, 1008}, {255, 255, 255, 255} }},
	{{ {116, -380, 680}, 0, {1622, 1008}, {255, 255, 255, 255} }},
	{{ {107, -490, 680}, 0, {52, 1008}, {255, 255, 255, 255} }},
	{{ {-56, -468, 680}, 0, {894, 1008}, {255, 255, 255, 255} }},
	{{ {-6, -465, 680}, 0, {1349, 1008}, {255, 255, 255, 255} }},
	{{ {-16, -463, 680}, 0, {1122, 1008}, {255, 255, 255, 255} }},
	{{ {-67, -472, 680}, 0, {667, 1008}, {255, 255, 255, 255} }},
	{{ {-2, -471, 680}, 0, {1577, 1008}, {255, 255, 255, 255} }},
	{{ {-71, -481, 680}, 0, {439, 1008}, {255, 255, 255, 255} }},
	{{ {-5, -479, 680}, 0, {1804, 1008}, {255, 255, 255, 255} }},
	{{ {-66, -487, 680}, 0, {212, 1008}, {255, 255, 255, 255} }},
	{{ {-17, -484, 680}, 0, {2032, 1008}, {255, 255, 255, 255} }},
	{{ {-57, -489, 680}, 0, {-16, 1008}, {255, 255, 255, 255} }},
	{{ {-163, -404, 680}, 0, {1501, 1008}, {255, 255, 255, 255} }},
	{{ {-104, -399, 680}, 0, {1653, 1008}, {255, 255, 255, 255} }},
	{{ {-130, -397, 680}, 0, {1577, 1008}, {255, 255, 255, 255} }},
	{{ {-177, -407, 680}, 0, {1349, 1008}, {255, 255, 255, 255} }},
	{{ {-169, -403, 680}, 0, {1425, 1008}, {255, 255, 255, 255} }},
	{{ {-177, -407, 680}, 0, {1349, 1008}, {255, 255, 255, 255} }},
	{{ {-88, -408, 680}, 0, {1729, 1008}, {255, 255, 255, 255} }},
	{{ {-104, -399, 680}, 0, {1653, 1008}, {255, 255, 255, 255} }},
	{{ {-181, -416, 680}, 0, {1273, 1008}, {255, 255, 255, 255} }},
	{{ {-182, -426, 680}, 0, {1198, 1008}, {255, 255, 255, 255} }},
	{{ {-131, -421, 680}, 0, {2032, 1008}, {255, 255, 255, 255} }},
	{{ {-158, -426, 680}, 0, {-16, 1008}, {255, 255, 255, 255} }},
	{{ {-183, -436, 680}, 0, {1122, 1008}, {255, 255, 255, 255} }},
	{{ {-160, -454, 680}, 0, {60, 1008}, {255, 255, 255, 255} }},
	{{ {-189, -535, 680}, 0, {1046, 1008}, {255, 255, 255, 255} }},
	{{ {-162, -479, 680}, 0, {667, 1008}, {255, 255, 255, 255} }},
	{{ {-165, -532, 680}, 0, {743, 1008}, {255, 255, 255, 255} }},
	{{ {-186, -543, 680}, 0, {970, 1008}, {255, 255, 255, 255} }},
	{{ {-169, -541, 680}, 0, {818, 1008}, {255, 255, 255, 255} }},
	{{ {-178, -545, 680}, 0, {894, 1008}, {255, 255, 255, 255} }},
	{{ {-101, -456, 680}, 0, {287, 1008}, {255, 255, 255, 255} }},
	{{ {-140, -473, 680}, 0, {591, 1008}, {255, 255, 255, 255} }},
	{{ {-104, -466, 680}, 0, {363, 1008}, {255, 255, 255, 255} }},
	{{ {-113, -471, 680}, 0, {439, 1008}, {255, 255, 255, 255} }},
	{{ {-127, -472, 680}, 0, {515, 1008}, {255, 255, 255, 255} }},
	{{ {-110, -448, 680}, 0, {212, 1008}, {255, 255, 255, 255} }},
	{{ {-139, -449, 680}, 0, {136, 1008}, {255, 255, 255, 255} }},
	{{ {-91, -417, 680}, 0, {1804, 1008}, {255, 255, 255, 255} }},
	{{ {-105, -421, 680}, 0, {1956, 1008}, {255, 255, 255, 255} }},
	{{ {-101, -422, 680}, 0, {1880, 1008}, {255, 255, 255, 255} }},
	{{ {-335, -428, 680}, 0, {415, 1008}, {255, 255, 255, 255} }},
	{{ {-298, -420, 680}, 0, {523, 1008}, {255, 255, 255, 255} }},
	{{ {-313, -415, 680}, 0, {469, 1008}, {255, 255, 255, 255} }},
	{{ {-290, -434, 680}, 0, {577, 1008}, {255, 255, 255, 255} }},
	{{ {-315, -436, 680}, 0, {1547, 1008}, {255, 255, 255, 255} }},
	{{ {-343, -454, 680}, 0, {361, 1008}, {255, 255, 255, 255} }},
	{{ {-320, -440, 680}, 0, {1601, 1008}, {255, 255, 255, 255} }},
	{{ {-343, -454, 680}, 0, {361, 1008}, {255, 255, 255, 255} }},
	{{ {-322, -449, 680}, 0, {1655, 1008}, {255, 255, 255, 255} }},
	{{ {-320, -440, 680}, 0, {1601, 1008}, {255, 255, 255, 255} }},
	{{ {-319, -459, 680}, 0, {1439, 1008}, {255, 255, 255, 255} }},
	{{ {-339, -471, 680}, 0, {307, 1008}, {255, 255, 255, 255} }},
	{{ {-313, -475, 680}, 0, {631, 1008}, {255, 255, 255, 255} }},
	{{ {-368, -493, 680}, 0, {253, 1008}, {255, 255, 255, 255} }},
	{{ {-331, -489, 680}, 0, {1709, 1008}, {255, 255, 255, 255} }},
	{{ {-346, -500, 680}, 0, {1763, 1008}, {255, 255, 255, 255} }},
	{{ {-379, -509, 680}, 0, {200, 1008}, {255, 255, 255, 255} }},
	{{ {-357, -511, 680}, 0, {1816, 1008}, {255, 255, 255, 255} }},
	{{ {-382, -528, 680}, 0, {146, 1008}, {255, 255, 255, 255} }},
	{{ {-360, -522, 680}, 0, {1870, 1008}, {255, 255, 255, 255} }},
	{{ {-354, -532, 680}, 0, {1924, 1008}, {255, 255, 255, 255} }},
	{{ {-369, -549, 680}, 0, {92, 1008}, {255, 255, 255, 255} }},
	{{ {-341, -534, 680}, 0, {1978, 1008}, {255, 255, 255, 255} }},
	{{ {-303, -538, 680}, 0, {-16, 1008}, {255, 255, 255, 255} }},
	{{ {-342, -556, 680}, 0, {38, 1008}, {255, 255, 255, 255} }},
	{{ {-288, -519, 680}, 0, {1062, 1008}, {255, 255, 255, 255} }},
	{{ {-275, -543, 680}, 0, {1116, 1008}, {255, 255, 255, 255} }},
	{{ {-298, -547, 680}, 0, {1385, 1008}, {255, 255, 255, 255} }},
	{{ {-279, -550, 680}, 0, {1170, 1008}, {255, 255, 255, 255} }},
	{{ {-294, -553, 680}, 0, {1331, 1008}, {255, 255, 255, 255} }},
	{{ {-288, -555, 680}, 0, {1224, 1008}, {255, 255, 255, 255} }},
	{{ {-291, -554, 680}, 0, {1277, 1008}, {255, 255, 255, 255} }},
	{{ {-314, -521, 680}, 0, {2032, 1008}, {255, 255, 255, 255} }},
	{{ {-279, -499, 680}, 0, {1008, 1008}, {255, 255, 255, 255} }},
	{{ {-301, -498, 680}, 0, {685, 1008}, {255, 255, 255, 255} }},
	{{ {-278, -485, 680}, 0, {954, 1008}, {255, 255, 255, 255} }},
	{{ {-298, -484, 680}, 0, {739, 1008}, {255, 255, 255, 255} }},
	{{ {-281, -477, 680}, 0, {900, 1008}, {255, 255, 255, 255} }},
	{{ {-294, -478, 680}, 0, {792, 1008}, {255, 255, 255, 255} }},
	{{ {-294, -478, 680}, 0, {792, 1008}, {255, 255, 255, 255} }},
	{{ {-281, -477, 680}, 0, {900, 1008}, {255, 255, 255, 255} }},
	{{ {-287, -475, 680}, 0, {846, 1008}, {255, 255, 255, 255} }},
	{{ {-314, -521, 680}, 0, {2032, 1008}, {255, 255, 255, 255} }},
	{{ {-301, -498, 680}, 0, {685, 1008}, {255, 255, 255, 255} }},
	{{ {-331, -489, 680}, 0, {1709, 1008}, {255, 255, 255, 255} }},
	{{ {-313, -475, 680}, 0, {631, 1008}, {255, 255, 255, 255} }},
	{{ {-315, -436, 680}, 0, {1547, 1008}, {255, 255, 255, 255} }},
	{{ {-310, -440, 680}, 0, {1493, 1008}, {255, 255, 255, 255} }},
	{{ {-290, -434, 680}, 0, {577, 1008}, {255, 255, 255, 255} }},
	{{ {-319, -459, 680}, 0, {1439, 1008}, {255, 255, 255, 255} }},
	{{ {-413, -436, 680}, 0, {1154, 1008}, {255, 255, 255, 255} }},
	{{ {-385, -421, 680}, 0, {1447, 1008}, {255, 255, 255, 255} }},
	{{ {-392, -419, 680}, 0, {1301, 1008}, {255, 255, 255, 255} }},
	{{ {-382, -428, 680}, 0, {1593, 1008}, {255, 255, 255, 255} }},
	{{ {-384, -435, 680}, 0, {1739, 1008}, {255, 255, 255, 255} }},
	{{ {-436, -479, 680}, 0, {1008, 1008}, {255, 255, 255, 255} }},
	{{ {-397, -449, 680}, 0, {1886, 1008}, {255, 255, 255, 255} }},
	{{ {-414, -484, 680}, 0, {2032, 1008}, {255, 255, 255, 255} }},
	{{ {-443, -539, 680}, 0, {862, 1008}, {255, 255, 255, 255} }},
	{{ {-419, -532, 680}, 0, {-16, 1008}, {255, 255, 255, 255} }},
	{{ {-401, -571, 680}, 0, {130, 1008}, {255, 255, 255, 255} }},
	{{ {-426, -582, 680}, 0, {715, 1008}, {255, 255, 255, 255} }},
	{{ {-391, -582, 680}, 0, {277, 1008}, {255, 255, 255, 255} }},
	{{ {-403, -595, 680}, 0, {569, 1008}, {255, 255, 255, 255} }},
	{{ {-394, -590, 680}, 0, {423, 1008}, {255, 255, 255, 255} }},
	{{ {1038, -141, 680}, 0, {1725, 1008}, {255, 255, 255, 255} }},
	{{ {1087, -140, 680}, 0, {1930, 1008}, {255, 255, 255, 255} }},
	{{ {1071, -126, 680}, 0, {1827, 1008}, {255, 255, 255, 255} }},
	{{ {1015, -148, 680}, 0, {1315, 1008}, {255, 255, 255, 255} }},
	{{ {1016, -139, 680}, 0, {1418, 1008}, {255, 255, 255, 255} }},
	{{ {1020, -135, 680}, 0, {1520, 1008}, {255, 255, 255, 255} }},
	{{ {1020, -135, 680}, 0, {1520, 1008}, {255, 255, 255, 255} }},
	{{ {1038, -141, 680}, 0, {1725, 1008}, {255, 255, 255, 255} }},
	{{ {1027, -132, 680}, 0, {1622, 1008}, {255, 255, 255, 255} }},
	{{ {1015, -148, 680}, 0, {1315, 1008}, {255, 255, 255, 255} }},
	{{ {1087, -148, 680}, 0, {2032, 1008}, {255, 255, 255, 255} }},
	{{ {1087, -140, 680}, 0, {1930, 1008}, {255, 255, 255, 255} }},
	{{ {1064, -149, 680}, 0, {496, 1008}, {255, 255, 255, 255} }},
	{{ {1014, -160, 680}, 0, {1213, 1008}, {255, 255, 255, 255} }},
	{{ {1035, -172, 680}, 0, {598, 1008}, {255, 255, 255, 255} }},
	{{ {1011, -217, 680}, 0, {1110, 1008}, {255, 255, 255, 255} }},
	{{ {1033, -215, 680}, 0, {701, 1008}, {255, 255, 255, 255} }},
	{{ {1013, -225, 680}, 0, {1008, 1008}, {255, 255, 255, 255} }},
	{{ {1029, -223, 680}, 0, {803, 1008}, {255, 255, 255, 255} }},
	{{ {1021, -227, 680}, 0, {906, 1008}, {255, 255, 255, 255} }},
	{{ {1064, -158, 680}, 0, {394, 1008}, {255, 255, 255, 255} }},
	{{ {1087, -153, 680}, 0, {-16, 1008}, {255, 255, 255, 255} }},
	{{ {1083, -163, 680}, 0, {86, 1008}, {255, 255, 255, 255} }},
	{{ {1064, -161, 680}, 0, {291, 1008}, {255, 255, 255, 255} }},
	{{ {1074, -168, 680}, 0, {189, 1008}, {255, 255, 255, 255} }},
	{{ {938, -147, 680}, 0, {1642, 1008}, {255, 255, 255, 255} }},
	{{ {998, -143, 680}, 0, {1837, 1008}, {255, 255, 255, 255} }},
	{{ {981, -134, 680}, 0, {1739, 1008}, {255, 255, 255, 255} }},
	{{ {929, -169, 680}, 0, {1544, 1008}, {255, 255, 255, 255} }},
	{{ {973, -156, 680}, 0, {82, 1008}, {255, 255, 255, 255} }},
	{{ {952, -164, 680}, 0, {179, 1008}, {255, 255, 255, 255} }},
	{{ {964, -171, 680}, 0, {277, 1008}, {255, 255, 255, 255} }},
	{{ {936, -183, 680}, 0, {1447, 1008}, {255, 255, 255, 255} }},
	{{ {989, -184, 680}, 0, {374, 1008}, {255, 255, 255, 255} }},
	{{ {961, -194, 680}, 0, {1349, 1008}, {255, 255, 255, 255} }},
	{{ {997, -198, 680}, 0, {472, 1008}, {255, 255, 255, 255} }},
	{{ {973, -202, 680}, 0, {1252, 1008}, {255, 255, 255, 255} }},
	{{ {986, -221, 680}, 0, {569, 1008}, {255, 255, 255, 255} }},
	{{ {955, -212, 680}, 0, {1154, 1008}, {255, 255, 255, 255} }},
	{{ {986, -221, 680}, 0, {569, 1008}, {255, 255, 255, 255} }},
	{{ {973, -202, 680}, 0, {1252, 1008}, {255, 255, 255, 255} }},
	{{ {922, -221, 680}, 0, {862, 1008}, {255, 255, 255, 255} }},
	{{ {944, -210, 680}, 0, {1057, 1008}, {255, 255, 255, 255} }},
	{{ {933, -209, 680}, 0, {959, 1008}, {255, 255, 255, 255} }},
	{{ {933, -231, 680}, 0, {764, 1008}, {255, 255, 255, 255} }},
	{{ {954, -233, 680}, 0, {667, 1008}, {255, 255, 255, 255} }},
	{{ {973, -156, 680}, 0, {82, 1008}, {255, 255, 255, 255} }},
	{{ {997, -155, 680}, 0, {1934, 1008}, {255, 255, 255, 255} }},
	{{ {998, -143, 680}, 0, {1837, 1008}, {255, 255, 255, 255} }},
	{{ {980, -156, 680}, 0, {-16, 1008}, {255, 255, 255, 255} }},
	{{ {989, -162, 680}, 0, {2032, 1008}, {255, 255, 255, 255} }},
	{{ {853, -155, 680}, 0, {1642, 1008}, {255, 255, 255, 255} }},
	{{ {914, -151, 680}, 0, {1837, 1008}, {255, 255, 255, 255} }},
	{{ {896, -142, 680}, 0, {1739, 1008}, {255, 255, 255, 255} }},
	{{ {845, -178, 680}, 0, {1544, 1008}, {255, 255, 255, 255} }},
	{{ {888, -164, 680}, 0, {82, 1008}, {255, 255, 255, 255} }},
	{{ {867, -172, 680}, 0, {179, 1008}, {255, 255, 255, 255} }},
	{{ {879, -179, 680}, 0, {277, 1008}, {255, 255, 255, 255} }},
	{{ {852, -191, 680}, 0, {1447, 1008}, {255, 255, 255, 255} }},
	{{ {905, -192, 680}, 0, {374, 1008}, {255, 255, 255, 255} }},
	{{ {877, -203, 680}, 0, {1349, 1008}, {255, 255, 255, 255} }},
	{{ {912, -206, 680}, 0, {472, 1008}, {255, 255, 255, 255} }},
	{{ {888, -211, 680}, 0, {1252, 1008}, {255, 255, 255, 255} }},
	{{ {902, -229, 680}, 0, {569, 1008}, {255, 255, 255, 255} }},
	{{ {871, -220, 680}, 0, {1154, 1008}, {255, 255, 255, 255} }},
	{{ {838, -229, 680}, 0, {862, 1008}, {255, 255, 255, 255} }},
	{{ {859, -218, 680}, 0, {1057, 1008}, {255, 255, 255, 255} }},
	{{ {848, -217, 680}, 0, {959, 1008}, {255, 255, 255, 255} }},
	{{ {848, -239, 680}, 0, {764, 1008}, {255, 255, 255, 255} }},
	{{ {870, -241, 680}, 0, {667, 1008}, {255, 255, 255, 255} }},
	{{ {888, -164, 680}, 0, {82, 1008}, {255, 255, 255, 255} }},
	{{ {912, -163, 680}, 0, {1934, 1008}, {255, 255, 255, 255} }},
	{{ {914, -151, 680}, 0, {1837, 1008}, {255, 255, 255, 255} }},
	{{ {895, -164, 680}, 0, {-16, 1008}, {255, 255, 255, 255} }},
	{{ {905, -170, 680}, 0, {2032, 1008}, {255, 255, 255, 255} }},
	{{ {752, -178, 680}, 0, {1008, 1008}, {255, 255, 255, 255} }},
	{{ {814, -157, 680}, 0, {1236, 1008}, {255, 255, 255, 255} }},
	{{ {789, -154, 680}, 0, {1122, 1008}, {255, 255, 255, 255} }},
	{{ {825, -171, 680}, 0, {1349, 1008}, {255, 255, 255, 255} }},
	{{ {788, -175, 680}, 0, {2032, 1008}, {255, 255, 255, 255} }},
	{{ {741, -220, 680}, 0, {894, 1008}, {255, 255, 255, 255} }},
	{{ {764, -199, 680}, 0, {1691, 1008}, {255, 255, 255, 255} }},
	{{ {794, -205, 680}, 0, {1577, 1008}, {255, 255, 255, 255} }},
	{{ {764, -220, 680}, 0, {-16, 1008}, {255, 255, 255, 255} }},
	{{ {754, -242, 680}, 0, {780, 1008}, {255, 255, 255, 255} }},
	{{ {787, -227, 680}, 0, {98, 1008}, {255, 255, 255, 255} }},
	{{ {814, -239, 680}, 0, {553, 1008}, {255, 255, 255, 255} }},
	{{ {785, -248, 680}, 0, {667, 1008}, {255, 255, 255, 255} }},
	{{ {826, -221, 680}, 0, {439, 1008}, {255, 255, 255, 255} }},
	{{ {806, -220, 680}, 0, {212, 1008}, {255, 255, 255, 255} }},
	{{ {818, -215, 680}, 0, {325, 1008}, {255, 255, 255, 255} }},
	{{ {802, -177, 680}, 0, {1918, 1008}, {255, 255, 255, 255} }},
	{{ {819, -188, 680}, 0, {1463, 1008}, {255, 255, 255, 255} }},
	{{ {783, -189, 680}, 0, {1804, 1008}, {255, 255, 255, 255} }},
	{{ {661, -169, 680}, 0, {818, 1008}, {255, 255, 255, 255} }},
	{{ {678, -166, 680}, 0, {970, 1008}, {255, 255, 255, 255} }},
	{{ {670, -164, 680}, 0, {894, 1008}, {255, 255, 255, 255} }},
	{{ {682, -172, 680}, 0, {1046, 1008}, {255, 255, 255, 255} }},
	{{ {655, -192, 680}, 0, {743, 1008}, {255, 255, 255, 255} }},
	{{ {680, -186, 680}, 0, {1122, 1008}, {255, 255, 255, 255} }},
	{{ {678, -227, 680}, 0, {1198, 1008}, {255, 255, 255, 255} }},
	{{ {655, -235, 680}, 0, {667, 1008}, {255, 255, 255, 255} }},
	{{ {655, -235, 680}, 0, {667, 1008}, {255, 255, 255, 255} }},
	{{ {679, -234, 680}, 0, {1273, 1008}, {255, 255, 255, 255} }},
	{{ {678, -227, 680}, 0, {1198, 1008}, {255, 255, 255, 255} }},
	{{ {658, -248, 680}, 0, {591, 1008}, {255, 255, 255, 255} }},
	{{ {687, -235, 680}, 0, {1349, 1008}, {255, 255, 255, 255} }},
	{{ {730, -240, 680}, 0, {60, 1008}, {255, 255, 255, 255} }},
	{{ {730, -245, 680}, 0, {136, 1008}, {255, 255, 255, 255} }},
	{{ {668, -256, 680}, 0, {515, 1008}, {255, 255, 255, 255} }},
	{{ {708, -252, 680}, 0, {363, 1008}, {255, 255, 255, 255} }},
	{{ {685, -258, 680}, 0, {439, 1008}, {255, 255, 255, 255} }},
	{{ {726, -253, 680}, 0, {212, 1008}, {255, 255, 255, 255} }},
	{{ {718, -257, 680}, 0, {287, 1008}, {255, 255, 255, 255} }},
	{{ {717, -162, 680}, 0, {1653, 1008}, {255, 255, 255, 255} }},
	{{ {732, -161, 680}, 0, {1804, 1008}, {255, 255, 255, 255} }},
	{{ {725, -159, 680}, 0, {1729, 1008}, {255, 255, 255, 255} }},
	{{ {712, -171, 680}, 0, {1577, 1008}, {255, 255, 255, 255} }},
	{{ {736, -167, 680}, 0, {1880, 1008}, {255, 255, 255, 255} }},
	{{ {734, -185, 680}, 0, {1956, 1008}, {255, 255, 255, 255} }},
	{{ {710, -191, 680}, 0, {1501, 1008}, {255, 255, 255, 255} }},
	{{ {732, -200, 680}, 0, {-16, 1008}, {255, 255, 255, 255} }},
	{{ {707, -231, 680}, 0, {1425, 1008}, {255, 255, 255, 255} }},
	{{ {732, -200, 680}, 0, {2032, 1008}, {255, 255, 255, 255} }},
	{{ {548, -168, 680}, 0, {299, 1008}, {255, 255, 255, 255} }},
	{{ {620, -132, 680}, 0, {457, 1008}, {255, 255, 255, 255} }},
	{{ {597, -128, 680}, 0, {378, 1008}, {255, 255, 255, 255} }},
	{{ {595, -151, 680}, 0, {850, 1008}, {255, 255, 255, 255} }},
	{{ {574, -170, 680}, 0, {929, 1008}, {255, 255, 255, 255} }},
	{{ {528, -239, 680}, 0, {220, 1008}, {255, 255, 255, 255} }},
	{{ {555, -205, 680}, 0, {1008, 1008}, {255, 255, 255, 255} }},
	{{ {552, -234, 680}, 0, {1087, 1008}, {255, 255, 255, 255} }},
	{{ {558, -246, 680}, 0, {1166, 1008}, {255, 255, 255, 255} }},
	{{ {570, -271, 680}, 0, {142, 1008}, {255, 255, 255, 255} }},
	{{ {570, -271, 680}, 0, {142, 1008}, {255, 255, 255, 255} }},
	{{ {571, -247, 680}, 0, {1244, 1008}, {255, 255, 255, 255} }},
	{{ {558, -246, 680}, 0, {1166, 1008}, {255, 255, 255, 255} }},
	{{ {613, -251, 680}, 0, {63, 1008}, {255, 255, 255, 255} }},
	{{ {596, -236, 680}, 0, {1323, 1008}, {255, 255, 255, 255} }},
	{{ {612, -213, 680}, 0, {1402, 1008}, {255, 255, 255, 255} }},
	{{ {638, -208, 680}, 0, {-16, 1008}, {255, 255, 255, 255} }},
	{{ {560, -217, 680}, 0, {1717, 1008}, {255, 255, 255, 255} }},
	{{ {644, -196, 680}, 0, {2032, 1008}, {255, 255, 255, 255} }},
	{{ {579, -198, 680}, 0, {1796, 1008}, {255, 255, 255, 255} }},
	{{ {640, -189, 680}, 0, {1953, 1008}, {255, 255, 255, 255} }},
	{{ {633, -187, 680}, 0, {1874, 1008}, {255, 255, 255, 255} }},
	{{ {564, -224, 680}, 0, {1638, 1008}, {255, 255, 255, 255} }},
	{{ {577, -224, 680}, 0, {1481, 1008}, {255, 255, 255, 255} }},
	{{ {571, -226, 680}, 0, {1559, 1008}, {255, 255, 255, 255} }},
	{{ {595, -151, 680}, 0, {850, 1008}, {255, 255, 255, 255} }},
	{{ {635, -144, 680}, 0, {535, 1008}, {255, 255, 255, 255} }},
	{{ {620, -132, 680}, 0, {457, 1008}, {255, 255, 255, 255} }},
	{{ {631, -153, 680}, 0, {614, 1008}, {255, 255, 255, 255} }},
	{{ {611, -155, 680}, 0, {772, 1008}, {255, 255, 255, 255} }},
	{{ {622, -158, 680}, 0, {693, 1008}, {255, 255, 255, 255} }},
	{{ {454, -206, 680}, 0, {130, 1008}, {255, 255, 255, 255} }},
	{{ {514, -191, 680}, 0, {423, 1008}, {255, 255, 255, 255} }},
	{{ {492, -184, 680}, 0, {277, 1008}, {255, 255, 255, 255} }},
	{{ {489, -206, 680}, 0, {1886, 1008}, {255, 255, 255, 255} }},
	{{ {471, -219, 680}, 0, {2032, 1008}, {255, 255, 255, 255} }},
	{{ {442, -247, 680}, 0, {-16, 1008}, {255, 255, 255, 255} }},
	{{ {466, -241, 680}, 0, {1154, 1008}, {255, 255, 255, 255} }},
	{{ {470, -252, 680}, 0, {1301, 1008}, {255, 255, 255, 255} }},
	{{ {454, -271, 680}, 0, {1008, 1008}, {255, 255, 255, 255} }},
	{{ {481, -256, 680}, 0, {1447, 1008}, {255, 255, 255, 255} }},
	{{ {514, -257, 680}, 0, {715, 1008}, {255, 255, 255, 255} }},
	{{ {454, -271, 680}, 0, {1008, 1008}, {255, 255, 255, 255} }},
	{{ {480, -278, 680}, 0, {862, 1008}, {255, 255, 255, 255} }},
	{{ {514, -257, 680}, 0, {715, 1008}, {255, 255, 255, 255} }},
	{{ {481, -256, 680}, 0, {1447, 1008}, {255, 255, 255, 255} }},
	{{ {498, -245, 680}, 0, {1593, 1008}, {255, 255, 255, 255} }},
	{{ {502, -220, 680}, 0, {1739, 1008}, {255, 255, 255, 255} }},
	{{ {525, -215, 680}, 0, {569, 1008}, {255, 255, 255, 255} }},
	{{ {489, -206, 680}, 0, {1886, 1008}, {255, 255, 255, 255} }},
	{{ {514, -191, 680}, 0, {423, 1008}, {255, 255, 255, 255} }},
	{{ {355, -216, 680}, 0, {1008, 1008}, {255, 255, 255, 255} }},
	{{ {417, -195, 680}, 0, {1236, 1008}, {255, 255, 255, 255} }},
	{{ {392, -192, 680}, 0, {1122, 1008}, {255, 255, 255, 255} }},
	{{ {428, -209, 680}, 0, {1349, 1008}, {255, 255, 255, 255} }},
	{{ {391, -213, 680}, 0, {2032, 1008}, {255, 255, 255, 255} }},
	{{ {344, -258, 680}, 0, {894, 1008}, {255, 255, 255, 255} }},
	{{ {367, -237, 680}, 0, {1691, 1008}, {255, 255, 255, 255} }},
	{{ {397, -243, 680}, 0, {1577, 1008}, {255, 255, 255, 255} }},
	{{ {367, -258, 680}, 0, {-16, 1008}, {255, 255, 255, 255} }},
	{{ {357, -280, 680}, 0, {780, 1008}, {255, 255, 255, 255} }},
	{{ {390, -265, 680}, 0, {98, 1008}, {255, 255, 255, 255} }},
	{{ {417, -277, 680}, 0, {553, 1008}, {255, 255, 255, 255} }},
	{{ {389, -286, 680}, 0, {667, 1008}, {255, 255, 255, 255} }},
	{{ {429, -259, 680}, 0, {439, 1008}, {255, 255, 255, 255} }},
	{{ {409, -259, 680}, 0, {212, 1008}, {255, 255, 255, 255} }},
	{{ {421, -253, 680}, 0, {325, 1008}, {255, 255, 255, 255} }},
	{{ {405, -215, 680}, 0, {1918, 1008}, {255, 255, 255, 255} }},
	{{ {422, -226, 680}, 0, {1463, 1008}, {255, 255, 255, 255} }},
	{{ {387, -227, 680}, 0, {1804, 1008}, {255, 255, 255, 255} }},
	{{ {242, -197, 680}, 0, {299, 1008}, {255, 255, 255, 255} }},
	{{ {313, -161, 680}, 0, {457, 1008}, {255, 255, 255, 255} }},
	{{ {290, -157, 680}, 0, {378, 1008}, {255, 255, 255, 255} }},
	{{ {289, -181, 680}, 0, {850, 1008}, {255, 255, 255, 255} }},
	{{ {242, -197, 680}, 0, {299, 1008}, {255, 255, 255, 255} }},
	{{ {267, -200, 680}, 0, {929, 1008}, {255, 255, 255, 255} }},
	{{ {289, -181, 680}, 0, {850, 1008}, {255, 255, 255, 255} }},
	{{ {221, -269, 680}, 0, {220, 1008}, {255, 255, 255, 255} }},
	{{ {249, -235, 680}, 0, {1008, 1008}, {255, 255, 255, 255} }},
	{{ {245, -264, 680}, 0, {1087, 1008}, {255, 255, 255, 255} }},
	{{ {251, -275, 680}, 0, {1166, 1008}, {255, 255, 255, 255} }},
	{{ {263, -300, 680}, 0, {142, 1008}, {255, 255, 255, 255} }},
	{{ {265, -277, 680}, 0, {1244, 1008}, {255, 255, 255, 255} }},
	{{ {306, -280, 680}, 0, {63, 1008}, {255, 255, 255, 255} }},
	{{ {289, -266, 680}, 0, {1323, 1008}, {255, 255, 255, 255} }},
	{{ {305, -242, 680}, 0, {1402, 1008}, {255, 255, 255, 255} }},
	{{ {332, -237, 680}, 0, {-16, 1008}, {255, 255, 255, 255} }},
	{{ {254, -247, 680}, 0, {1717, 1008}, {255, 255, 255, 255} }},
	{{ {337, -225, 680}, 0, {2032, 1008}, {255, 255, 255, 255} }},
	{{ {272, -228, 680}, 0, {1796, 1008}, {255, 255, 255, 255} }},
	{{ {334, -219, 680}, 0, {1953, 1008}, {255, 255, 255, 255} }},
	{{ {326, -217, 680}, 0, {1874, 1008}, {255, 255, 255, 255} }},
	{{ {257, -253, 680}, 0, {1638, 1008}, {255, 255, 255, 255} }},
	{{ {270, -254, 680}, 0, {1481, 1008}, {255, 255, 255, 255} }},
	{{ {265, -255, 680}, 0, {1559, 1008}, {255, 255, 255, 255} }},
	{{ {328, -173, 680}, 0, {535, 1008}, {255, 255, 255, 255} }},
	{{ {313, -161, 680}, 0, {457, 1008}, {255, 255, 255, 255} }},
	{{ {325, -182, 680}, 0, {614, 1008}, {255, 255, 255, 255} }},
	{{ {304, -184, 680}, 0, {772, 1008}, {255, 255, 255, 255} }},
	{{ {316, -188, 680}, 0, {693, 1008}, {255, 255, 255, 255} }},
	{{ {86, -241, 680}, 0, {935, 1008}, {255, 255, 255, 255} }},
	{{ {106, -222, 680}, 0, {1081, 1008}, {255, 255, 255, 255} }},
	{{ {99, -220, 680}, 0, {1008, 1008}, {255, 255, 255, 255} }},
	{{ {109, -228, 680}, 0, {1154, 1008}, {255, 255, 255, 255} }},
	{{ {109, -231, 680}, 0, {1227, 1008}, {255, 255, 255, 255} }},
	{{ {108, -238, 680}, 0, {1301, 1008}, {255, 255, 255, 255} }},
	{{ {86, -241, 680}, 0, {935, 1008}, {255, 255, 255, 255} }},
	{{ {108, -244, 680}, 0, {1374, 1008}, {255, 255, 255, 255} }},
	{{ {108, -238, 680}, 0, {1301, 1008}, {255, 255, 255, 255} }},
	{{ {86, -246, 680}, 0, {862, 1008}, {255, 255, 255, 255} }},
	{{ {109, -244, 680}, 0, {1447, 1008}, {255, 255, 255, 255} }},
	{{ {137, -249, 680}, 0, {1593, 1008}, {255, 255, 255, 255} }},
	{{ {75, -248, 680}, 0, {789, 1008}, {255, 255, 255, 255} }},
	{{ {61, -252, 680}, 0, {715, 1008}, {255, 255, 255, 255} }},
	{{ {57, -260, 680}, 0, {642, 1008}, {255, 255, 255, 255} }},
	{{ {135, -258, 680}, 0, {1666, 1008}, {255, 255, 255, 255} }},
	{{ {62, -266, 680}, 0, {569, 1008}, {255, 255, 255, 255} }},
	{{ {120, -262, 680}, 0, {1813, 1008}, {255, 255, 255, 255} }},
	{{ {117, -263, 680}, 0, {1886, 1008}, {255, 255, 255, 255} }},
	{{ {84, -267, 680}, 0, {423, 1008}, {255, 255, 255, 255} }},
	{{ {73, -268, 680}, 0, {496, 1008}, {255, 255, 255, 255} }},
	{{ {113, -263, 680}, 0, {1959, 1008}, {255, 255, 255, 255} }},
	{{ {107, -264, 680}, 0, {-16, 1008}, {255, 255, 255, 255} }},
	{{ {106, -279, 680}, 0, {57, 1008}, {255, 255, 255, 255} }},
	{{ {84, -283, 680}, 0, {350, 1008}, {255, 255, 255, 255} }},
	{{ {102, -287, 680}, 0, {130, 1008}, {255, 255, 255, 255} }},
	{{ {87, -289, 680}, 0, {277, 1008}, {255, 255, 255, 255} }},
	{{ {94, -291, 680}, 0, {203, 1008}, {255, 255, 255, 255} }},
	{{ {109, -264, 680}, 0, {2032, 1008}, {255, 255, 255, 255} }},
	{{ {121, -242, 680}, 0, {1520, 1008}, {255, 255, 255, 255} }},
	{{ {126, -263, 680}, 0, {1739, 1008}, {255, 255, 255, 255} }},
	{{ {-100, -246, 680}, 0, {1642, 1008}, {255, 255, 255, 255} }},
	{{ {-39, -242, 680}, 0, {1837, 1008}, {255, 255, 255, 255} }},
	{{ {-57, -233, 680}, 0, {1739, 1008}, {255, 255, 255, 255} }},
	{{ {-109, -269, 680}, 0, {1544, 1008}, {255, 255, 255, 255} }},
	{{ {-65, -255, 680}, 0, {82, 1008}, {255, 255, 255, 255} }},
	{{ {-86, -263, 680}, 0, {179, 1008}, {255, 255, 255, 255} }},
	{{ {-74, -271, 680}, 0, {277, 1008}, {255, 255, 255, 255} }},
	{{ {-101, -282, 680}, 0, {1447, 1008}, {255, 255, 255, 255} }},
	{{ {-74, -271, 680}, 0, {277, 1008}, {255, 255, 255, 255} }},
	{{ {-109, -269, 680}, 0, {1544, 1008}, {255, 255, 255, 255} }},
	{{ {-49, -284, 680}, 0, {374, 1008}, {255, 255, 255, 255} }},
	{{ {-76, -294, 680}, 0, {1349, 1008}, {255, 255, 255, 255} }},
	{{ {-41, -297, 680}, 0, {472, 1008}, {255, 255, 255, 255} }},
	{{ {-65, -302, 680}, 0, {1252, 1008}, {255, 255, 255, 255} }},
	{{ {-51, -320, 680}, 0, {569, 1008}, {255, 255, 255, 255} }},
	{{ {-83, -311, 680}, 0, {1154, 1008}, {255, 255, 255, 255} }},
	{{ {-116, -320, 680}, 0, {862, 1008}, {255, 255, 255, 255} }},
	{{ {-94, -310, 680}, 0, {1057, 1008}, {255, 255, 255, 255} }},
	{{ {-105, -308, 680}, 0, {959, 1008}, {255, 255, 255, 255} }},
	{{ {-105, -330, 680}, 0, {764, 1008}, {255, 255, 255, 255} }},
	{{ {-84, -332, 680}, 0, {667, 1008}, {255, 255, 255, 255} }},
	{{ {-65, -255, 680}, 0, {82, 1008}, {255, 255, 255, 255} }},
	{{ {-41, -254, 680}, 0, {1934, 1008}, {255, 255, 255, 255} }},
	{{ {-39, -242, 680}, 0, {1837, 1008}, {255, 255, 255, 255} }},
	{{ {-58, -255, 680}, 0, {-16, 1008}, {255, 255, 255, 255} }},
	{{ {-49, -261, 680}, 0, {2032, 1008}, {255, 255, 255, 255} }},
	{{ {-166, -221, 680}, 0, {1520, 1008}, {255, 255, 255, 255} }},
	{{ {-147, -230, 680}, 0, {1666, 1008}, {255, 255, 255, 255} }},
	{{ {-158, -217, 680}, 0, {1593, 1008}, {255, 255, 255, 255} }},
	{{ {-170, -229, 680}, 0, {1447, 1008}, {255, 255, 255, 255} }},
	{{ {-170, -246, 680}, 0, {1374, 1008}, {255, 255, 255, 255} }},
	{{ {-148, -243, 680}, 0, {1739, 1008}, {255, 255, 255, 255} }},
	{{ {-131, -242, 680}, 0, {1886, 1008}, {255, 255, 255, 255} }},
	{{ {-122, -251, 680}, 0, {1959, 1008}, {255, 255, 255, 255} }},
	{{ {-192, -250, 680}, 0, {1227, 1008}, {255, 255, 255, 255} }},
	{{ {-184, -246, 680}, 0, {1301, 1008}, {255, 255, 255, 255} }},
	{{ {-195, -259, 680}, 0, {1154, 1008}, {255, 255, 255, 255} }},
	{{ {-125, -260, 680}, 0, {2032, 1008}, {255, 255, 255, 255} }},
	{{ {-191, -267, 680}, 0, {1081, 1008}, {255, 255, 255, 255} }},
	{{ {-191, -267, 680}, 0, {1081, 1008}, {255, 255, 255, 255} }},
	{{ {-133, -265, 680}, 0, {-16, 1008}, {255, 255, 255, 255} }},
	{{ {-125, -260, 680}, 0, {2032, 1008}, {255, 255, 255, 255} }},
	{{ {-140, -265, 680}, 0, {57, 1008}, {255, 255, 255, 255} }},
	{{ {-150, -266, 680}, 0, {130, 1008}, {255, 255, 255, 255} }},
	{{ {-173, -269, 680}, 0, {1008, 1008}, {255, 255, 255, 255} }},
	{{ {-151, -269, 680}, 0, {203, 1008}, {255, 255, 255, 255} }},
	{{ {-177, -311, 680}, 0, {935, 1008}, {255, 255, 255, 255} }},
	{{ {-151, -272, 680}, 0, {277, 1008}, {255, 255, 255, 255} }},
	{{ {-154, -306, 680}, 0, {350, 1008}, {255, 255, 255, 255} }},
	{{ {-150, -315, 680}, 0, {423, 1008}, {255, 255, 255, 255} }},
	{{ {-151, -337, 680}, 0, {862, 1008}, {255, 255, 255, 255} }},
	{{ {-123, -314, 680}, 0, {715, 1008}, {255, 255, 255, 255} }},
	{{ {-131, -330, 680}, 0, {789, 1008}, {255, 255, 255, 255} }},
	{{ {-142, -310, 680}, 0, {496, 1008}, {255, 255, 255, 255} }},
	{{ {-127, -307, 680}, 0, {642, 1008}, {255, 255, 255, 255} }},
	{{ {-134, -305, 680}, 0, {569, 1008}, {255, 255, 255, 255} }},
	{{ {-148, -243, 680}, 0, {1739, 1008}, {255, 255, 255, 255} }},
	{{ {-131, -242, 680}, 0, {1886, 1008}, {255, 255, 255, 255} }},
	{{ {-144, -242, 680}, 0, {1813, 1008}, {255, 255, 255, 255} }},
	{{ {-250, -264, 680}, 0, {1725, 1008}, {255, 255, 255, 255} }},
	{{ {-201, -264, 680}, 0, {1930, 1008}, {255, 255, 255, 255} }},
	{{ {-216, -250, 680}, 0, {1827, 1008}, {255, 255, 255, 255} }},
	{{ {-273, -271, 680}, 0, {1315, 1008}, {255, 255, 255, 255} }},
	{{ {-271, -263, 680}, 0, {1418, 1008}, {255, 255, 255, 255} }},
	{{ {-268, -258, 680}, 0, {1520, 1008}, {255, 255, 255, 255} }},
	{{ {-261, -256, 680}, 0, {1622, 1008}, {255, 255, 255, 255} }},
	{{ {-201, -271, 680}, 0, {2032, 1008}, {255, 255, 255, 255} }},
	{{ {-224, -272, 680}, 0, {496, 1008}, {255, 255, 255, 255} }},
	{{ {-274, -284, 680}, 0, {1213, 1008}, {255, 255, 255, 255} }},
	{{ {-252, -295, 680}, 0, {598, 1008}, {255, 255, 255, 255} }},
	{{ {-277, -340, 680}, 0, {1110, 1008}, {255, 255, 255, 255} }},
	{{ {-277, -340, 680}, 0, {1110, 1008}, {255, 255, 255, 255} }},
	{{ {-255, -338, 680}, 0, {701, 1008}, {255, 255, 255, 255} }},
	{{ {-252, -295, 680}, 0, {598, 1008}, {255, 255, 255, 255} }},
	{{ {-275, -348, 680}, 0, {1008, 1008}, {255, 255, 255, 255} }},
	{{ {-258, -347, 680}, 0, {803, 1008}, {255, 255, 255, 255} }},
	{{ {-267, -351, 680}, 0, {906, 1008}, {255, 255, 255, 255} }},
	{{ {-224, -281, 680}, 0, {394, 1008}, {255, 255, 255, 255} }},
	{{ {-201, -271, 680}, 0, {2032, 1008}, {255, 255, 255, 255} }},
	{{ {-224, -272, 680}, 0, {496, 1008}, {255, 255, 255, 255} }},
	{{ {-201, -277, 680}, 0, {-16, 1008}, {255, 255, 255, 255} }},
	{{ {-204, -286, 680}, 0, {86, 1008}, {255, 255, 255, 255} }},
	{{ {-224, -284, 680}, 0, {291, 1008}, {255, 255, 255, 255} }},
	{{ {-214, -291, 680}, 0, {189, 1008}, {255, 255, 255, 255} }},
	{{ {-382, -305, 680}, 0, {862, 1008}, {255, 255, 255, 255} }},
	{{ {-312, -234, 680}, 0, {1057, 1008}, {255, 255, 255, 255} }},
	{{ {-324, -224, 680}, 0, {959, 1008}, {255, 255, 255, 255} }},
	{{ {-332, -266, 680}, 0, {1739, 1008}, {255, 255, 255, 255} }},
	{{ {-353, -299, 680}, 0, {1837, 1008}, {255, 255, 255, 255} }},
	{{ {-325, -314, 680}, 0, {-16, 1008}, {255, 255, 255, 255} }},
	{{ {-390, -315, 680}, 0, {764, 1008}, {255, 255, 255, 255} }},
	{{ {-389, -317, 680}, 0, {667, 1008}, {255, 255, 255, 255} }},
	{{ {-346, -318, 680}, 0, {82, 1008}, {255, 255, 255, 255} }},
	{{ {-366, -322, 680}, 0, {179, 1008}, {255, 255, 255, 255} }},
	{{ {-404, -350, 680}, 0, {569, 1008}, {255, 255, 255, 255} }},
	{{ {-383, -353, 680}, 0, {277, 1008}, {255, 255, 255, 255} }},
	{{ {-400, -357, 680}, 0, {472, 1008}, {255, 255, 255, 255} }},
	{{ {-392, -359, 680}, 0, {374, 1008}, {255, 255, 255, 255} }},
	{{ {-299, -319, 680}, 0, {1252, 1008}, {255, 255, 255, 255} }},
	{{ {-306, -351, 680}, 0, {1642, 1008}, {255, 255, 255, 255} }},
	{{ {-296, -328, 680}, 0, {1349, 1008}, {255, 255, 255, 255} }},
	{{ {-293, -337, 680}, 0, {1447, 1008}, {255, 255, 255, 255} }},
	{{ {-297, -346, 680}, 0, {1544, 1008}, {255, 255, 255, 255} }},
	{{ {-353, -299, 680}, 0, {1837, 1008}, {255, 255, 255, 255} }},
	{{ {-299, -319, 680}, 0, {1252, 1008}, {255, 255, 255, 255} }},
	{{ {-340, -297, 680}, 0, {1934, 1008}, {255, 255, 255, 255} }},
	{{ {-329, -295, 680}, 0, {2032, 1008}, {255, 255, 255, 255} }},
	{{ {-305, -283, 680}, 0, {1154, 1008}, {255, 255, 255, 255} }},
	{{ {-332, -266, 680}, 0, {1739, 1008}, {255, 255, 255, 255} }},
	{{ {-312, -234, 680}, 0, {1057, 1008}, {255, 255, 255, 255} }},
	{{ {-534, -256, 680}, 0, {1520, 1008}, {255, 255, 255, 255} }},
	{{ {-515, -265, 680}, 0, {1666, 1008}, {255, 255, 255, 255} }},
	{{ {-526, -252, 680}, 0, {1593, 1008}, {255, 255, 255, 255} }},
	{{ {-537, -264, 680}, 0, {1447, 1008}, {255, 255, 255, 255} }},
	{{ {-538, -281, 680}, 0, {1374, 1008}, {255, 255, 255, 255} }},
	{{ {-515, -279, 680}, 0, {1739, 1008}, {255, 255, 255, 255} }},
	{{ {-498, -277, 680}, 0, {1886, 1008}, {255, 255, 255, 255} }},
	{{ {-490, -287, 680}, 0, {1959, 1008}, {255, 255, 255, 255} }},
	{{ {-560, -285, 680}, 0, {1227, 1008}, {255, 255, 255, 255} }},
	{{ {-551, -281, 680}, 0, {1301, 1008}, {255, 255, 255, 255} }},
	{{ {-562, -294, 680}, 0, {1154, 1008}, {255, 255, 255, 255} }},
	{{ {-492, -296, 680}, 0, {2032, 1008}, {255, 255, 255, 255} }},
	{{ {-558, -303, 680}, 0, {1081, 1008}, {255, 255, 255, 255} }},
	{{ {-501, -300, 680}, 0, {-16, 1008}, {255, 255, 255, 255} }},
	{{ {-508, -300, 680}, 0, {57, 1008}, {255, 255, 255, 255} }},
	{{ {-518, -302, 680}, 0, {130, 1008}, {255, 255, 255, 255} }},
	{{ {-540, -304, 680}, 0, {1008, 1008}, {255, 255, 255, 255} }},
	{{ {-518, -304, 680}, 0, {203, 1008}, {255, 255, 255, 255} }},
	{{ {-545, -346, 680}, 0, {935, 1008}, {255, 255, 255, 255} }},
	{{ {-519, -307, 680}, 0, {277, 1008}, {255, 255, 255, 255} }},
	{{ {-522, -341, 680}, 0, {350, 1008}, {255, 255, 255, 255} }},
	{{ {-517, -351, 680}, 0, {423, 1008}, {255, 255, 255, 255} }},
	{{ {-518, -373, 680}, 0, {862, 1008}, {255, 255, 255, 255} }},
	{{ {-491, -350, 680}, 0, {715, 1008}, {255, 255, 255, 255} }},
	{{ {-499, -365, 680}, 0, {789, 1008}, {255, 255, 255, 255} }},
	{{ {-517, -351, 680}, 0, {423, 1008}, {255, 255, 255, 255} }},
	{{ {-491, -350, 680}, 0, {715, 1008}, {255, 255, 255, 255} }},
	{{ {-509, -345, 680}, 0, {496, 1008}, {255, 255, 255, 255} }},
	{{ {-495, -342, 680}, 0, {642, 1008}, {255, 255, 255, 255} }},
	{{ {-502, -340, 680}, 0, {569, 1008}, {255, 255, 255, 255} }},
	{{ {-515, -279, 680}, 0, {1739, 1008}, {255, 255, 255, 255} }},
	{{ {-498, -277, 680}, 0, {1886, 1008}, {255, 255, 255, 255} }},
	{{ {-511, -278, 680}, 0, {1813, 1008}, {255, 255, 255, 255} }},
	{{ {-644, -291, 680}, 0, {1886, 1008}, {255, 255, 255, 255} }},
	{{ {-624, -299, 680}, 0, {2032, 1008}, {255, 255, 255, 255} }},
	{{ {-635, -287, 680}, 0, {1959, 1008}, {255, 255, 255, 255} }},
	{{ {-647, -299, 680}, 0, {1813, 1008}, {255, 255, 255, 255} }},
	{{ {-648, -311, 680}, 0, {1739, 1008}, {255, 255, 255, 255} }},
	{{ {-624, -300, 680}, 0, {-16, 1008}, {255, 255, 255, 255} }},
	{{ {-598, -308, 680}, 0, {935, 1008}, {255, 255, 255, 255} }},
	{{ {-650, -337, 680}, 0, {1666, 1008}, {255, 255, 255, 255} }},
	{{ {-614, -319, 680}, 0, {1008, 1008}, {255, 255, 255, 255} }},
	{{ {-626, -340, 680}, 0, {1081, 1008}, {255, 255, 255, 255} }},
	{{ {-653, -368, 680}, 0, {1593, 1008}, {255, 255, 255, 255} }},
	{{ {-630, -365, 680}, 0, {1154, 1008}, {255, 255, 255, 255} }},
	{{ {-653, -377, 680}, 0, {1520, 1008}, {255, 255, 255, 255} }},
	{{ {-630, -376, 680}, 0, {1227, 1008}, {255, 255, 255, 255} }},
	{{ {-649, -383, 680}, 0, {1447, 1008}, {255, 255, 255, 255} }},
	{{ {-634, -382, 680}, 0, {1301, 1008}, {255, 255, 255, 255} }},
	{{ {-642, -385, 680}, 0, {1374, 1008}, {255, 255, 255, 255} }},
	{{ {-573, -307, 680}, 0, {130, 1008}, {255, 255, 255, 255} }},
	{{ {-595, -311, 680}, 0, {862, 1008}, {255, 255, 255, 255} }},
	{{ {-573, -323, 680}, 0, {203, 1008}, {255, 255, 255, 255} }},
	{{ {-596, -318, 680}, 0, {789, 1008}, {255, 255, 255, 255} }},
	{{ {-598, -341, 680}, 0, {715, 1008}, {255, 255, 255, 255} }},
	{{ {-574, -329, 680}, 0, {277, 1008}, {255, 255, 255, 255} }},
	{{ {-574, -352, 680}, 0, {350, 1008}, {255, 255, 255, 255} }},
	{{ {-596, -373, 680}, 0, {642, 1008}, {255, 255, 255, 255} }},
	{{ {-574, -352, 680}, 0, {350, 1008}, {255, 255, 255, 255} }},
	{{ {-598, -341, 680}, 0, {715, 1008}, {255, 255, 255, 255} }},
	{{ {-573, -368, 680}, 0, {423, 1008}, {255, 255, 255, 255} }},
	{{ {-576, -377, 680}, 0, {496, 1008}, {255, 255, 255, 255} }},
	{{ {-585, -381, 680}, 0, {569, 1008}, {255, 255, 255, 255} }},
	{{ {-624, -300, 680}, 0, {-16, 1008}, {255, 255, 255, 255} }},
	{{ {-573, -307, 680}, 0, {130, 1008}, {255, 255, 255, 255} }},
	{{ {-597, -285, 680}, 0, {57, 1008}, {255, 255, 255, 255} }},
	{{ {-683, -261, 680}, 0, {1447, 1008}, {255, 255, 255, 255} }},
	{{ {-664, -258, 680}, 0, {1642, 1008}, {255, 255, 255, 255} }},
	{{ {-673, -256, 680}, 0, {1544, 1008}, {255, 255, 255, 255} }},
	{{ {-660, -265, 680}, 0, {1739, 1008}, {255, 255, 255, 255} }},
	{{ {-687, -271, 680}, 0, {1349, 1008}, {255, 255, 255, 255} }},
	{{ {-664, -276, 680}, 0, {1837, 1008}, {255, 255, 255, 255} }},
	{{ {-683, -279, 680}, 0, {2032, 1008}, {255, 255, 255, 255} }},
	{{ {-674, -281, 680}, 0, {1934, 1008}, {255, 255, 255, 255} }},
	{{ {-686, -299, 680}, 0, {569, 1008}, {255, 255, 255, 255} }},
	{{ {-670, -296, 680}, 0, {764, 1008}, {255, 255, 255, 255} }},
	{{ {-678, -294, 680}, 0, {667, 1008}, {255, 255, 255, 255} }},
	{{ {-667, -303, 680}, 0, {862, 1008}, {255, 255, 255, 255} }},
	{{ {-690, -307, 680}, 0, {472, 1008}, {255, 255, 255, 255} }},
	{{ {-669, -323, 680}, 0, {959, 1008}, {255, 255, 255, 255} }},
	{{ {-692, -327, 680}, 0, {374, 1008}, {255, 255, 255, 255} }},
	{{ {-672, -355, 680}, 0, {1057, 1008}, {255, 255, 255, 255} }},
	{{ {-695, -361, 680}, 0, {277, 1008}, {255, 255, 255, 255} }},
	{{ {-672, -375, 680}, 0, {1154, 1008}, {255, 255, 255, 255} }},
	{{ {-696, -379, 680}, 0, {179, 1008}, {255, 255, 255, 255} }},
	{{ {-676, -384, 680}, 0, {1252, 1008}, {255, 255, 255, 255} }},
	{{ {-692, -386, 680}, 0, {82, 1008}, {255, 255, 255, 255} }},
	{{ {-685, -388, 680}, 0, {-16, 1008}, {255, 255, 255, 255} }},
	{{ {-817, -268, 680}, 0, {523, 1008}, {255, 255, 255, 255} }},
	{{ {-802, -266, 680}, 0, {631, 1008}, {255, 255, 255, 255} }},
	{{ {-809, -264, 680}, 0, {577, 1008}, {255, 255, 255, 255} }},
	{{ {-798, -272, 680}, 0, {685, 1008}, {255, 255, 255, 255} }},
	{{ {-821, -276, 680}, 0, {469, 1008}, {255, 255, 255, 255} }},
	{{ {-800, -294, 680}, 0, {739, 1008}, {255, 255, 255, 255} }},
	{{ {-829, -369, 680}, 0, {415, 1008}, {255, 255, 255, 255} }},
	{{ {-801, -305, 680}, 0, {792, 1008}, {255, 255, 255, 255} }},
	{{ {-802, -322, 680}, 0, {846, 1008}, {255, 255, 255, 255} }},
	{{ {-804, -331, 680}, 0, {900, 1008}, {255, 255, 255, 255} }},
	{{ {-805, -353, 680}, 0, {38, 1008}, {255, 255, 255, 255} }},
	{{ {-807, -373, 680}, 0, {92, 1008}, {255, 255, 255, 255} }},
	{{ {-832, -397, 680}, 0, {361, 1008}, {255, 255, 255, 255} }},
	{{ {-809, -393, 680}, 0, {146, 1008}, {255, 255, 255, 255} }},
	{{ {-813, -401, 680}, 0, {200, 1008}, {255, 255, 255, 255} }},
	{{ {-829, -403, 680}, 0, {307, 1008}, {255, 255, 255, 255} }},
	{{ {-822, -405, 680}, 0, {253, 1008}, {255, 255, 255, 255} }},
	{{ {-739, -337, 680}, 0, {-16, 1008}, {255, 255, 255, 255} }},
	{{ {-714, -319, 680}, 0, {1547, 1008}, {255, 255, 255, 255} }},
	{{ {-717, -351, 680}, 0, {1601, 1008}, {255, 255, 255, 255} }},
	{{ {-739, -341, 680}, 0, {2032, 1008}, {255, 255, 255, 255} }},
	{{ {-739, -345, 680}, 0, {1978, 1008}, {255, 255, 255, 255} }},
	{{ {-740, -353, 680}, 0, {1924, 1008}, {255, 255, 255, 255} }},
	{{ {-741, -385, 680}, 0, {1870, 1008}, {255, 255, 255, 255} }},
	{{ {-717, -378, 680}, 0, {1655, 1008}, {255, 255, 255, 255} }},
	{{ {-720, -388, 680}, 0, {1709, 1008}, {255, 255, 255, 255} }},
	{{ {-737, -391, 680}, 0, {1816, 1008}, {255, 255, 255, 255} }},
	{{ {-729, -393, 680}, 0, {1763, 1008}, {255, 255, 255, 255} }},
	{{ {-770, -321, 680}, 0, {954, 1008}, {255, 255, 255, 255} }},
	{{ {-737, -314, 680}, 0, {1008, 1008}, {255, 255, 255, 255} }},
	{{ {-712, -294, 680}, 0, {1493, 1008}, {255, 255, 255, 255} }},
	{{ {-711, -287, 680}, 0, {1439, 1008}, {255, 255, 255, 255} }},
	{{ {-737, -314, 680}, 0, {1008, 1008}, {255, 255, 255, 255} }},
	{{ {-711, -287, 680}, 0, {1439, 1008}, {255, 255, 255, 255} }},
	{{ {-710, -282, 680}, 0, {1385, 1008}, {255, 255, 255, 255} }},
	{{ {-734, -283, 680}, 0, {1062, 1008}, {255, 255, 255, 255} }},
	{{ {-707, -268, 680}, 0, {1331, 1008}, {255, 255, 255, 255} }},
	{{ {-707, -264, 680}, 0, {1277, 1008}, {255, 255, 255, 255} }},
	{{ {-729, -266, 680}, 0, {1116, 1008}, {255, 255, 255, 255} }},
	{{ {-711, -258, 680}, 0, {1224, 1008}, {255, 255, 255, 255} }},
	{{ {-718, -256, 680}, 0, {1170, 1008}, {255, 255, 255, 255} }},
	{{ {-981, -290, 680}, 0, {415, 1008}, {255, 255, 255, 255} }},
	{{ {-943, -281, 680}, 0, {523, 1008}, {255, 255, 255, 255} }},
	{{ {-959, -277, 680}, 0, {469, 1008}, {255, 255, 255, 255} }},
	{{ {-936, -295, 680}, 0, {577, 1008}, {255, 255, 255, 255} }},
	{{ {-960, -298, 680}, 0, {1547, 1008}, {255, 255, 255, 255} }},
	{{ {-988, -316, 680}, 0, {361, 1008}, {255, 255, 255, 255} }},
	{{ {-965, -302, 680}, 0, {1601, 1008}, {255, 255, 255, 255} }},
	{{ {-967, -311, 680}, 0, {1655, 1008}, {255, 255, 255, 255} }},
	{{ {-964, -321, 680}, 0, {1439, 1008}, {255, 255, 255, 255} }},
	{{ {-984, -333, 680}, 0, {307, 1008}, {255, 255, 255, 255} }},
	{{ {-958, -337, 680}, 0, {631, 1008}, {255, 255, 255, 255} }},
	{{ {-1013, -355, 680}, 0, {253, 1008}, {255, 255, 255, 255} }},
	{{ {-976, -351, 680}, 0, {1709, 1008}, {255, 255, 255, 255} }},
	{{ {-992, -362, 680}, 0, {1763, 1008}, {255, 255, 255, 255} }},
	{{ {-1024, -371, 680}, 0, {200, 1008}, {255, 255, 255, 255} }},
	{{ {-1002, -373, 680}, 0, {1816, 1008}, {255, 255, 255, 255} }},
	{{ {-1027, -389, 680}, 0, {146, 1008}, {255, 255, 255, 255} }},
	{{ {-1005, -384, 680}, 0, {1870, 1008}, {255, 255, 255, 255} }},
	{{ {-999, -393, 680}, 0, {1924, 1008}, {255, 255, 255, 255} }},
	{{ {-1014, -411, 680}, 0, {92, 1008}, {255, 255, 255, 255} }},
	{{ {-986, -396, 680}, 0, {1978, 1008}, {255, 255, 255, 255} }},
	{{ {-949, -400, 680}, 0, {-16, 1008}, {255, 255, 255, 255} }},
	{{ {-987, -418, 680}, 0, {38, 1008}, {255, 255, 255, 255} }},
	{{ {-986, -396, 680}, 0, {1978, 1008}, {255, 255, 255, 255} }},
	{{ {-949, -400, 680}, 0, {-16, 1008}, {255, 255, 255, 255} }},
	{{ {-933, -381, 680}, 0, {1062, 1008}, {255, 255, 255, 255} }},
	{{ {-921, -404, 680}, 0, {1116, 1008}, {255, 255, 255, 255} }},
	{{ {-943, -409, 680}, 0, {1385, 1008}, {255, 255, 255, 255} }},
	{{ {-924, -412, 680}, 0, {1170, 1008}, {255, 255, 255, 255} }},
	{{ {-940, -414, 680}, 0, {1331, 1008}, {255, 255, 255, 255} }},
	{{ {-933, -417, 680}, 0, {1224, 1008}, {255, 255, 255, 255} }},
	{{ {-936, -416, 680}, 0, {1277, 1008}, {255, 255, 255, 255} }},
	{{ {-960, -383, 680}, 0, {2032, 1008}, {255, 255, 255, 255} }},
	{{ {-924, -361, 680}, 0, {1008, 1008}, {255, 255, 255, 255} }},
	{{ {-946, -359, 680}, 0, {685, 1008}, {255, 255, 255, 255} }},
	{{ {-923, -347, 680}, 0, {954, 1008}, {255, 255, 255, 255} }},
	{{ {-943, -346, 680}, 0, {739, 1008}, {255, 255, 255, 255} }},
	{{ {-926, -339, 680}, 0, {900, 1008}, {255, 255, 255, 255} }},
	{{ {-939, -340, 680}, 0, {792, 1008}, {255, 255, 255, 255} }},
	{{ {-932, -337, 680}, 0, {846, 1008}, {255, 255, 255, 255} }},
	{{ {-976, -351, 680}, 0, {1709, 1008}, {255, 255, 255, 255} }},
	{{ {-958, -337, 680}, 0, {631, 1008}, {255, 255, 255, 255} }},
	{{ {-960, -298, 680}, 0, {1547, 1008}, {255, 255, 255, 255} }},
	{{ {-955, -302, 680}, 0, {1493, 1008}, {255, 255, 255, 255} }},
	{{ {-936, -295, 680}, 0, {577, 1008}, {255, 255, 255, 255} }},
	{{ {-964, -321, 680}, 0, {1439, 1008}, {255, 255, 255, 255} }},
	{{ {-1058, -297, 680}, 0, {1154, 1008}, {255, 255, 255, 255} }},
	{{ {-1030, -283, 680}, 0, {1447, 1008}, {255, 255, 255, 255} }},
	{{ {-1037, -281, 680}, 0, {1301, 1008}, {255, 255, 255, 255} }},
	{{ {-1027, -290, 680}, 0, {1593, 1008}, {255, 255, 255, 255} }},
	{{ {-1029, -296, 680}, 0, {1739, 1008}, {255, 255, 255, 255} }},
	{{ {-1082, -341, 680}, 0, {1008, 1008}, {255, 255, 255, 255} }},
	{{ {-1042, -311, 680}, 0, {1886, 1008}, {255, 255, 255, 255} }},
	{{ {-1059, -346, 680}, 0, {2032, 1008}, {255, 255, 255, 255} }},
	{{ {-1088, -400, 680}, 0, {862, 1008}, {255, 255, 255, 255} }},
	{{ {-1088, -400, 680}, 0, {862, 1008}, {255, 255, 255, 255} }},
	{{ {-1064, -394, 680}, 0, {-16, 1008}, {255, 255, 255, 255} }},
	{{ {-1059, -346, 680}, 0, {2032, 1008}, {255, 255, 255, 255} }},
	{{ {-1046, -433, 680}, 0, {130, 1008}, {255, 255, 255, 255} }},
	{{ {-1071, -444, 680}, 0, {715, 1008}, {255, 255, 255, 255} }},
	{{ {-1036, -444, 680}, 0, {277, 1008}, {255, 255, 255, 255} }},
	{{ {-1048, -457, 680}, 0, {569, 1008}, {255, 255, 255, 255} }},
	{{ {-1040, -452, 680}, 0, {423, 1008}, {255, 255, 255, 255} }},
	{{ {-1241, 139, 567}, 0, {1008, 1008}, {255, 255, 255, 255} }},
	{{ {-1191, 166, 567}, 0, {1236, 1008}, {255, 255, 255, 255} }},
	{{ {-1213, 164, 567}, 0, {1122, 1008}, {255, 255, 255, 255} }},
	{{ {-1181, 155, 567}, 0, {1349, 1008}, {255, 255, 255, 255} }},
	{{ {-1211, 146, 567}, 0, {2032, 1008}, {255, 255, 255, 255} }},
	{{ {-1244, 102, 567}, 0, {894, 1008}, {255, 255, 255, 255} }},
	{{ {-1228, 123, 567}, 0, {1691, 1008}, {255, 255, 255, 255} }},
	{{ {-1202, 122, 567}, 0, {1577, 1008}, {255, 255, 255, 255} }},
	{{ {-1224, 105, 567}, 0, {-16, 1008}, {255, 255, 255, 255} }},
	{{ {-1230, 85, 567}, 0, {780, 1008}, {255, 255, 255, 255} }},
	{{ {-1204, 102, 567}, 0, {98, 1008}, {255, 255, 255, 255} }},
	{{ {-1179, 97, 567}, 0, {553, 1008}, {255, 255, 255, 255} }},
	{{ {-1202, 85, 567}, 0, {667, 1008}, {255, 255, 255, 255} }},
	{{ {-1172, 113, 567}, 0, {439, 1008}, {255, 255, 255, 255} }},
	{{ {-1189, 111, 567}, 0, {212, 1008}, {255, 255, 255, 255} }},
	{{ {-1180, 117, 567}, 0, {325, 1008}, {255, 255, 255, 255} }},
	{{ {-1199, 147, 567}, 0, {1918, 1008}, {255, 255, 255, 255} }},
	{{ {-1183, 141, 567}, 0, {1463, 1008}, {255, 255, 255, 255} }},
	{{ {-1213, 134, 567}, 0, {1804, 1008}, {255, 255, 255, 255} }},
	{{ {-1328, 173, 567}, 0, {1813, 1008}, {255, 255, 255, 255} }},
	{{ {-1311, 168, 567}, 0, {1959, 1008}, {255, 255, 255, 255} }},
	{{ {-1322, 176, 567}, 0, {1886, 1008}, {255, 255, 255, 255} }},
	{{ {-1331, 167, 567}, 0, {1739, 1008}, {255, 255, 255, 255} }},
	{{ {-1330, 157, 567}, 0, {1666, 1008}, {255, 255, 255, 255} }},
	{{ {-1330, 157, 567}, 0, {1666, 1008}, {255, 255, 255, 255} }},
	{{ {-1308, 143, 567}, 0, {2032, 1008}, {255, 255, 255, 255} }},
	{{ {-1311, 168, 567}, 0, {1959, 1008}, {255, 255, 255, 255} }},
	{{ {-1327, 139, 567}, 0, {1593, 1008}, {255, 255, 255, 255} }},
	{{ {-1327, 137, 567}, 0, {1520, 1008}, {255, 255, 255, 255} }},
	{{ {-1306, 129, 567}, 0, {-16, 1008}, {255, 255, 255, 255} }},
	{{ {-1323, 98, 567}, 0, {1447, 1008}, {255, 255, 255, 255} }},
	{{ {-1282, 126, 567}, 0, {935, 1008}, {255, 255, 255, 255} }},
	{{ {-1302, 98, 567}, 0, {1008, 1008}, {255, 255, 255, 255} }},
	{{ {-1320, 67, 567}, 0, {1374, 1008}, {255, 255, 255, 255} }},
	{{ {-1301, 64, 567}, 0, {1081, 1008}, {255, 255, 255, 255} }},
	{{ {-1320, 62, 567}, 0, {1301, 1008}, {255, 255, 255, 255} }},
	{{ {-1316, 57, 567}, 0, {1227, 1008}, {255, 255, 255, 255} }},
	{{ {-1309, 56, 567}, 0, {1154, 1008}, {255, 255, 255, 255} }},
	{{ {-1260, 133, 567}, 0, {203, 1008}, {255, 255, 255, 255} }},
	{{ {-1259, 128, 567}, 0, {277, 1008}, {255, 255, 255, 255} }},
	{{ {-1278, 123, 567}, 0, {862, 1008}, {255, 255, 255, 255} }},
	{{ {-1252, 90, 567}, 0, {350, 1008}, {255, 255, 255, 255} }},
	{{ {-1276, 114, 567}, 0, {789, 1008}, {255, 255, 255, 255} }},
	{{ {-1272, 85, 567}, 0, {715, 1008}, {255, 255, 255, 255} }},
	{{ {-1249, 82, 567}, 0, {423, 1008}, {255, 255, 255, 255} }},
	{{ {-1265, 69, 567}, 0, {642, 1008}, {255, 255, 255, 255} }},
	{{ {-1250, 74, 567}, 0, {496, 1008}, {255, 255, 255, 255} }},
	{{ {-1257, 68, 567}, 0, {569, 1008}, {255, 255, 255, 255} }},
	{{ {-1269, 145, 567}, 0, {130, 1008}, {255, 255, 255, 255} }},
	{{ {-1284, 146, 567}, 0, {57, 1008}, {255, 255, 255, 255} }},
	{{ {-1392, 148, 567}, 0, {1402, 1008}, {255, 255, 255, 255} }},
	{{ {-1353, 159, 567}, 0, {1559, 1008}, {255, 255, 255, 255} }},
	{{ {-1375, 154, 567}, 0, {1481, 1008}, {255, 255, 255, 255} }},
	{{ {-1345, 161, 567}, 0, {1638, 1008}, {255, 255, 255, 255} }},
	{{ {-1341, 160, 567}, 0, {1717, 1008}, {255, 255, 255, 255} }},
	{{ {-1409, 142, 567}, 0, {1323, 1008}, {255, 255, 255, 255} }},
	{{ {-1437, 132, 567}, 0, {1166, 1008}, {255, 255, 255, 255} }},
	{{ {-1341, 160, 567}, 0, {1717, 1008}, {255, 255, 255, 255} }},
	{{ {-1409, 142, 567}, 0, {1323, 1008}, {255, 255, 255, 255} }},
	{{ {-1429, 138, 567}, 0, {1244, 1008}, {255, 255, 255, 255} }},
	{{ {-1338, 155, 567}, 0, {1796, 1008}, {255, 255, 255, 255} }},
	{{ {-1438, 123, 567}, 0, {1087, 1008}, {255, 255, 255, 255} }},
	{{ {-1339, 146, 567}, 0, {1874, 1008}, {255, 255, 255, 255} }},
	{{ {-1428, 118, 567}, 0, {1008, 1008}, {255, 255, 255, 255} }},
	{{ {-1380, 132, 567}, 0, {-16, 1008}, {255, 255, 255, 255} }},
	{{ {-1400, 125, 567}, 0, {850, 1008}, {255, 255, 255, 255} }},
	{{ {-1408, 122, 567}, 0, {929, 1008}, {255, 255, 255, 255} }},
	{{ {-1374, 98, 567}, 0, {63, 1008}, {255, 255, 255, 255} }},
	{{ {-1393, 83, 567}, 0, {772, 1008}, {255, 255, 255, 255} }},
	{{ {-1370, 72, 567}, 0, {142, 1008}, {255, 255, 255, 255} }},
	{{ {-1388, 57, 567}, 0, {693, 1008}, {255, 255, 255, 255} }},
	{{ {-1369, 65, 567}, 0, {220, 1008}, {255, 255, 255, 255} }},
	{{ {-1369, 46, 567}, 0, {299, 1008}, {255, 255, 255, 255} }},
	{{ {-1388, 49, 567}, 0, {614, 1008}, {255, 255, 255, 255} }},
	{{ {-1387, 45, 567}, 0, {535, 1008}, {255, 255, 255, 255} }},
	{{ {-1383, 40, 567}, 0, {457, 1008}, {255, 255, 255, 255} }},
	{{ {-1376, 39, 567}, 0, {378, 1008}, {255, 255, 255, 255} }},
	{{ {-1376, 133, 567}, 0, {2032, 1008}, {255, 255, 255, 255} }},
	{{ {-1346, 141, 567}, 0, {1953, 1008}, {255, 255, 255, 255} }},
};

Gfx Intro_Cube_mesh_tri_9[] = {
	gsSPVertex(Intro_Cube_mesh_vtx_9 + 0, 32, 0),
	gsSP2Triangles(0, 1, 2, 0, 3, 1, 0, 0),
	gsSP2Triangles(3, 4, 1, 0, 5, 4, 3, 0),
	gsSP2Triangles(6, 4, 5, 0, 6, 7, 4, 0),
	gsSP2Triangles(8, 7, 6, 0, 9, 7, 8, 0),
	gsSP2Triangles(9, 10, 7, 0, 11, 10, 9, 0),
	gsSP2Triangles(12, 10, 11, 0, 12, 13, 10, 0),
	gsSP2Triangles(14, 13, 12, 0, 15, 13, 14, 0),
	gsSP2Triangles(15, 16, 13, 0, 17, 16, 15, 0),
	gsSP2Triangles(18, 19, 20, 0, 21, 19, 18, 0),
	gsSP2Triangles(21, 22, 19, 0, 23, 22, 21, 0),
	gsSP2Triangles(24, 22, 23, 0, 24, 25, 22, 0),
	gsSP2Triangles(26, 25, 24, 0, 27, 25, 26, 0),
	gsSP2Triangles(27, 28, 25, 0, 29, 28, 27, 0),
	gsSP2Triangles(30, 28, 29, 0, 30, 31, 28, 0),
	gsSPVertex(Intro_Cube_mesh_vtx_9 + 32, 32, 0),
	gsSP2Triangles(0, 1, 2, 0, 3, 1, 0, 0),
	gsSP2Triangles(3, 4, 1, 0, 5, 4, 3, 0),
	gsSP2Triangles(6, 7, 8, 0, 9, 7, 6, 0),
	gsSP2Triangles(9, 10, 7, 0, 9, 11, 10, 0),
	gsSP2Triangles(9, 12, 11, 0, 13, 12, 9, 0),
	gsSP2Triangles(13, 14, 12, 0, 15, 14, 13, 0),
	gsSP2Triangles(15, 16, 14, 0, 17, 16, 15, 0),
	gsSP2Triangles(17, 18, 16, 0, 19, 18, 17, 0),
	gsSP2Triangles(20, 18, 19, 0, 20, 19, 21, 0),
	gsSP2Triangles(20, 21, 22, 0, 23, 18, 20, 0),
	gsSP2Triangles(23, 24, 18, 0, 10, 25, 7, 0),
	gsSP2Triangles(26, 25, 10, 0, 27, 25, 26, 0),
	gsSP2Triangles(28, 29, 30, 0, 28, 31, 29, 0),
	gsSPVertex(Intro_Cube_mesh_vtx_9 + 64, 32, 0),
	gsSP2Triangles(0, 1, 2, 0, 3, 0, 2, 0),
	gsSP2Triangles(3, 4, 0, 0, 3, 5, 4, 0),
	gsSP2Triangles(3, 6, 5, 0, 7, 6, 3, 0),
	gsSP2Triangles(7, 8, 6, 0, 7, 9, 8, 0),
	gsSP2Triangles(10, 9, 7, 0, 8, 9, 11, 0),
	gsSP2Triangles(8, 11, 12, 0, 12, 11, 13, 0),
	gsSP2Triangles(0, 14, 1, 0, 14, 15, 1, 0),
	gsSP2Triangles(16, 15, 14, 0, 4, 15, 16, 0),
	gsSP2Triangles(4, 5, 15, 0, 17, 18, 19, 0),
	gsSP2Triangles(17, 20, 18, 0, 21, 20, 17, 0),
	gsSP2Triangles(21, 22, 20, 0, 23, 22, 21, 0),
	gsSP2Triangles(24, 23, 21, 0, 25, 24, 21, 0),
	gsSP2Triangles(25, 21, 26, 0, 27, 24, 25, 0),
	gsSP2Triangles(28, 27, 25, 0, 28, 29, 27, 0),
	gsSP2Triangles(28, 30, 29, 0, 31, 30, 28, 0),
	gsSPVertex(Intro_Cube_mesh_vtx_9 + 96, 32, 0),
	gsSP2Triangles(0, 1, 2, 0, 0, 3, 1, 0),
	gsSP2Triangles(0, 4, 3, 0, 5, 4, 0, 0),
	gsSP2Triangles(6, 5, 0, 0, 5, 7, 4, 0),
	gsSP2Triangles(8, 7, 5, 0, 9, 10, 11, 0),
	gsSP2Triangles(9, 3, 10, 0, 1, 3, 9, 0),
	gsSP2Triangles(12, 13, 14, 0, 12, 15, 13, 0),
	gsSP2Triangles(16, 15, 12, 0, 16, 17, 15, 0),
	gsSP2Triangles(18, 17, 16, 0, 18, 19, 17, 0),
	gsSP2Triangles(20, 21, 22, 0, 20, 23, 21, 0),
	gsSP2Triangles(24, 23, 20, 0, 24, 25, 23, 0),
	gsSP2Triangles(26, 25, 24, 0, 26, 27, 25, 0),
	gsSP2Triangles(28, 27, 26, 0, 28, 29, 27, 0),
	gsSP2Triangles(30, 29, 28, 0, 30, 31, 29, 0),
	gsSPVertex(Intro_Cube_mesh_vtx_9 + 128, 32, 0),
	gsSP2Triangles(0, 1, 2, 0, 0, 3, 1, 0),
	gsSP2Triangles(4, 5, 6, 0, 7, 5, 4, 0),
	gsSP2Triangles(7, 8, 5, 0, 9, 8, 7, 0),
	gsSP2Triangles(9, 10, 8, 0, 9, 11, 10, 0),
	gsSP2Triangles(12, 11, 9, 0, 13, 14, 15, 0),
	gsSP2Triangles(13, 16, 14, 0, 13, 17, 16, 0),
	gsSP2Triangles(18, 17, 13, 0, 19, 18, 13, 0),
	gsSP2Triangles(20, 19, 13, 0, 20, 21, 19, 0),
	gsSP2Triangles(20, 22, 21, 0, 23, 22, 20, 0),
	gsSP2Triangles(23, 24, 22, 0, 23, 25, 24, 0),
	gsSP2Triangles(23, 26, 25, 0, 27, 26, 23, 0),
	gsSP2Triangles(27, 28, 26, 0, 28, 29, 26, 0),
	gsSP2Triangles(30, 29, 28, 0, 30, 31, 29, 0),
	gsSPVertex(Intro_Cube_mesh_vtx_9 + 160, 32, 0),
	gsSP2Triangles(0, 1, 2, 0, 3, 1, 0, 0),
	gsSP2Triangles(4, 1, 3, 0, 4, 3, 5, 0),
	gsSP2Triangles(5, 3, 6, 0, 5, 6, 7, 0),
	gsSP2Triangles(7, 6, 8, 0, 4, 9, 1, 0),
	gsSP2Triangles(10, 11, 12, 0, 11, 13, 12, 0),
	gsSP2Triangles(14, 15, 16, 0, 14, 17, 15, 0),
	gsSP2Triangles(18, 17, 14, 0, 19, 18, 14, 0),
	gsSP2Triangles(19, 20, 18, 0, 19, 21, 20, 0),
	gsSP2Triangles(22, 21, 19, 0, 22, 23, 21, 0),
	gsSP2Triangles(22, 24, 23, 0, 22, 25, 24, 0),
	gsSP2Triangles(23, 24, 26, 0, 26, 24, 27, 0),
	gsSP2Triangles(27, 24, 28, 0, 27, 28, 17, 0),
	gsSP2Triangles(17, 28, 15, 0, 29, 30, 31, 0),
	gsSPVertex(Intro_Cube_mesh_vtx_9 + 192, 32, 0),
	gsSP2Triangles(0, 1, 2, 0, 0, 2, 3, 0),
	gsSP2Triangles(3, 2, 4, 0, 4, 2, 5, 0),
	gsSP2Triangles(0, 6, 1, 0, 7, 6, 0, 0),
	gsSP2Triangles(8, 7, 0, 0, 8, 9, 7, 0),
	gsSP2Triangles(10, 9, 8, 0, 10, 11, 9, 0),
	gsSP2Triangles(12, 11, 10, 0, 12, 13, 11, 0),
	gsSP2Triangles(12, 14, 13, 0, 15, 6, 7, 0),
	gsSP2Triangles(15, 16, 6, 0, 15, 17, 16, 0),
	gsSP2Triangles(18, 17, 15, 0, 19, 17, 18, 0),
	gsSP2Triangles(20, 21, 22, 0, 20, 23, 21, 0),
	gsSP2Triangles(24, 23, 20, 0, 25, 24, 20, 0),
	gsSP2Triangles(25, 26, 24, 0, 25, 27, 26, 0),
	gsSP2Triangles(25, 28, 27, 0, 29, 28, 25, 0),
	gsSP2Triangles(29, 30, 28, 0, 29, 31, 30, 0),
	gsSPVertex(Intro_Cube_mesh_vtx_9 + 224, 32, 0),
	gsSP2Triangles(0, 1, 2, 0, 3, 1, 4, 0),
	gsSP2Triangles(3, 4, 5, 0, 5, 4, 6, 0),
	gsSP2Triangles(7, 8, 9, 0, 8, 10, 9, 0),
	gsSP2Triangles(11, 10, 8, 0, 12, 10, 11, 0),
	gsSP2Triangles(12, 13, 10, 0, 14, 15, 16, 0),
	gsSP2Triangles(14, 17, 15, 0, 14, 18, 17, 0),
	gsSP2Triangles(14, 19, 18, 0, 14, 20, 19, 0),
	gsSP2Triangles(21, 20, 14, 0, 21, 22, 20, 0),
	gsSP2Triangles(23, 22, 21, 0, 23, 24, 22, 0),
	gsSP2Triangles(25, 24, 23, 0, 22, 26, 20, 0),
	gsSP2Triangles(27, 26, 22, 0, 27, 28, 26, 0),
	gsSP2Triangles(27, 29, 28, 0, 27, 30, 29, 0),
	gsSP1Triangle(31, 30, 27, 0),
	gsSPVertex(Intro_Cube_mesh_vtx_9 + 256, 32, 0),
	gsSP2Triangles(0, 1, 2, 0, 0, 3, 1, 0),
	gsSP2Triangles(0, 4, 3, 0, 0, 5, 4, 0),
	gsSP2Triangles(6, 5, 0, 0, 6, 7, 5, 0),
	gsSP2Triangles(8, 7, 6, 0, 8, 9, 7, 0),
	gsSP2Triangles(10, 9, 8, 0, 9, 11, 7, 0),
	gsSP2Triangles(11, 12, 7, 0, 13, 14, 15, 0),
	gsSP2Triangles(3, 4, 16, 0, 17, 18, 19, 0),
	gsSP2Triangles(20, 18, 17, 0, 20, 21, 18, 0),
	gsSP2Triangles(22, 21, 20, 0, 22, 23, 21, 0),
	gsSP2Triangles(24, 23, 22, 0, 24, 25, 23, 0),
	gsSP2Triangles(26, 25, 24, 0, 27, 28, 29, 0),
	gsSP2Triangles(30, 28, 27, 0, 30, 27, 31, 0),
	gsSPVertex(Intro_Cube_mesh_vtx_9 + 288, 32, 0),
	gsSP2Triangles(0, 1, 2, 0, 3, 1, 0, 0),
	gsSP2Triangles(4, 1, 3, 0, 4, 5, 1, 0),
	gsSP2Triangles(4, 6, 5, 0, 7, 6, 4, 0),
	gsSP2Triangles(7, 8, 6, 0, 9, 8, 7, 0),
	gsSP2Triangles(9, 10, 8, 0, 9, 11, 10, 0),
	gsSP2Triangles(12, 11, 9, 0, 12, 13, 11, 0),
	gsSP2Triangles(12, 14, 13, 0, 10, 15, 8, 0),
	gsSP2Triangles(10, 16, 15, 0, 16, 17, 15, 0),
	gsSP2Triangles(16, 18, 17, 0, 19, 18, 16, 0),
	gsSP2Triangles(8, 15, 20, 0, 8, 20, 21, 0),
	gsSP2Triangles(5, 22, 1, 0, 23, 22, 5, 0),
	gsSP2Triangles(23, 24, 22, 0, 25, 26, 27, 0),
	gsSP2Triangles(25, 28, 26, 0, 29, 28, 25, 0),
	gsSP2Triangles(30, 29, 25, 0, 30, 31, 29, 0),
	gsSPVertex(Intro_Cube_mesh_vtx_9 + 320, 32, 0),
	gsSP2Triangles(0, 1, 2, 0, 0, 3, 1, 0),
	gsSP2Triangles(4, 3, 0, 0, 4, 5, 3, 0),
	gsSP2Triangles(6, 5, 4, 0, 6, 7, 5, 0),
	gsSP2Triangles(6, 8, 7, 0, 9, 8, 6, 0),
	gsSP2Triangles(9, 10, 8, 0, 11, 10, 9, 0),
	gsSP2Triangles(11, 12, 10, 0, 11, 13, 12, 0),
	gsSP2Triangles(14, 13, 11, 0, 14, 15, 13, 0),
	gsSP2Triangles(14, 16, 15, 0, 14, 17, 16, 0),
	gsSP2Triangles(15, 16, 18, 0, 16, 19, 18, 0),
	gsSP2Triangles(20, 19, 16, 0, 20, 21, 19, 0),
	gsSP2Triangles(22, 21, 20, 0, 22, 23, 21, 0),
	gsSP2Triangles(24, 23, 22, 0, 15, 18, 25, 0),
	gsSP2Triangles(25, 18, 26, 0, 25, 26, 27, 0),
	gsSP2Triangles(27, 26, 28, 0, 27, 28, 29, 0),
	gsSP2Triangles(29, 28, 30, 0, 29, 30, 31, 0),
	gsSPVertex(Intro_Cube_mesh_vtx_9 + 352, 32, 0),
	gsSP2Triangles(0, 1, 2, 0, 3, 4, 5, 0),
	gsSP2Triangles(5, 4, 6, 0, 7, 8, 9, 0),
	gsSP2Triangles(8, 6, 9, 0, 10, 6, 8, 0),
	gsSP2Triangles(11, 12, 13, 0, 11, 14, 12, 0),
	gsSP2Triangles(11, 15, 14, 0, 16, 15, 11, 0),
	gsSP2Triangles(16, 17, 15, 0, 16, 18, 17, 0),
	gsSP2Triangles(19, 18, 16, 0, 19, 20, 18, 0),
	gsSP2Triangles(19, 21, 20, 0, 22, 21, 19, 0),
	gsSP2Triangles(22, 23, 21, 0, 24, 23, 22, 0),
	gsSP2Triangles(24, 25, 23, 0, 26, 27, 28, 0),
	gsSP2Triangles(29, 27, 26, 0, 29, 26, 30, 0),
	gsSP1Triangle(30, 26, 31, 0),
	gsSPVertex(Intro_Cube_mesh_vtx_9 + 384, 32, 0),
	gsSP2Triangles(0, 1, 2, 0, 3, 4, 5, 0),
	gsSP2Triangles(6, 4, 3, 0, 7, 6, 3, 0),
	gsSP2Triangles(7, 8, 6, 0, 9, 8, 7, 0),
	gsSP2Triangles(9, 10, 8, 0, 11, 10, 9, 0),
	gsSP2Triangles(11, 12, 10, 0, 11, 13, 12, 0),
	gsSP2Triangles(14, 4, 6, 0, 14, 15, 4, 0),
	gsSP2Triangles(14, 16, 15, 0, 17, 16, 14, 0),
	gsSP2Triangles(18, 16, 17, 0, 19, 20, 21, 0),
	gsSP2Triangles(22, 20, 19, 0, 22, 23, 20, 0),
	gsSP2Triangles(22, 24, 23, 0, 22, 25, 24, 0),
	gsSP2Triangles(26, 25, 22, 0, 26, 27, 25, 0),
	gsSP2Triangles(28, 27, 26, 0, 28, 29, 27, 0),
	gsSP2Triangles(30, 29, 28, 0, 30, 31, 29, 0),
	gsSPVertex(Intro_Cube_mesh_vtx_9 + 416, 32, 0),
	gsSP2Triangles(0, 1, 2, 0, 3, 1, 0, 0),
	gsSP2Triangles(3, 0, 4, 0, 3, 4, 5, 0),
	gsSP2Triangles(6, 1, 3, 0, 6, 7, 1, 0),
	gsSP2Triangles(8, 9, 10, 0, 11, 9, 8, 0),
	gsSP2Triangles(12, 9, 11, 0, 13, 14, 15, 0),
	gsSP2Triangles(16, 14, 13, 0, 16, 17, 14, 0),
	gsSP2Triangles(16, 18, 17, 0, 16, 19, 18, 0),
	gsSP2Triangles(20, 19, 16, 0, 20, 21, 19, 0),
	gsSP2Triangles(22, 21, 20, 0, 22, 23, 21, 0),
	gsSP2Triangles(24, 23, 22, 0, 24, 25, 23, 0),
	gsSP2Triangles(26, 25, 24, 0, 27, 25, 26, 0),
	gsSP2Triangles(27, 26, 28, 0, 27, 28, 29, 0),
	gsSP2Triangles(30, 25, 27, 0, 30, 31, 25, 0),
	gsSPVertex(Intro_Cube_mesh_vtx_9 + 448, 32, 0),
	gsSP2Triangles(0, 1, 2, 0, 3, 1, 0, 0),
	gsSP2Triangles(4, 1, 3, 0, 5, 6, 7, 0),
	gsSP2Triangles(5, 8, 6, 0, 9, 8, 5, 0),
	gsSP2Triangles(10, 9, 5, 0, 10, 11, 9, 0),
	gsSP2Triangles(10, 12, 11, 0, 10, 13, 12, 0),
	gsSP2Triangles(14, 13, 10, 0, 14, 15, 13, 0),
	gsSP2Triangles(14, 16, 15, 0, 17, 16, 14, 0),
	gsSP2Triangles(15, 16, 18, 0, 15, 18, 19, 0),
	gsSP2Triangles(19, 18, 20, 0, 9, 21, 8, 0),
	gsSP2Triangles(21, 22, 8, 0, 23, 22, 21, 0),
	gsSP2Triangles(11, 22, 23, 0, 11, 12, 22, 0),
	gsSP2Triangles(24, 25, 26, 0, 24, 27, 25, 0),
	gsSP2Triangles(28, 27, 24, 0, 28, 29, 27, 0),
	gsSP2Triangles(28, 30, 29, 0, 31, 30, 28, 0),
	gsSPVertex(Intro_Cube_mesh_vtx_9 + 480, 32, 0),
	gsSP2Triangles(0, 1, 2, 0, 3, 1, 0, 0),
	gsSP2Triangles(3, 4, 1, 0, 3, 5, 4, 0),
	gsSP2Triangles(3, 6, 5, 0, 7, 6, 3, 0),
	gsSP2Triangles(7, 8, 6, 0, 7, 9, 8, 0),
	gsSP2Triangles(8, 10, 6, 0, 11, 10, 8, 0),
	gsSP2Triangles(12, 13, 14, 0, 15, 13, 12, 0),
	gsSP2Triangles(15, 16, 13, 0, 15, 17, 16, 0),
	gsSP2Triangles(18, 17, 15, 0, 18, 19, 17, 0),
	gsSP2Triangles(20, 19, 18, 0, 20, 5, 19, 0),
	gsSP2Triangles(4, 5, 20, 0, 19, 21, 17, 0),
	gsSP2Triangles(22, 23, 24, 0, 22, 25, 23, 0),
	gsSP2Triangles(22, 26, 25, 0, 27, 26, 22, 0),
	gsSP2Triangles(27, 28, 26, 0, 27, 29, 28, 0),
	gsSP2Triangles(27, 30, 29, 0, 31, 30, 27, 0),
	gsSPVertex(Intro_Cube_mesh_vtx_9 + 512, 32, 0),
	gsSP2Triangles(0, 1, 2, 0, 0, 3, 1, 0),
	gsSP2Triangles(1, 3, 4, 0, 4, 3, 5, 0),
	gsSP2Triangles(5, 3, 6, 0, 7, 5, 6, 0),
	gsSP2Triangles(7, 6, 8, 0, 7, 8, 9, 0),
	gsSP2Triangles(9, 8, 10, 0, 9, 10, 11, 0),
	gsSP2Triangles(12, 5, 7, 0, 12, 13, 5, 0),
	gsSP2Triangles(14, 13, 12, 0, 15, 16, 17, 0),
	gsSP2Triangles(15, 18, 16, 0, 19, 18, 15, 0),
	gsSP2Triangles(20, 18, 19, 0, 21, 22, 23, 0),
	gsSP2Triangles(21, 24, 22, 0, 25, 24, 21, 0),
	gsSP2Triangles(26, 25, 21, 0, 26, 27, 25, 0),
	gsSP2Triangles(26, 28, 27, 0, 29, 28, 26, 0),
	gsSP2Triangles(29, 30, 28, 0, 29, 31, 30, 0),
	gsSPVertex(Intro_Cube_mesh_vtx_9 + 544, 32, 0),
	gsSP2Triangles(0, 1, 2, 0, 3, 2, 4, 0),
	gsSP2Triangles(4, 2, 5, 0, 5, 2, 6, 0),
	gsSP2Triangles(5, 6, 7, 0, 7, 6, 8, 0),
	gsSP2Triangles(9, 10, 11, 0, 9, 12, 10, 0),
	gsSP2Triangles(13, 12, 9, 0, 14, 13, 9, 0),
	gsSP2Triangles(14, 15, 13, 0, 14, 16, 15, 0),
	gsSP2Triangles(14, 17, 16, 0, 18, 17, 14, 0),
	gsSP2Triangles(18, 19, 17, 0, 18, 20, 19, 0),
	gsSP2Triangles(21, 20, 18, 0, 19, 20, 22, 0),
	gsSP2Triangles(19, 22, 23, 0, 23, 22, 24, 0),
	gsSP2Triangles(13, 25, 12, 0, 25, 26, 12, 0),
	gsSP2Triangles(27, 26, 25, 0, 15, 26, 27, 0),
	gsSP2Triangles(15, 16, 26, 0, 28, 29, 30, 0),
	gsSP1Triangle(28, 31, 29, 0),
	gsSPVertex(Intro_Cube_mesh_vtx_9 + 576, 32, 0),
	gsSP2Triangles(0, 1, 2, 0, 3, 1, 0, 0),
	gsSP2Triangles(3, 4, 1, 0, 3, 5, 4, 0),
	gsSP2Triangles(3, 6, 5, 0, 7, 6, 3, 0),
	gsSP2Triangles(7, 8, 6, 0, 7, 9, 8, 0),
	gsSP2Triangles(8, 9, 10, 0, 10, 9, 11, 0),
	gsSP2Triangles(11, 9, 12, 0, 13, 11, 12, 0),
	gsSP2Triangles(13, 12, 14, 0, 13, 14, 15, 0),
	gsSP2Triangles(15, 14, 16, 0, 15, 16, 17, 0),
	gsSP2Triangles(18, 11, 13, 0, 18, 19, 11, 0),
	gsSP2Triangles(20, 19, 18, 0, 2, 21, 22, 0),
	gsSP2Triangles(2, 23, 21, 0, 24, 23, 2, 0),
	gsSP2Triangles(25, 23, 24, 0, 26, 27, 28, 0),
	gsSP2Triangles(26, 29, 27, 0, 26, 30, 29, 0),
	gsSP1Triangle(26, 31, 30, 0),
	gsSPVertex(Intro_Cube_mesh_vtx_9 + 608, 32, 0),
	gsSP2Triangles(0, 1, 2, 0, 3, 1, 0, 0),
	gsSP2Triangles(3, 4, 1, 0, 3, 5, 4, 0),
	gsSP2Triangles(6, 5, 3, 0, 7, 5, 6, 0),
	gsSP2Triangles(8, 5, 7, 0, 8, 9, 5, 0),
	gsSP2Triangles(10, 9, 8, 0, 10, 11, 9, 0),
	gsSP2Triangles(12, 11, 10, 0, 13, 12, 10, 0),
	gsSP2Triangles(14, 13, 10, 0, 13, 15, 12, 0),
	gsSP2Triangles(13, 16, 15, 0, 13, 17, 16, 0),
	gsSP2Triangles(18, 17, 13, 0, 18, 19, 17, 0),
	gsSP2Triangles(20, 19, 18, 0, 20, 21, 19, 0),
	gsSP2Triangles(16, 22, 15, 0, 4, 5, 23, 0),
	gsSP2Triangles(11, 24, 9, 0, 25, 26, 27, 0),
	gsSP2Triangles(28, 26, 25, 0, 28, 29, 26, 0),
	gsSP2Triangles(28, 30, 29, 0, 28, 31, 30, 0),
	gsSPVertex(Intro_Cube_mesh_vtx_9 + 640, 32, 0),
	gsSP2Triangles(0, 1, 2, 0, 0, 3, 1, 0),
	gsSP2Triangles(4, 3, 0, 0, 4, 5, 3, 0),
	gsSP2Triangles(6, 5, 4, 0, 6, 7, 5, 0),
	gsSP2Triangles(8, 7, 6, 0, 9, 7, 8, 0),
	gsSP2Triangles(9, 8, 10, 0, 9, 10, 11, 0),
	gsSP2Triangles(12, 7, 9, 0, 12, 13, 7, 0),
	gsSP2Triangles(14, 15, 16, 0, 17, 15, 14, 0),
	gsSP2Triangles(18, 15, 17, 0, 19, 20, 21, 0),
	gsSP2Triangles(22, 20, 19, 0, 23, 20, 22, 0),
	gsSP2Triangles(23, 24, 20, 0, 23, 25, 24, 0),
	gsSP2Triangles(23, 26, 25, 0, 27, 26, 23, 0),
	gsSP2Triangles(27, 23, 28, 0, 29, 26, 27, 0),
	gsSP2Triangles(29, 30, 26, 0, 31, 30, 29, 0),
	gsSPVertex(Intro_Cube_mesh_vtx_9 + 672, 32, 0),
	gsSP2Triangles(0, 1, 2, 0, 3, 1, 0, 0),
	gsSP2Triangles(4, 3, 0, 0, 5, 4, 0, 0),
	gsSP2Triangles(5, 6, 4, 0, 7, 6, 5, 0),
	gsSP2Triangles(7, 8, 6, 0, 7, 9, 8, 0),
	gsSP2Triangles(7, 10, 9, 0, 11, 10, 7, 0),
	gsSP2Triangles(11, 12, 10, 0, 11, 13, 12, 0),
	gsSP2Triangles(10, 12, 14, 0, 14, 12, 15, 0),
	gsSP2Triangles(14, 15, 16, 0, 17, 18, 19, 0),
	gsSP2Triangles(20, 21, 22, 0, 23, 21, 20, 0),
	gsSP2Triangles(23, 20, 24, 0, 24, 20, 25, 0),
	gsSP2Triangles(25, 20, 26, 0, 23, 27, 21, 0),
	gsSP2Triangles(28, 27, 23, 0, 29, 28, 23, 0),
	gsSP2Triangles(29, 30, 28, 0, 31, 30, 29, 0),
	gsSPVertex(Intro_Cube_mesh_vtx_9 + 704, 32, 0),
	gsSP2Triangles(0, 1, 2, 0, 3, 1, 0, 0),
	gsSP2Triangles(3, 4, 1, 0, 3, 5, 4, 0),
	gsSP2Triangles(6, 7, 8, 0, 6, 9, 7, 0),
	gsSP2Triangles(6, 10, 9, 0, 11, 10, 6, 0),
	gsSP2Triangles(12, 10, 11, 0, 13, 14, 15, 0),
	gsSP2Triangles(13, 16, 14, 0, 13, 17, 16, 0),
	gsSP2Triangles(13, 18, 17, 0, 19, 18, 13, 0),
	gsSP2Triangles(20, 18, 19, 0, 21, 18, 20, 0),
	gsSP2Triangles(22, 21, 20, 0, 23, 22, 20, 0),
	gsSP2Triangles(23, 24, 22, 0, 25, 24, 23, 0),
	gsSP2Triangles(25, 26, 24, 0, 18, 27, 17, 0),
	gsSP2Triangles(28, 27, 18, 0, 28, 29, 27, 0),
	gsSP2Triangles(28, 30, 29, 0, 28, 31, 30, 0),
	gsSPVertex(Intro_Cube_mesh_vtx_9 + 736, 32, 0),
	gsSP2Triangles(0, 1, 2, 0, 2, 1, 3, 0),
	gsSP2Triangles(3, 1, 4, 0, 3, 4, 5, 0),
	gsSP2Triangles(5, 4, 6, 0, 7, 8, 9, 0),
	gsSP2Triangles(10, 8, 7, 0, 11, 8, 10, 0),
	gsSP2Triangles(11, 12, 8, 0, 11, 13, 12, 0),
	gsSP2Triangles(11, 14, 13, 0, 15, 14, 11, 0),
	gsSP2Triangles(15, 11, 16, 0, 17, 14, 15, 0),
	gsSP2Triangles(17, 18, 14, 0, 19, 18, 17, 0),
	gsSP2Triangles(19, 20, 18, 0, 21, 20, 19, 0),
	gsSP2Triangles(22, 21, 19, 0, 23, 22, 19, 0),
	gsSP2Triangles(23, 24, 22, 0, 25, 24, 23, 0),
	gsSP2Triangles(25, 26, 24, 0, 25, 27, 26, 0),
	gsSP2Triangles(25, 28, 27, 0, 29, 28, 25, 0),
	gsSP2Triangles(29, 30, 28, 0, 29, 31, 30, 0),
	gsSPVertex(Intro_Cube_mesh_vtx_9 + 768, 32, 0),
	gsSP2Triangles(0, 1, 2, 0, 2, 1, 3, 0),
	gsSP2Triangles(2, 3, 4, 0, 5, 6, 7, 0),
	gsSP2Triangles(8, 9, 10, 0, 11, 9, 8, 0),
	gsSP2Triangles(12, 9, 11, 0, 12, 13, 9, 0),
	gsSP2Triangles(12, 14, 13, 0, 15, 14, 12, 0),
	gsSP2Triangles(15, 16, 14, 0, 15, 17, 16, 0),
	gsSP2Triangles(18, 17, 15, 0, 18, 19, 17, 0),
	gsSP2Triangles(20, 19, 18, 0, 20, 21, 19, 0),
	gsSP2Triangles(22, 21, 20, 0, 22, 23, 21, 0),
	gsSP2Triangles(22, 24, 23, 0, 14, 25, 13, 0),
	gsSP2Triangles(26, 25, 14, 0, 26, 27, 25, 0),
	gsSP2Triangles(28, 27, 26, 0, 29, 27, 28, 0),
	gsSP2Triangles(29, 30, 27, 0, 29, 31, 30, 0),
	gsSPVertex(Intro_Cube_mesh_vtx_9 + 800, 31, 0),
	gsSP2Triangles(0, 1, 2, 0, 0, 3, 1, 0),
	gsSP2Triangles(0, 4, 3, 0, 5, 4, 0, 0),
	gsSP2Triangles(6, 7, 8, 0, 9, 10, 11, 0),
	gsSP2Triangles(9, 12, 10, 0, 13, 12, 9, 0),
	gsSP2Triangles(13, 14, 12, 0, 15, 14, 13, 0),
	gsSP2Triangles(15, 16, 14, 0, 17, 18, 19, 0),
	gsSP2Triangles(17, 20, 18, 0, 21, 20, 17, 0),
	gsSP2Triangles(21, 22, 20, 0, 23, 22, 21, 0),
	gsSP2Triangles(23, 24, 22, 0, 25, 24, 23, 0),
	gsSP2Triangles(25, 26, 24, 0, 27, 26, 25, 0),
	gsSP2Triangles(27, 28, 26, 0, 29, 28, 27, 0),
	gsSP1Triangle(29, 30, 28, 0),
	gsSPVertex(Intro_Cube_mesh_vtx_9 + 831, 32, 0),
	gsSP2Triangles(0, 1, 2, 0, 0, 3, 1, 0),
	gsSP2Triangles(4, 3, 0, 0, 4, 5, 3, 0),
	gsSP2Triangles(6, 5, 4, 0, 6, 7, 5, 0),
	gsSP2Triangles(6, 8, 7, 0, 6, 9, 8, 0),
	gsSP2Triangles(6, 10, 9, 0, 6, 11, 10, 0),
	gsSP2Triangles(12, 11, 6, 0, 12, 13, 11, 0),
	gsSP2Triangles(12, 14, 13, 0, 15, 14, 12, 0),
	gsSP2Triangles(15, 16, 14, 0, 10, 17, 9, 0),
	gsSP2Triangles(9, 17, 18, 0, 17, 19, 18, 0),
	gsSP2Triangles(20, 19, 17, 0, 21, 19, 20, 0),
	gsSP2Triangles(22, 19, 21, 0, 23, 19, 22, 0),
	gsSP2Triangles(23, 24, 19, 0, 23, 25, 24, 0),
	gsSP2Triangles(26, 25, 23, 0, 26, 27, 25, 0),
	gsSP2Triangles(9, 18, 28, 0, 28, 18, 29, 0),
	gsSP2Triangles(29, 18, 30, 0, 29, 30, 31, 0),
	gsSPVertex(Intro_Cube_mesh_vtx_9 + 863, 32, 0),
	gsSP2Triangles(0, 1, 2, 0, 0, 2, 3, 0),
	gsSP2Triangles(3, 2, 4, 0, 3, 4, 5, 0),
	gsSP2Triangles(3, 5, 6, 0, 6, 5, 7, 0),
	gsSP2Triangles(6, 7, 8, 0, 9, 10, 11, 0),
	gsSP2Triangles(9, 12, 10, 0, 13, 12, 9, 0),
	gsSP2Triangles(14, 13, 9, 0, 14, 15, 13, 0),
	gsSP2Triangles(14, 16, 15, 0, 14, 17, 16, 0),
	gsSP2Triangles(18, 17, 14, 0, 18, 19, 17, 0),
	gsSP2Triangles(20, 19, 18, 0, 20, 21, 19, 0),
	gsSP2Triangles(20, 22, 21, 0, 23, 22, 20, 0),
	gsSP2Triangles(23, 24, 22, 0, 25, 24, 23, 0),
	gsSP2Triangles(25, 26, 24, 0, 25, 27, 26, 0),
	gsSP2Triangles(28, 27, 25, 0, 28, 29, 27, 0),
	gsSP2Triangles(28, 30, 29, 0, 28, 31, 30, 0),
	gsSPVertex(Intro_Cube_mesh_vtx_9 + 895, 32, 0),
	gsSP2Triangles(0, 1, 2, 0, 1, 3, 2, 0),
	gsSP2Triangles(4, 3, 1, 0, 4, 5, 3, 0),
	gsSP2Triangles(6, 5, 4, 0, 6, 7, 5, 0),
	gsSP2Triangles(8, 7, 6, 0, 0, 2, 9, 0),
	gsSP2Triangles(9, 2, 10, 0, 9, 10, 11, 0),
	gsSP2Triangles(11, 10, 12, 0, 11, 12, 13, 0),
	gsSP2Triangles(13, 12, 14, 0, 13, 14, 15, 0),
	gsSP2Triangles(15, 14, 16, 0, 9, 11, 17, 0),
	gsSP2Triangles(17, 11, 18, 0, 19, 20, 21, 0),
	gsSP2Triangles(20, 18, 21, 0, 22, 18, 20, 0),
	gsSP2Triangles(23, 24, 25, 0, 23, 26, 24, 0),
	gsSP2Triangles(23, 27, 26, 0, 28, 27, 23, 0),
	gsSP2Triangles(28, 29, 27, 0, 28, 30, 29, 0),
	gsSP1Triangle(31, 30, 28, 0),
	gsSPVertex(Intro_Cube_mesh_vtx_9 + 927, 32, 0),
	gsSP2Triangles(0, 1, 2, 0, 0, 3, 1, 0),
	gsSP2Triangles(4, 3, 0, 0, 4, 5, 3, 0),
	gsSP2Triangles(6, 5, 4, 0, 6, 7, 5, 0),
	gsSP2Triangles(8, 9, 10, 0, 8, 11, 9, 0),
	gsSP2Triangles(12, 11, 8, 0, 13, 12, 8, 0),
	gsSP2Triangles(13, 14, 12, 0, 13, 15, 14, 0),
	gsSP2Triangles(13, 16, 15, 0, 17, 16, 13, 0),
	gsSP2Triangles(17, 18, 16, 0, 17, 19, 18, 0),
	gsSP2Triangles(20, 19, 17, 0, 18, 19, 21, 0),
	gsSP2Triangles(18, 21, 22, 0, 22, 21, 23, 0),
	gsSP2Triangles(12, 24, 11, 0, 24, 25, 11, 0),
	gsSP2Triangles(26, 25, 24, 0, 14, 25, 26, 0),
	gsSP2Triangles(14, 15, 25, 0, 27, 28, 29, 0),
	gsSP2Triangles(30, 28, 27, 0, 31, 28, 30, 0),
	gsSPVertex(Intro_Cube_mesh_vtx_9 + 959, 32, 0),
	gsSP2Triangles(0, 1, 2, 0, 3, 1, 0, 0),
	gsSP2Triangles(4, 1, 3, 0, 4, 5, 1, 0),
	gsSP2Triangles(6, 5, 4, 0, 6, 7, 5, 0),
	gsSP2Triangles(6, 8, 7, 0, 9, 8, 6, 0),
	gsSP2Triangles(9, 10, 8, 0, 11, 10, 9, 0),
	gsSP2Triangles(12, 10, 11, 0, 12, 13, 10, 0),
	gsSP2Triangles(7, 14, 5, 0, 7, 15, 14, 0),
	gsSP2Triangles(16, 15, 7, 0, 16, 17, 15, 0),
	gsSP2Triangles(18, 17, 16, 0, 19, 17, 18, 0),
	gsSP2Triangles(19, 20, 17, 0, 21, 20, 19, 0),
	gsSP2Triangles(21, 22, 20, 0, 21, 23, 22, 0),
	gsSP2Triangles(5, 14, 24, 0, 5, 24, 25, 0),
	gsSP2Triangles(26, 27, 28, 0, 26, 29, 27, 0),
	gsSP2Triangles(26, 30, 29, 0, 31, 30, 26, 0),
	gsSPVertex(Intro_Cube_mesh_vtx_9 + 991, 23, 0),
	gsSP2Triangles(0, 1, 2, 0, 0, 2, 3, 0),
	gsSP2Triangles(0, 4, 1, 0, 5, 4, 0, 0),
	gsSP2Triangles(5, 6, 4, 0, 7, 6, 5, 0),
	gsSP2Triangles(7, 8, 6, 0, 7, 9, 8, 0),
	gsSP2Triangles(10, 9, 7, 0, 9, 11, 8, 0),
	gsSP2Triangles(12, 11, 9, 0, 12, 13, 11, 0),
	gsSP2Triangles(14, 13, 12, 0, 14, 15, 13, 0),
	gsSP2Triangles(14, 16, 15, 0, 17, 16, 14, 0),
	gsSP2Triangles(18, 16, 17, 0, 19, 16, 18, 0),
	gsSP2Triangles(19, 20, 16, 0, 8, 21, 6, 0),
	gsSP1Triangle(21, 22, 6, 0),
	gsSPEndDisplayList(),
};

Gfx mat_Intro_f3d_material[] = {
	gsSPClearGeometryMode(G_LIGHTING),
	gsDPPipeSync(),
	gsDPSetCombineLERP(TEXEL0, 0, SHADE, 0, 0, 0, 0, ENVIRONMENT, TEXEL0, 0, SHADE, 0, 0, 0, 0, ENVIRONMENT),
	gsDPSetAlphaDither(G_AD_NOISE),
	gsSPTexture(65535, 65535, 0, 0, 1),
	gsDPSetTextureImage(G_IM_FMT_I, G_IM_SIZ_8b_LOAD_BLOCK, 1, Intro_clown_car_bg_i8),
	gsDPSetTile(G_IM_FMT_I, G_IM_SIZ_8b_LOAD_BLOCK, 0, 0, 7, 0, G_TX_WRAP | G_TX_NOMIRROR, 0, 0, G_TX_WRAP | G_TX_NOMIRROR, 0, 0),
	gsDPLoadBlock(7, 0, 0, 2047, 256),
	gsDPSetTile(G_IM_FMT_I, G_IM_SIZ_8b, 8, 0, 0, 0, G_TX_WRAP | G_TX_NOMIRROR, 6, 0, G_TX_WRAP | G_TX_NOMIRROR, 6, 0),
	gsDPSetTileSize(0, 0, 0, 252, 252),
	gsSPEndDisplayList(),
};

Gfx mat_revert_Intro_f3d_material[] = {
	gsSPSetGeometryMode(G_LIGHTING),
	gsDPPipeSync(),
	gsDPSetAlphaDither(G_AD_DISABLE),
	gsSPEndDisplayList(),
};

Gfx mat_Intro_f3d_material_001[] = {
    gsSPLightColor(LIGHT_1, 0xffffffff),
    gsSPLightColor(LIGHT_2, 0x7f7f7fff),
	gsDPPipeSync(),
	gsDPSetCombineLERP(TEXEL0, 0, SHADE, 0, 0, 0, 0, ENVIRONMENT, TEXEL0, 0, SHADE, 0, 0, 0, 0, ENVIRONMENT),
	gsDPSetAlphaDither(G_AD_NOISE),
	gsSPTexture(65535, 65535, 0, 0, 1),
	gsSPEndDisplayList(),
};

Gfx mat_revert_Intro_f3d_material_001[] = {
	gsDPPipeSync(),
	gsDPSetAlphaDither(G_AD_DISABLE),
	gsSPEndDisplayList(),
};

Gfx mat_Intro_f3d_material_002[] = {
    gsSPLightColor(LIGHT_1, 0xffffffff),
    gsSPLightColor(LIGHT_2, 0x7f7f7fff),
	gsDPPipeSync(),
	gsDPSetCombineLERP(TEXEL0, 0, SHADE, 0, 0, 0, 0, ENVIRONMENT, TEXEL0, 0, SHADE, 0, 0, 0, 0, ENVIRONMENT),
	gsDPSetAlphaDither(G_AD_NOISE),
	gsSPTexture(65535, 65535, 0, 0, 1),
	gsDPSetTextureImage(G_IM_FMT_I, G_IM_SIZ_8b_LOAD_BLOCK, 1, Intro_graydient_i8),
	gsDPSetTile(G_IM_FMT_I, G_IM_SIZ_8b_LOAD_BLOCK, 0, 0, 7, 0, G_TX_WRAP | G_TX_NOMIRROR, 0, 0, G_TX_WRAP | G_TX_NOMIRROR, 0, 0),
	gsDPLoadBlock(7, 0, 0, 2047, 256),
	gsDPSetTile(G_IM_FMT_I, G_IM_SIZ_8b, 8, 0, 0, 0, G_TX_WRAP | G_TX_NOMIRROR, 6, 0, G_TX_WRAP | G_TX_NOMIRROR, 6, 0),
	gsDPSetTileSize(0, 0, 0, 252, 252),
	gsSPEndDisplayList(),
};

Gfx mat_revert_Intro_f3d_material_002[] = {
	gsDPPipeSync(),
	gsDPSetAlphaDither(G_AD_DISABLE),
	gsSPEndDisplayList(),
};

Gfx mat_Intro_f3d_material_003[] = {
    gsSPLightColor(LIGHT_1, 0xffffffff),
    gsSPLightColor(LIGHT_2, 0x7f7f7fff),
	gsDPPipeSync(),
	gsDPSetCombineLERP(TEXEL0, 0, SHADE, 0, 0, 0, 0, ENVIRONMENT, TEXEL0, 0, SHADE, 0, 0, 0, 0, ENVIRONMENT),
	gsDPSetAlphaDither(G_AD_NOISE),
	gsDPSetTextureLUT(G_TT_RGBA16),
	gsSPTexture(65535, 65535, 0, 0, 1),
	gsDPSetTextureImage(G_IM_FMT_RGBA, G_IM_SIZ_16b, 1, Intro_galaxy_blue_pal_rgba16),
	gsDPSetTile(0, 0, 0, 256, 5, 0, G_TX_WRAP | G_TX_NOMIRROR, 0, 0, G_TX_WRAP | G_TX_NOMIRROR, 0, 0),
	gsDPLoadTLUTCmd(5, 26),
	gsDPSetTextureImage(G_IM_FMT_CI, G_IM_SIZ_8b_LOAD_BLOCK, 1, Intro_galaxy_blue_ci8),
	gsDPSetTile(G_IM_FMT_CI, G_IM_SIZ_8b_LOAD_BLOCK, 0, 0, 7, 0, G_TX_WRAP | G_TX_NOMIRROR, 0, 0, G_TX_WRAP | G_TX_NOMIRROR, 0, 0),
	gsDPLoadBlock(7, 0, 0, 511, 512),
	gsDPSetTile(G_IM_FMT_CI, G_IM_SIZ_8b, 4, 0, 0, 0, G_TX_WRAP | G_TX_NOMIRROR, 5, 0, G_TX_WRAP | G_TX_NOMIRROR, 5, 0),
	gsDPSetTileSize(0, 0, 0, 124, 124),
	gsSPEndDisplayList(),
};

Gfx mat_revert_Intro_f3d_material_003[] = {
	gsDPPipeSync(),
	gsDPSetAlphaDither(G_AD_DISABLE),
	gsDPSetTextureLUT(G_TT_NONE),
	gsSPEndDisplayList(),
};

Gfx mat_Intro_f3d_material_004[] = {
    gsSPLightColor(LIGHT_1, 0xffffffff),
    gsSPLightColor(LIGHT_2, 0x7f7f7fff),
	gsDPPipeSync(),
	gsDPSetCombineLERP(TEXEL0, 0, SHADE, 0, 0, 0, 0, ENVIRONMENT, TEXEL0, 0, SHADE, 0, 0, 0, 0, ENVIRONMENT),
	gsDPSetAlphaDither(G_AD_NOISE),
	gsDPSetTextureLUT(G_TT_RGBA16),
	gsSPTexture(65535, 65535, 0, 0, 1),
	gsDPSetTextureImage(G_IM_FMT_RGBA, G_IM_SIZ_16b, 1, Intro_galaxy_green_pal_rgba16),
	gsDPSetTile(0, 0, 0, 256, 5, 0, G_TX_WRAP | G_TX_NOMIRROR, 0, 0, G_TX_WRAP | G_TX_NOMIRROR, 0, 0),
	gsDPLoadTLUTCmd(5, 17),
	gsDPSetTextureImage(G_IM_FMT_CI, G_IM_SIZ_8b_LOAD_BLOCK, 1, Intro_galaxy_green_ci8),
	gsDPSetTile(G_IM_FMT_CI, G_IM_SIZ_8b_LOAD_BLOCK, 0, 0, 7, 0, G_TX_WRAP | G_TX_NOMIRROR, 0, 0, G_TX_WRAP | G_TX_NOMIRROR, 0, 0),
	gsDPLoadBlock(7, 0, 0, 511, 512),
	gsDPSetTile(G_IM_FMT_CI, G_IM_SIZ_8b, 4, 0, 0, 0, G_TX_WRAP | G_TX_NOMIRROR, 5, 0, G_TX_WRAP | G_TX_NOMIRROR, 5, 0),
	gsDPSetTileSize(0, 0, 0, 124, 124),
	gsSPEndDisplayList(),
};

Gfx mat_revert_Intro_f3d_material_004[] = {
	gsDPPipeSync(),
	gsDPSetAlphaDither(G_AD_DISABLE),
	gsDPSetTextureLUT(G_TT_NONE),
	gsSPEndDisplayList(),
};

Gfx mat_Intro_f3d_material_005[] = {
    gsSPLightColor(LIGHT_1, 0xffffffff),
    gsSPLightColor(LIGHT_2, 0x7f7f7fff),
	gsDPPipeSync(),
	gsDPSetCombineLERP(TEXEL0, 0, SHADE, 0, 0, 0, 0, ENVIRONMENT, TEXEL0, 0, SHADE, 0, 0, 0, 0, ENVIRONMENT),
	gsDPSetAlphaDither(G_AD_NOISE),
	gsDPSetTextureLUT(G_TT_RGBA16),
	gsSPTexture(65535, 65535, 0, 0, 1),
	gsDPSetTextureImage(G_IM_FMT_RGBA, G_IM_SIZ_16b, 1, Intro_galaxy_yellow_pal_rgba16),
	gsDPSetTile(0, 0, 0, 256, 5, 0, G_TX_WRAP | G_TX_NOMIRROR, 0, 0, G_TX_WRAP | G_TX_NOMIRROR, 0, 0),
	gsDPLoadTLUTCmd(5, 13),
	gsDPSetTextureImage(G_IM_FMT_CI, G_IM_SIZ_16b, 1, Intro_galaxy_yellow_ci4),
	gsDPSetTile(G_IM_FMT_CI, G_IM_SIZ_16b, 0, 0, 7, 0, G_TX_WRAP | G_TX_NOMIRROR, 0, 0, G_TX_WRAP | G_TX_NOMIRROR, 0, 0),
	gsDPLoadBlock(7, 0, 0, 255, 1024),
	gsDPSetTile(G_IM_FMT_CI, G_IM_SIZ_4b, 2, 0, 0, 0, G_TX_WRAP | G_TX_NOMIRROR, 5, 0, G_TX_WRAP | G_TX_NOMIRROR, 5, 0),
	gsDPSetTileSize(0, 0, 0, 124, 124),
	gsSPEndDisplayList(),
};

Gfx mat_revert_Intro_f3d_material_005[] = {
	gsDPPipeSync(),
	gsDPSetAlphaDither(G_AD_DISABLE),
	gsDPSetTextureLUT(G_TT_NONE),
	gsSPEndDisplayList(),
};

Gfx mat_Intro_f3d_material_006[] = {
    gsSPLightColor(LIGHT_1, 0xffffffff),
    gsSPLightColor(LIGHT_2, 0x7f7f7fff),
	gsDPPipeSync(),
	gsDPSetCombineLERP(TEXEL0, 0, SHADE, 0, 0, 0, 0, ENVIRONMENT, TEXEL0, 0, SHADE, 0, 0, 0, 0, ENVIRONMENT),
	gsDPSetAlphaDither(G_AD_NOISE),
	gsDPSetTextureLUT(G_TT_RGBA16),
	gsSPTexture(65535, 65535, 0, 0, 1),
	gsDPSetTextureImage(G_IM_FMT_RGBA, G_IM_SIZ_16b, 1, Intro_galaxy_red_pal_rgba16),
	gsDPSetTile(0, 0, 0, 256, 5, 0, G_TX_WRAP | G_TX_NOMIRROR, 0, 0, G_TX_WRAP | G_TX_NOMIRROR, 0, 0),
	gsDPLoadTLUTCmd(5, 23),
	gsDPSetTextureImage(G_IM_FMT_CI, G_IM_SIZ_8b_LOAD_BLOCK, 1, Intro_galaxy_red_ci8),
	gsDPSetTile(G_IM_FMT_CI, G_IM_SIZ_8b_LOAD_BLOCK, 0, 0, 7, 0, G_TX_WRAP | G_TX_NOMIRROR, 0, 0, G_TX_WRAP | G_TX_NOMIRROR, 0, 0),
	gsDPLoadBlock(7, 0, 0, 511, 512),
	gsDPSetTile(G_IM_FMT_CI, G_IM_SIZ_8b, 4, 0, 0, 0, G_TX_WRAP | G_TX_NOMIRROR, 5, 0, G_TX_WRAP | G_TX_NOMIRROR, 5, 0),
	gsDPSetTileSize(0, 0, 0, 124, 124),
	gsSPEndDisplayList(),
};

Gfx mat_revert_Intro_f3d_material_006[] = {
	gsDPPipeSync(),
	gsDPSetAlphaDither(G_AD_DISABLE),
	gsDPSetTextureLUT(G_TT_NONE),
	gsSPEndDisplayList(),
};

Gfx mat_Intro_f3d_material_008_layer1[] = {
	gsSPClearGeometryMode(G_LIGHTING),
	gsDPPipeSync(),
	gsDPSetCombineLERP(TEXEL0, 0, TEXEL1, 0, 0, 0, 0, ENVIRONMENT, COMBINED, 0, SHADE, 0, 0, 0, 0, ENVIRONMENT),
	gsDPSetAlphaDither(G_AD_NOISE),
	gsDPSetCycleType(G_CYC_2CYCLE),
	gsDPSetRenderMode(G_RM_PASS, G_RM_AA_ZB_OPA_SURF2),
	gsSPTexture(65535, 65535, 0, 0, 1),
	gsDPSetTextureImage(G_IM_FMT_I, G_IM_SIZ_8b_LOAD_BLOCK, 1, Intro_skybox2_i8_i8),
	gsDPSetTile(G_IM_FMT_I, G_IM_SIZ_8b_LOAD_BLOCK, 0, 0, 7, 0, G_TX_WRAP | G_TX_NOMIRROR, 0, 0, G_TX_WRAP | G_TX_NOMIRROR, 0, 0),
	gsDPLoadBlock(7, 0, 0, 1023, 256),
	gsDPSetTile(G_IM_FMT_I, G_IM_SIZ_8b, 8, 0, 0, 0, G_TX_WRAP | G_TX_NOMIRROR, 5, 0, G_TX_WRAP | G_TX_NOMIRROR, 6, 0),
	gsDPSetTileSize(0, 0, 0, 252, 124),
	gsDPSetTextureImage(G_IM_FMT_I, G_IM_SIZ_16b, 1, Intro_stars_i4_i4),
	gsDPSetTile(G_IM_FMT_I, G_IM_SIZ_16b, 0, 256, 6, 0, G_TX_WRAP | G_TX_NOMIRROR, 0, 0, G_TX_WRAP | G_TX_NOMIRROR, 0, 0),
	gsDPLoadBlock(6, 0, 0, 1023, 512),
	gsDPSetTile(G_IM_FMT_I, G_IM_SIZ_4b, 4, 256, 1, 0, G_TX_WRAP | G_TX_NOMIRROR, 5, 13, G_TX_WRAP | G_TX_NOMIRROR, 5, 13),
	gsDPSetTileSize(1, 0, 0, 124, 124),
	gsSPEndDisplayList(),
};

Gfx mat_revert_Intro_f3d_material_008_layer1[] = {
	gsSPSetGeometryMode(G_LIGHTING),
	gsDPPipeSync(),
	gsDPSetAlphaDither(G_AD_DISABLE),
	gsDPSetCycleType(G_CYC_1CYCLE),
	gsDPSetRenderMode(G_RM_AA_ZB_OPA_SURF, G_RM_AA_ZB_OPA_SURF2),
	gsSPEndDisplayList(),
};

Gfx mat_Intro_f3d_material_012[] = {
	gsDPPipeSync(),
	gsDPSetCombineLERP(TEXEL0, 0, PRIMITIVE, PRIMITIVE, 0, 0, 0, ENVIRONMENT, TEXEL0, 0, PRIMITIVE, PRIMITIVE, 0, 0, 0, ENVIRONMENT),
	gsDPSetAlphaDither(G_AD_NOISE),
	gsSPTexture(65535, 65535, 0, 0, 1),
	gsDPSetPrimColor(0, 0, 175, 132, 190, 255),
	gsSPEndDisplayList(),
};

Gfx mat_revert_Intro_f3d_material_012[] = {
	gsDPPipeSync(),
	gsDPSetAlphaDither(G_AD_DISABLE),
	gsSPEndDisplayList(),
};

Gfx mat_Intro_f3d_material_013_layer1[] = {
	gsSPClearGeometryMode(G_LIGHTING),
	gsDPPipeSync(),
	gsDPSetCombineLERP(TEXEL0, 0, TEXEL1, 0, 0, 0, 0, ENVIRONMENT, COMBINED, 0, SHADE, 0, 0, 0, 0, ENVIRONMENT),
	gsDPSetAlphaDither(G_AD_NOISE),
	gsDPSetCycleType(G_CYC_2CYCLE),
	gsDPSetRenderMode(G_RM_PASS, G_RM_AA_ZB_OPA_SURF2),
	gsSPTexture(65535, 65535, 0, 0, 1),
	gsDPSetTextureImage(G_IM_FMT_I, G_IM_SIZ_8b_LOAD_BLOCK, 1, Intro_skybox2_i8_i8),
	gsDPSetTile(G_IM_FMT_I, G_IM_SIZ_8b_LOAD_BLOCK, 0, 0, 7, 0, G_TX_WRAP | G_TX_NOMIRROR, 0, 0, G_TX_WRAP | G_TX_NOMIRROR, 0, 0),
	gsDPLoadBlock(7, 0, 0, 1023, 256),
	gsDPSetTile(G_IM_FMT_I, G_IM_SIZ_8b, 8, 0, 0, 0, G_TX_WRAP | G_TX_NOMIRROR, 5, 0, G_TX_WRAP | G_TX_NOMIRROR, 6, 0),
	gsDPSetTileSize(0, 0, 0, 252, 124),
	gsDPSetTextureImage(G_IM_FMT_I, G_IM_SIZ_16b, 1, Intro_stars_i4_i4),
	gsDPSetTile(G_IM_FMT_I, G_IM_SIZ_16b, 0, 256, 6, 0, G_TX_WRAP | G_TX_NOMIRROR, 0, 0, G_TX_WRAP | G_TX_NOMIRROR, 0, 0),
	gsDPLoadBlock(6, 0, 0, 1023, 512),
	gsDPSetTile(G_IM_FMT_I, G_IM_SIZ_4b, 4, 256, 1, 0, G_TX_WRAP | G_TX_NOMIRROR, 5, 13, G_TX_WRAP | G_TX_NOMIRROR, 5, 13),
	gsDPSetTileSize(1, 0, 0, 124, 124),
	gsSPEndDisplayList(),
};

Gfx mat_revert_Intro_f3d_material_013_layer1[] = {
	gsSPSetGeometryMode(G_LIGHTING),
	gsDPPipeSync(),
	gsDPSetAlphaDither(G_AD_DISABLE),
	gsDPSetCycleType(G_CYC_1CYCLE),
	gsDPSetRenderMode(G_RM_AA_ZB_OPA_SURF, G_RM_AA_ZB_OPA_SURF2),
	gsSPEndDisplayList(),
};

Gfx Intro_Cube_mesh[] = {
	gsSPClearGeometryMode(G_LIGHTING),
	gsSPVertex(Intro_Cube_mesh_vtx_cull + 0, 8, 0),
	gsSPSetGeometryMode(G_LIGHTING),
	gsSPCullDisplayList(0, 7),
	gsSPDisplayList(mat_Intro_f3d_material),
	gsSPDisplayList(Intro_Cube_mesh_tri_0),
	gsSPDisplayList(mat_revert_Intro_f3d_material),
	gsSPDisplayList(mat_Intro_f3d_material_001),
	gsSPDisplayList(Intro_Cube_mesh_tri_1),
	gsSPDisplayList(mat_revert_Intro_f3d_material_001),
	gsSPDisplayList(mat_Intro_f3d_material_002),
	gsSPDisplayList(Intro_Cube_mesh_tri_2),
	gsSPDisplayList(mat_revert_Intro_f3d_material_002),
	gsSPDisplayList(mat_Intro_f3d_material_003),
	gsSPDisplayList(Intro_Cube_mesh_tri_3),
	gsSPDisplayList(mat_revert_Intro_f3d_material_003),
	gsSPDisplayList(mat_Intro_f3d_material_004),
	gsSPDisplayList(Intro_Cube_mesh_tri_4),
	gsSPDisplayList(mat_revert_Intro_f3d_material_004),
	gsSPDisplayList(mat_Intro_f3d_material_005),
	gsSPDisplayList(Intro_Cube_mesh_tri_5),
	gsSPDisplayList(mat_revert_Intro_f3d_material_005),
	gsSPDisplayList(mat_Intro_f3d_material_006),
	gsSPDisplayList(Intro_Cube_mesh_tri_6),
	gsSPDisplayList(mat_revert_Intro_f3d_material_006),
	gsSPDisplayList(mat_Intro_f3d_material_008_layer1),
	gsSPDisplayList(Intro_Cube_mesh_tri_7),
	gsSPDisplayList(mat_revert_Intro_f3d_material_008_layer1),
	gsSPDisplayList(mat_Intro_f3d_material_012),
	gsSPDisplayList(Intro_Cube_mesh_tri_8),
	gsSPDisplayList(mat_revert_Intro_f3d_material_012),
	gsSPDisplayList(mat_Intro_f3d_material_013_layer1),
	gsSPDisplayList(Intro_Cube_mesh_tri_9),
	gsSPDisplayList(mat_revert_Intro_f3d_material_013_layer1),
	gsDPPipeSync(),
	gsSPSetGeometryMode(G_LIGHTING),
	gsSPClearGeometryMode(G_TEXTURE_GEN),
	gsDPSetCombineLERP(0, 0, 0, SHADE, 0, 0, 0, ENVIRONMENT, 0, 0, 0, SHADE, 0, 0, 0, ENVIRONMENT),
	gsSPTexture(65535, 65535, 0, 0, 0),
	gsSPEndDisplayList(),
};

